Godot Engine v4.6.2.stable.official.71f334935 - https://godotengine.org

[   0% ] [90m[1mfirst_scan_filesystem[22m | Started Project initialization (5 steps)[39m[0m
[   0% ] [90m[1mfirst_scan_filesystem[22m | Scanning file structure...[39m[0m
[  16% ] [90m[1mfirst_scan_filesystem[22m | Loading global class names...[39m[0m
[  33% ] [90m[1mfirst_scan_filesystem[22m | Verifying GDExtensions...[39m[0m
[  50% ] [90m[1mfirst_scan_filesystem[22m | Creating autoload scripts...[39m[0m
[  66% ] [90m[1mfirst_scan_filesystem[22m | Initializing plugins...[39m[0m
[  83% ] [90m[1mfirst_scan_filesystem[22m | Starting file scan...[39m[0m
[92m[ DONE ][39m [1mfirst_scan_filesystem[22m
[0m
[   0% ] [90m[1mupdate_scripts_classes[22m | Started Registering global classes... (18 steps)[39m[0m
[   0% ] [90m[1mupdate_scripts_classes[22m | [39m[0m
[   5% ] [90m[1mupdate_scripts_classes[22m | [39m[0m
[  10% ] [90m[1mupdate_scripts_classes[22m | [39m[0m
[  15% ] [90m[1mupdate_scripts_classes[22m | [39m[0m
[  21% ] [90m[1mupdate_scripts_classes[22m | [39m[0m
[  26% ] [90m[1mupdate_scripts_classes[22m | [39m[0m
[  31% ] [90m[1mupdate_scripts_classes[22m | [39m[0m
[  36% ] [90m[1mupdate_scripts_classes[22m | [39m[0m
[  42% ] [90m[1mupdate_scripts_classes[22m | [39m[0m
[  47% ] [90m[1mupdate_scripts_classes[22m | [39m[0m
[  52% ] [90m[1mupdate_scripts_classes[22m | [39m[0m
[  57% ] [90m[1mupdate_scripts_classes[22m | BattleManager[39m[0m
[  63% ] [90m[1mupdate_scripts_classes[22m | CharacterDatabase[39m[0m
[  68% ] [90m[1mupdate_scripts_classes[22m | [39m[0m
[  73% ] [90m[1mupdate_scripts_classes[22m | [39m[0m
[  78% ] [90m[1mupdate_scripts_classes[22m | [39m[0m
[  84% ] [90m[1mupdate_scripts_classes[22m | [39m[0m
[  89% ] [90m[1mupdate_scripts_classes[22m | [39m[0m
[92m[ DONE ][39m [1mupdate_scripts_classes[22m
[0m
[   0% ] [90m[1m_update_scan_actions[22m | Started Scanning actions... (3493 steps)[39m[0m
[   0% ] [90m[1m_update_scan_actions[22m | mineneprof.png[39m[0m
[   0% ] [90m[1m_update_scan_actions[22m | law1.png[39m[0m
[   0% ] [90m[1m_update_scan_actions[22m | law2.png[39m[0m
[   0% ] [90m[1m_update_scan_actions[22m | law3.png[39m[0m
[   0% ] [90m[1m_update_scan_actions[22m | law4.png[39m[0m
[   0% ] [90m[1m_update_scan_actions[22m | law5.png[39m[0m
[   0% ] [90m[1m_update_scan_actions[22m | lawprof.png[39m[0m
[   0% ] [90m[1m_update_scan_actions[22m | 1.png[39m[0m
[   0% ] [90m[1m_update_scan_actions[22m | 2.png[39m[0m
[   0% ] [90m[1m_update_scan_actions[22m | 3.png[39m[0m
[   0% ] [90m[1m_update_scan_actions[22m | 4.png[39m[0m
[   0% ] [90m[1m_update_scan_actions[22m | 5.png[39m[0m
[   0% ] [90m[1m_update_scan_actions[22m | 6.png[39m[0m
[   0% ] [90m[1m_update_scan_actions[22m | 7.png[39m[0m
[   0% ] [90m[1m_update_scan_actions[22m | 8.png[39m[0m
[   0% ] [90m[1m_update_scan_actions[22m | 9.png[39m[0m
[   0% ] [90m[1m_update_scan_actions[22m | 10.png[39m[0m
[   0% ] [90m[1m_update_scan_actions[22m | 11.png[39m[0m
[   0% ] [90m[1m_update_scan_actions[22m | 12.png[39m[0m
[   0% ] [90m[1m_update_scan_actions[22m | 13.png[39m[0m
[   0% ] [90m[1m_update_scan_actions[22m | 14.png[39m[0m
[   0% ] [90m[1m_update_scan_actions[22m | 15.png[39m[0m
[   0% ] [90m[1m_update_scan_actions[22m | 16.png[39m[0m
[   0% ] [90m[1m_update_scan_actions[22m | 17.png[39m[0m
[   0% ] [90m[1m_update_scan_actions[22m | 18.png[39m[0m
[   0% ] [90m[1m_update_scan_actions[22m | 19.png[39m[0m
[   0% ] [90m[1m_update_scan_actions[22m | 20.png[39m[0m
[   0% ] [90m[1m_update_scan_actions[22m | 21.png[39m[0m
[   0% ] [90m[1m_update_scan_actions[22m | 22.png[39m[0m
[   0% ] [90m[1m_update_scan_actions[22m | 23.png[39m[0m
[   0% ] [90m[1m_update_scan_actions[22m | 24.png[39m[0m
[   0% ] [90m[1m_update_scan_actions[22m | 25.png[39m[0m
[   0% ] [90m[1m_update_scan_actions[22m | 26.png[39m[0m
[   0% ] [90m[1m_update_scan_actions[22m | 27.png[39m[0m
[   0% ] [90m[1m_update_scan_actions[22m | 28.png[39m[0m
[   1% ] [90m[1m_update_scan_actions[22m | 29.png[39m[0m
[   1% ] [90m[1m_update_scan_actions[22m | 30.png[39m[0m
[   1% ] [90m[1m_update_scan_actions[22m | 31.png[39m[0m
[   1% ] [90m[1m_update_scan_actions[22m | 32.png[39m[0m
[   1% ] [90m[1m_update_scan_actions[22m | 33.png[39m[0m
[   1% ] [90m[1m_update_scan_actions[22m | 34.png[39m[0m
[   1% ] [90m[1m_update_scan_actions[22m | 35.png[39m[0m
[   1% ] [90m[1m_update_scan_actions[22m | 36.png[39m[0m
[   1% ] [90m[1m_update_scan_actions[22m | 37.png[39m[0m
[   1% ] [90m[1m_update_scan_actions[22m | 38.png[39m[0m
[   1% ] [90m[1m_update_scan_actions[22m | 39.png[39m[0m
[   1% ] [90m[1m_update_scan_actions[22m | 40.png[39m[0m
[   1% ] [90m[1m_update_scan_actions[22m | 41.png[39m[0m
[   1% ] [90m[1m_update_scan_actions[22m | 42.png[39m[0m
[   1% ] [90m[1m_update_scan_actions[22m | 43.png[39m[0m
[   1% ] [90m[1m_update_scan_actions[22m | 44.png[39m[0m
[   1% ] [90m[1m_update_scan_actions[22m | 45.png[39m[0m
[   1% ] [90m[1m_update_scan_actions[22m | 46.png[39m[0m
[   1% ] [90m[1m_update_scan_actions[22m | 47.png[39m[0m
[   1% ] [90m[1m_update_scan_actions[22m | 48.png[39m[0m
[   1% ] [90m[1m_update_scan_actions[22m | 49.png[39m[0m
[   1% ] [90m[1m_update_scan_actions[22m | 50.png[39m[0m
[   1% ] [90m[1m_update_scan_actions[22m | 51.png[39m[0m
[   1% ] [90m[1m_update_scan_actions[22m | 52.png[39m[0m
[   1% ] [90m[1m_update_scan_actions[22m | 53.png[39m[0m
[   1% ] [90m[1m_update_scan_actions[22m | 54.png[39m[0m
[   1% ] [90m[1m_update_scan_actions[22m | 55.png[39m[0m
[   1% ] [90m[1m_update_scan_actions[22m | 56.png[39m[0m
[   1% ] [90m[1m_update_scan_actions[22m | 57.png[39m[0m
[   1% ] [90m[1m_update_scan_actions[22m | 58.png[39m[0m
[   1% ] [90m[1m_update_scan_actions[22m | 59.png[39m[0m
[   1% ] [90m[1m_update_scan_actions[22m | 60.png[39m[0m
[   1% ] [90m[1m_update_scan_actions[22m | 61.png[39m[0m
[   1% ] [90m[1m_update_scan_actions[22m | 62.png[39m[0m
[   1% ] [90m[1m_update_scan_actions[22m | 63.png[39m[0m
[   2% ] [90m[1m_update_scan_actions[22m | 64.png[39m[0m
[   2% ] [90m[1m_update_scan_actions[22m | 65.png[39m[0m
[   2% ] [90m[1m_update_scan_actions[22m | 66.png[39m[0m
[   2% ] [90m[1m_update_scan_actions[22m | 67.png[39m[0m
[   2% ] [90m[1m_update_scan_actions[22m | 68.png[39m[0m
[   2% ] [90m[1m_update_scan_actions[22m | 69.png[39m[0m
[   2% ] [90m[1m_update_scan_actions[22m | 70.png[39m[0m
[   2% ] [90m[1m_update_scan_actions[22m | 71.png[39m[0m
[   2% ] [90m[1m_update_scan_actions[22m | 72.png[39m[0m
[   2% ] [90m[1m_update_scan_actions[22m | angywendy.png[39m[0m
[   2% ] [90m[1m_update_scan_actions[22m | avenger.png[39m[0m
[   2% ] [90m[1m_update_scan_actions[22m | bandcamp.png[39m[0m
[   2% ] [90m[1m_update_scan_actions[22m | bornkiller.png[39m[0m
[   2% ] [90m[1m_update_scan_actions[22m | copyninja.png[39m[0m
[   2% ] [90m[1m_update_scan_actions[22m | digiemperor.png[39m[0m
[   2% ] [90m[1m_update_scan_actions[22m | hikari.png[39m[0m
[   2% ] [90m[1m_update_scan_actions[22m | kazari.png[39m[0m
[   2% ] [90m[1m_update_scan_actions[22m | misakaprof.png[39m[0m
[   2% ] [90m[1m_update_scan_actions[22m | mugiwara.png[39m[0m
[   2% ] [90m[1m_update_scan_actions[22m | nuhuhuh.png[39m[0m
[   2% ] [90m[1m_update_scan_actions[22m | ripper.png[39m[0m
[   2% ] [90m[1m_update_scan_actions[22m | shannaro.png[39m[0m
[   2% ] [90m[1m_update_scan_actions[22m | shinigamisama.png[39m[0m
[   2% ] [90m[1m_update_scan_actions[22m | sleepysensei.png[39m[0m
[   2% ] [90m[1m_update_scan_actions[22m | tatsumaki3.png[39m[0m
[   2% ] [90m[1m_update_scan_actions[22m | toko_toda.png[39m[0m
[   2% ] [90m[1m_update_scan_actions[22m | background_charselect_default.png[39m[0m
[   2% ] [90m[1m_update_scan_actions[22m | background_charselect_default_light.png[39m[0m
[   2% ] [90m[1m_update_scan_actions[22m | background_charselect_light.png[39m[0m
[   2% ] [90m[1m_update_scan_actions[22m | background_ingame_ace.png[39m[0m
[   2% ] [90m[1m_update_scan_actions[22m | background_ingame_akame.png[39m[0m
[   2% ] [90m[1m_update_scan_actions[22m | background_ingame_default.png[39m[0m
[   2% ] [90m[1m_update_scan_actions[22m | background_ingame_gatomon.png[39m[0m
[   2% ] [90m[1m_update_scan_actions[22m | background_ingame_jack.png[39m[0m
[   2% ] [90m[1m_update_scan_actions[22m | background_ingame_luffy.png[39m[0m
[   3% ] [90m[1m_update_scan_actions[22m | background_ingame_mavis.png[39m[0m
[   3% ] [90m[1m_update_scan_actions[22m | background_ingame_misaka.png[39m[0m
[   3% ] [90m[1m_update_scan_actions[22m | background_ingame_nezuko.png[39m[0m
[   3% ] [90m[1m_update_scan_actions[22m | background_ingame_saber.png[39m[0m
[   3% ] [90m[1m_update_scan_actions[22m | background_ingame_sayaka.png[39m[0m
[   3% ] [90m[1m_update_scan_actions[22m | background_ingame_shiro.png[39m[0m
[   3% ] [90m[1m_update_scan_actions[22m | against.png[39m[0m
[   3% ] [90m[1m_update_scan_actions[22m | air.png[39m[0m
[   3% ] [90m[1m_update_scan_actions[22m | assassin.png[39m[0m
[   3% ] [90m[1m_update_scan_actions[22m | beast.png[39m[0m
[   3% ] [90m[1m_update_scan_actions[22m | black bulls.png[39m[0m
[   3% ] [90m[1m_update_scan_actions[22m | blood.png[39m[0m
[   3% ] [90m[1m_update_scan_actions[22m | bounty_button_panel.png[39m[0m
[   3% ] [90m[1m_update_scan_actions[22m | bounty_menu_panel.png[39m[0m
[   3% ] [90m[1m_update_scan_actions[22m | bow.png[39m[0m
[   3% ] [90m[1m_update_scan_actions[22m | brawler.png[39m[0m
[   3% ] [90m[1m_update_scan_actions[22m | completed.png[39m[0m
[   3% ] [90m[1m_update_scan_actions[22m | defender.png[39m[0m
[   3% ] [90m[1m_update_scan_actions[22m | digimon.png[39m[0m
[   3% ] [90m[1m_update_scan_actions[22m | earth.png[39m[0m
[   3% ] [90m[1m_update_scan_actions[22m | esper.png[39m[0m
[   3% ] [90m[1m_update_scan_actions[22m | eye.png[39m[0m
[   3% ] [90m[1m_update_scan_actions[22m | fairy tail.png[39m[0m
[   3% ] [90m[1m_update_scan_actions[22m | fire.png[39m[0m
[   3% ] [90m[1m_update_scan_actions[22m | gun.png[39m[0m
[   3% ] [90m[1m_update_scan_actions[22m | hero.png[39m[0m
[   3% ] [90m[1m_update_scan_actions[22m | ice.png[39m[0m
[   3% ] [90m[1m_update_scan_actions[22m | leader.png[39m[0m
[   3% ] [90m[1m_update_scan_actions[22m | lightning.png[39m[0m
[   3% ] [90m[1m_update_scan_actions[22m | mage.png[39m[0m
[   3% ] [90m[1m_update_scan_actions[22m | magical girl.png[39m[0m
[   3% ] [90m[1m_update_scan_actions[22m | night raid.png[39m[0m
[   3% ] [90m[1m_update_scan_actions[22m | ninja.png[39m[0m
[   3% ] [90m[1m_update_scan_actions[22m | ninjaholo2.png[39m[0m
[   3% ] [90m[1m_update_scan_actions[22m | ninjaholo3.png[39m[0m
[   4% ] [90m[1m_update_scan_actions[22m | ninjaholo.png[39m[0m
[   4% ] [90m[1m_update_scan_actions[22m | pirate.png[39m[0m
[   4% ] [90m[1m_update_scan_actions[22m | rap_sheet_panel.png[39m[0m
[   4% ] [90m[1m_update_scan_actions[22m | scythe.png[39m[0m
[   4% ] [90m[1m_update_scan_actions[22m | selected_mission_panel.png[39m[0m
[   4% ] [90m[1m_update_scan_actions[22m | servant.png[39m[0m
[   4% ] [90m[1m_update_scan_actions[22m | shadow.png[39m[0m
[   4% ] [90m[1m_update_scan_actions[22m | shinigami.png[39m[0m
[   4% ] [90m[1m_update_scan_actions[22m | sins.png[39m[0m
[   4% ] [90m[1m_update_scan_actions[22m | sound.png[39m[0m
[   4% ] [90m[1m_update_scan_actions[22m | strawhat.png[39m[0m
[   4% ] [90m[1m_update_scan_actions[22m | sword.png[39m[0m
[   4% ] [90m[1m_update_scan_actions[22m | target_bounty_panel.png[39m[0m
[   4% ] [90m[1m_update_scan_actions[22m | team 7.png[39m[0m
[   4% ] [90m[1m_update_scan_actions[22m | tech.png[39m[0m
[   4% ] [90m[1m_update_scan_actions[22m | undead.png[39m[0m
[   4% ] [90m[1m_update_scan_actions[22m | versus.png[39m[0m
[   4% ] [90m[1m_update_scan_actions[22m | villain.png[39m[0m
[   4% ] [90m[1m_update_scan_actions[22m | vongola.png[39m[0m
[   4% ] [90m[1m_update_scan_actions[22m | vs.png[39m[0m
[   4% ] [90m[1m_update_scan_actions[22m | water.png[39m[0m
[   4% ] [90m[1m_update_scan_actions[22m | with.png[39m[0m
[   4% ] [90m[1m_update_scan_actions[22m | ashehat.png[39m[0m
[   4% ] [90m[1m_update_scan_actions[22m | hat_event_christmas.png[39m[0m
[   4% ] [90m[1m_update_scan_actions[22m | hat_mastery_aang.png[39m[0m
[   4% ] [90m[1m_update_scan_actions[22m | hat_mastery_ace.png[39m[0m
[   4% ] [90m[1m_update_scan_actions[22m | hat_mastery_akame.png[39m[0m
[   4% ] [90m[1m_update_scan_actions[22m | hat_mastery_alphamon.png[39m[0m
[   4% ] [90m[1m_update_scan_actions[22m | hat_mastery_alphonse.png[39m[0m
[   4% ] [90m[1m_update_scan_actions[22m | hat_mastery_asta.png[39m[0m
[   4% ] [90m[1m_update_scan_actions[22m | hat_mastery_bakugo.png[39m[0m
[   4% ] [90m[1m_update_scan_actions[22m | hat_mastery_ban.png[39m[0m
[   4% ] [90m[1m_update_scan_actions[22m | hat_mastery_blackstar.png[39m[0m
[   4% ] [90m[1m_update_scan_actions[22m | hat_mastery_boruto.png[39m[0m
[   4% ] [90m[1m_update_scan_actions[22m | hat_mastery_byakuya.png[39m[0m
[   5% ] [90m[1m_update_scan_actions[22m | hat_mastery_chrome.png[39m[0m
[   5% ] [90m[1m_update_scan_actions[22m | hat_mastery_crona.png[39m[0m
[   5% ] [90m[1m_update_scan_actions[22m | hat_mastery_diane.png[39m[0m
[   5% ] [90m[1m_update_scan_actions[22m | hat_mastery_edward.png[39m[0m
[   5% ] [90m[1m_update_scan_actions[22m | hat_mastery_emiya.png[39m[0m
[   5% ] [90m[1m_update_scan_actions[22m | hat_mastery_emiyaarcher.png[39m[0m
[   5% ] [90m[1m_update_scan_actions[22m | hat_mastery_eren.png[39m[0m
[   5% ] [90m[1m_update_scan_actions[22m | hat_mastery_erza.png[39m[0m
[   5% ] [90m[1m_update_scan_actions[22m | hat_mastery_esdeath.png[39m[0m
[   5% ] [90m[1m_update_scan_actions[22m | hat_mastery_frankenstein.png[39m[0m
[   5% ] [90m[1m_update_scan_actions[22m | hat_mastery_frieren.png[39m[0m
[   5% ] [90m[1m_update_scan_actions[22m | hat_mastery_gallantmon.png[39m[0m
[   5% ] [90m[1m_update_scan_actions[22m | hat_mastery_ganta.png[39m[0m
[   5% ] [90m[1m_update_scan_actions[22m | hat_mastery_gatomon.png[39m[0m
[   5% ] [90m[1m_update_scan_actions[22m | hat_mastery_genos.png[39m[0m
[   5% ] [90m[1m_update_scan_actions[22m | hat_mastery_gilgamesh.png[39m[0m
[   5% ] [90m[1m_update_scan_actions[22m | hat_mastery_gogeta.png[39m[0m
[   5% ] [90m[1m_update_scan_actions[22m | hat_mastery_gojo.png[39m[0m
[   5% ] [90m[1m_update_scan_actions[22m | hat_mastery_goku.png[39m[0m
[   5% ] [90m[1m_update_scan_actions[22m | hat_mastery_gon.png[39m[0m
[   5% ] [90m[1m_update_scan_actions[22m | hat_mastery_gray.png[39m[0m
[   5% ] [90m[1m_update_scan_actions[22m | hat_mastery_gunha.png[39m[0m
[   5% ] [90m[1m_update_scan_actions[22m | hat_mastery_hashirama.png[39m[0m
[   5% ] [90m[1m_update_scan_actions[22m | hat_mastery_hawkmon.png[39m[0m
[   5% ] [90m[1m_update_scan_actions[22m | hat_mastery_hinata.png[39m[0m
[   5% ] [90m[1m_update_scan_actions[22m | hat_mastery_hisoka.png[39m[0m
[   5% ] [90m[1m_update_scan_actions[22m | hat_mastery_horohoro.png[39m[0m
[   5% ] [90m[1m_update_scan_actions[22m | hat_mastery_ichibe.png[39m[0m
[   5% ] [90m[1m_update_scan_actions[22m | hat_mastery_ichigo.png[39m[0m
[   5% ] [90m[1m_update_scan_actions[22m | hat_mastery_inosuke.png[39m[0m
[   5% ] [90m[1m_update_scan_actions[22m | hat_mastery_inuyasha.png[39m[0m
[   5% ] [90m[1m_update_scan_actions[22m | hat_mastery_jack.png[39m[0m
[   5% ] [90m[1m_update_scan_actions[22m | hat_mastery_jaden.png[39m[0m
[   5% ] [90m[1m_update_scan_actions[22m | hat_mastery_jeanne.png[39m[0m
[   5% ] [90m[1m_update_scan_actions[22m | hat_mastery_jesse.png[39m[0m
[   6% ] [90m[1m_update_scan_actions[22m | hat_mastery_jupiter.png[39m[0m
[   6% ] [90m[1m_update_scan_actions[22m | hat_mastery_kaiba.png[39m[0m
[   6% ] [90m[1m_update_scan_actions[22m | hat_mastery_kakashi.png[39m[0m
[   6% ] [90m[1m_update_scan_actions[22m | hat_mastery_kaneki.png[39m[0m
[   6% ] [90m[1m_update_scan_actions[22m | hat_mastery_ken.png[39m[0m
[   6% ] [90m[1m_update_scan_actions[22m | hat_mastery_kid.png[39m[0m
[   6% ] [90m[1m_update_scan_actions[22m | hat_mastery_killua.png[39m[0m
[   6% ] [90m[1m_update_scan_actions[22m | hat_mastery_king.png[39m[0m
[   6% ] [90m[1m_update_scan_actions[22m | hat_mastery_koro.png[39m[0m
[   6% ] [90m[1m_update_scan_actions[22m | hat_mastery_korra.png[39m[0m
[   6% ] [90m[1m_update_scan_actions[22m | hat_mastery_kurapika.png[39m[0m
[   6% ] [90m[1m_update_scan_actions[22m | hat_mastery_kuroko.png[39m[0m
[   6% ] [90m[1m_update_scan_actions[22m | hat_mastery_ladydevimon.png[39m[0m
[   6% ] [90m[1m_update_scan_actions[22m | hat_mastery_lizandpatty.png[39m[0m
[   6% ] [90m[1m_update_scan_actions[22m | hat_mastery_lucy.png[39m[0m
[   6% ] [90m[1m_update_scan_actions[22m | hat_mastery_luffy.png[39m[0m
[   6% ] [90m[1m_update_scan_actions[22m | hat_mastery_machinedramon.png[39m[0m
[   6% ] [90m[1m_update_scan_actions[22m | hat_mastery_madoka.png[39m[0m
[   6% ] [90m[1m_update_scan_actions[22m | hat_mastery_maka.png[39m[0m
[   6% ] [90m[1m_update_scan_actions[22m | hat_mastery_mami.png[39m[0m
[   6% ] [90m[1m_update_scan_actions[22m | hat_mastery_marco.png[39m[0m
[   6% ] [90m[1m_update_scan_actions[22m | hat_mastery_mars.png[39m[0m
[   6% ] [90m[1m_update_scan_actions[22m | hat_mastery_mash.png[39m[0m
[   6% ] [90m[1m_update_scan_actions[22m | hat_mastery_megumi.png[39m[0m
[   6% ] [90m[1m_update_scan_actions[22m | hat_mastery_megumin.png[39m[0m
[   6% ] [90m[1m_update_scan_actions[22m | hat_mastery_meliodas.png[39m[0m
[   6% ] [90m[1m_update_scan_actions[22m | hat_mastery_mercury.png[39m[0m
[   6% ] [90m[1m_update_scan_actions[22m | hat_mastery_midoriya.png[39m[0m
[   6% ] [90m[1m_update_scan_actions[22m | hat_mastery_mikasa.png[39m[0m
[   6% ] [90m[1m_update_scan_actions[22m | hat_mastery_mine.png[39m[0m
[   6% ] [90m[1m_update_scan_actions[22m | hat_mastery_misaka.png[39m[0m
[   6% ] [90m[1m_update_scan_actions[22m | hat_mastery_muichiro.png[39m[0m
[   6% ] [90m[1m_update_scan_actions[22m | hat_mastery_myotismon.png[39m[0m
[   6% ] [90m[1m_update_scan_actions[22m | hat_mastery_nagisa.png[39m[0m
[   6% ] [90m[1m_update_scan_actions[22m | hat_mastery_naruto.png[39m[0m
[   7% ] [90m[1m_update_scan_actions[22m | hat_mastery_natsu.png[39m[0m
[   7% ] [90m[1m_update_scan_actions[22m | hat_mastery_neferpitou.png[39m[0m
[   7% ] [90m[1m_update_scan_actions[22m | hat_mastery_nel.png[39m[0m
[   7% ] [90m[1m_update_scan_actions[22m | hat_mastery_nezuko.png[39m[0m
[   7% ] [90m[1m_update_scan_actions[22m | hat_mastery_nimaiya.png[39m[0m
[   7% ] [90m[1m_update_scan_actions[22m | hat_mastery_nobara.png[39m[0m
[   7% ] [90m[1m_update_scan_actions[22m | hat_mastery_noelle.png[39m[0m
[   7% ] [90m[1m_update_scan_actions[22m | hat_mastery_nonon.png[39m[0m
[   7% ] [90m[1m_update_scan_actions[22m | hat_mastery_omnimon.png[39m[0m
[   7% ] [90m[1m_update_scan_actions[22m | hat_mastery_orihime.png[39m[0m
[   7% ] [90m[1m_update_scan_actions[22m | hat_mastery_pegasus.png[39m[0m
[   7% ] [90m[1m_update_scan_actions[22m | hat_mastery_renamon.png[39m[0m
[   7% ] [90m[1m_update_scan_actions[22m | hat_mastery_rengoku.png[39m[0m
[   7% ] [90m[1m_update_scan_actions[22m | hat_mastery_rimuru.png[39m[0m
[   7% ] [90m[1m_update_scan_actions[22m | hat_mastery_rob.png[39m[0m
[   7% ] [90m[1m_update_scan_actions[22m | hat_mastery_ryohei.png[39m[0m
[   7% ] [90m[1m_update_scan_actions[22m | hat_mastery_ryuko.png[39m[0m
[   7% ] [90m[1m_update_scan_actions[22m | hat_mastery_saber.png[39m[0m
[   7% ] [90m[1m_update_scan_actions[22m | hat_mastery_saitama.png[39m[0m
[   7% ] [90m[1m_update_scan_actions[22m | hat_mastery_sakura.png[39m[0m
[   7% ] [90m[1m_update_scan_actions[22m | hat_mastery_sasuke.png[39m[0m
[   7% ] [90m[1m_update_scan_actions[22m | hat_mastery_satsuki.png[39m[0m
[   7% ] [90m[1m_update_scan_actions[22m | hat_mastery_saturn.png[39m[0m
[   7% ] [90m[1m_update_scan_actions[22m | hat_mastery_sayaka.png[39m[0m
[   7% ] [90m[1m_update_scan_actions[22m | hat_mastery_semiramis.png[39m[0m
[   7% ] [90m[1m_update_scan_actions[22m | hat_mastery_sheele.png[39m[0m
[   7% ] [90m[1m_update_scan_actions[22m | hat_mastery_shinoa.png[39m[0m
[   7% ] [90m[1m_update_scan_actions[22m | hat_mastery_shinra.png[39m[0m
[   7% ] [90m[1m_update_scan_actions[22m | hat_mastery_shiro.png[39m[0m
[   7% ] [90m[1m_update_scan_actions[22m | hat_mastery_shokuhou.png[39m[0m
[   7% ] [90m[1m_update_scan_actions[22m | hat_mastery_soul.png[39m[0m
[   7% ] [90m[1m_update_scan_actions[22m | hat_mastery_squalo.png[39m[0m
[   7% ] [90m[1m_update_scan_actions[22m | hat_mastery_sukuna.png[39m[0m
[   7% ] [90m[1m_update_scan_actions[22m | hat_mastery_tamaki.png[39m[0m
[   7% ] [90m[1m_update_scan_actions[22m | hat_mastery_tanjiro.png[39m[0m
[   8% ] [90m[1m_update_scan_actions[22m | hat_mastery_tatsumaki.png[39m[0m
[   8% ] [90m[1m_update_scan_actions[22m | hat_mastery_tatsumi.png[39m[0m
[   8% ] [90m[1m_update_scan_actions[22m | hat_mastery_todoroki.png[39m[0m
[   8% ] [90m[1m_update_scan_actions[22m | hat_mastery_toga.png[39m[0m
[   8% ] [90m[1m_update_scan_actions[22m | hat_mastery_tokoyami.png[39m[0m
[   8% ] [90m[1m_update_scan_actions[22m | hat_mastery_toph.png[39m[0m
[   8% ] [90m[1m_update_scan_actions[22m | hat_mastery_toudou.png[39m[0m
[   8% ] [90m[1m_update_scan_actions[22m | hat_mastery_touka.png[39m[0m
[   8% ] [90m[1m_update_scan_actions[22m | hat_mastery_tsubaki.png[39m[0m
[   8% ] [90m[1m_update_scan_actions[22m | hat_mastery_tsunayoshi.png[39m[0m
[   8% ] [90m[1m_update_scan_actions[22m | hat_mastery_tsuyu.png[39m[0m
[   8% ] [90m[1m_update_scan_actions[22m | hat_mastery_uraraka.png[39m[0m
[   8% ] [90m[1m_update_scan_actions[22m | hat_mastery_uryuu.png[39m[0m
[   8% ] [90m[1m_update_scan_actions[22m | hat_mastery_usopp.png[39m[0m
[   8% ] [90m[1m_update_scan_actions[22m | hat_mastery_uzui.png[39m[0m
[   8% ] [90m[1m_update_scan_actions[22m | hat_mastery_vegeta.png[39m[0m
[   8% ] [90m[1m_update_scan_actions[22m | hat_mastery_venus.png[39m[0m
[   8% ] [90m[1m_update_scan_actions[22m | hat_mastery_xanxus.png[39m[0m
[   8% ] [90m[1m_update_scan_actions[22m | hat_mastery_yamamoto.png[39m[0m
[   8% ] [90m[1m_update_scan_actions[22m | hat_mastery_yoh.png[39m[0m
[   8% ] [90m[1m_update_scan_actions[22m | hat_mastery_yuji.png[39m[0m
[   8% ] [90m[1m_update_scan_actions[22m | hat_mastery_yuno.png[39m[0m
[   8% ] [90m[1m_update_scan_actions[22m | hat_mastery_zenitsu.png[39m[0m
[   8% ] [90m[1m_update_scan_actions[22m | hat_mastery_zoro.png[39m[0m
[   8% ] [90m[1m_update_scan_actions[22m | hat_player_cheshire.png[39m[0m
[   8% ] [90m[1m_update_scan_actions[22m | hokage.png[39m[0m
[   8% ] [90m[1m_update_scan_actions[22m | jinch.png[39m[0m
[   8% ] [90m[1m_update_scan_actions[22m | kaakuzu.png[39m[0m
[   8% ] [90m[1m_update_scan_actions[22m | kaneki.png[39m[0m
[   8% ] [90m[1m_update_scan_actions[22m | redsusanoo.png[39m[0m
[   8% ] [90m[1m_update_scan_actions[22m | sadorank.png[39m[0m
[   8% ] [90m[1m_update_scan_actions[22m | sasukesus.png[39m[0m
[   8% ] [90m[1m_update_scan_actions[22m | shenron.png[39m[0m
[   8% ] [90m[1m_update_scan_actions[22m | strawhat.png[39m[0m
[   8% ] [90m[1m_update_scan_actions[22m | CharacterPortrait_aang.png[39m[0m
[   9% ] [90m[1m_update_scan_actions[22m | CharacterPortrait_akame.png[39m[0m
[   9% ] [90m[1m_update_scan_actions[22m | CharacterPortrait_asta.png[39m[0m
[   9% ] [90m[1m_update_scan_actions[22m | CharacterPortrait_bakugo.png[39m[0m
[   9% ] [90m[1m_update_scan_actions[22m | CharacterPortrait_diane.png[39m[0m
[   9% ] [90m[1m_update_scan_actions[22m | CharacterPortrait_eren.png[39m[0m
[   9% ] [90m[1m_update_scan_actions[22m | CharacterPortrait_ganta.png[39m[0m
[   9% ] [90m[1m_update_scan_actions[22m | CharacterPortrait_genos.png[39m[0m
[   9% ] [90m[1m_update_scan_actions[22m | CharacterPortrait_gilgamesh.png[39m[0m
[   9% ] [90m[1m_update_scan_actions[22m | CharacterPortrait_gon.png[39m[0m
[   9% ] [90m[1m_update_scan_actions[22m | CharacterPortrait_gray.png[39m[0m
[   9% ] [90m[1m_update_scan_actions[22m | CharacterPortrait_ichigo.png[39m[0m
[   9% ] [90m[1m_update_scan_actions[22m | CharacterPortrait_jack.png[39m[0m
[   9% ] [90m[1m_update_scan_actions[22m | CharacterPortrait_ken.png[39m[0m
[   9% ] [90m[1m_update_scan_actions[22m | CharacterPortrait_killua.png[39m[0m
[   9% ] [90m[1m_update_scan_actions[22m | CharacterPortrait_king.png[39m[0m
[   9% ] [90m[1m_update_scan_actions[22m | CharacterPortrait_korra.png[39m[0m
[   9% ] [90m[1m_update_scan_actions[22m | CharacterPortrait_kurapika.png[39m[0m
[   9% ] [90m[1m_update_scan_actions[22m | CharacterPortrait_kuroko.png[39m[0m
[   9% ] [90m[1m_update_scan_actions[22m | CharacterPortrait_lapucelle.png[39m[0m
[   9% ] [90m[1m_update_scan_actions[22m | CharacterPortrait_lucy.png[39m[0m
[   9% ] [90m[1m_update_scan_actions[22m | CharacterPortrait_luffy.png[39m[0m
[   9% ] [90m[1m_update_scan_actions[22m | CharacterPortrait_madoka.png[39m[0m
[   9% ] [90m[1m_update_scan_actions[22m | CharacterPortrait_maka.png[39m[0m
[   9% ] [90m[1m_update_scan_actions[22m | CharacterPortrait_meliodas.png[39m[0m
[   9% ] [90m[1m_update_scan_actions[22m | CharacterPortrait_midoriya.png[39m[0m
[   9% ] [90m[1m_update_scan_actions[22m | CharacterPortrait_mikasa.png[39m[0m
[   9% ] [90m[1m_update_scan_actions[22m | CharacterPortrait_misaka.png[39m[0m
[   9% ] [90m[1m_update_scan_actions[22m | CharacterPortrait_naruto.png[39m[0m
[   9% ] [90m[1m_update_scan_actions[22m | CharacterPortrait_natsu.png[39m[0m
[   9% ] [90m[1m_update_scan_actions[22m | CharacterPortrait_nezuko.png[39m[0m
[   9% ] [90m[1m_update_scan_actions[22m | CharacterPortrait_noelle.png[39m[0m
[   9% ] [90m[1m_update_scan_actions[22m | CharacterPortrait_nonon.png[39m[0m
[   9% ] [90m[1m_update_scan_actions[22m | CharacterPortrait_rimuru.png[39m[0m
[   9% ] [90m[1m_update_scan_actions[22m | CharacterPortrait_ruler.png[39m[0m
[   9% ] [90m[1m_update_scan_actions[22m | CharacterPortrait_ryohei.png[39m[0m
[  10% ] [90m[1m_update_scan_actions[22m | CharacterPortrait_ryuko.png[39m[0m
[  10% ] [90m[1m_update_scan_actions[22m | CharacterPortrait_saber.png[39m[0m
[  10% ] [90m[1m_update_scan_actions[22m | CharacterPortrait_saitama.png[39m[0m
[  10% ] [90m[1m_update_scan_actions[22m | CharacterPortrait_sakura.png[39m[0m
[  10% ] [90m[1m_update_scan_actions[22m | CharacterPortrait_sasuke.png[39m[0m
[  10% ] [90m[1m_update_scan_actions[22m | CharacterPortrait_satsuki.png[39m[0m
[  10% ] [90m[1m_update_scan_actions[22m | CharacterPortrait_sayaka.png[39m[0m
[  10% ] [90m[1m_update_scan_actions[22m | CharacterPortrait_sheele.png[39m[0m
[  10% ] [90m[1m_update_scan_actions[22m | CharacterPortrait_shinra.png[39m[0m
[  10% ] [90m[1m_update_scan_actions[22m | CharacterPortrait_shiro.png[39m[0m
[  10% ] [90m[1m_update_scan_actions[22m | CharacterPortrait_snowwhite.png[39m[0m
[  10% ] [90m[1m_update_scan_actions[22m | CharacterPortrait_soul.png[39m[0m
[  10% ] [90m[1m_update_scan_actions[22m | CharacterPortrait_tamaki.png[39m[0m
[  10% ] [90m[1m_update_scan_actions[22m | CharacterPortrait_tanjiro.png[39m[0m
[  10% ] [90m[1m_update_scan_actions[22m | CharacterPortrait_tatsumaki.png[39m[0m
[  10% ] [90m[1m_update_scan_actions[22m | CharacterPortrait_tatsumi.png[39m[0m
[  10% ] [90m[1m_update_scan_actions[22m | CharacterPortrait_touka.png[39m[0m
[  10% ] [90m[1m_update_scan_actions[22m | CharacterPortrait_tsuna.png[39m[0m
[  10% ] [90m[1m_update_scan_actions[22m | CharacterPortrait_uraraka.png[39m[0m
[  10% ] [90m[1m_update_scan_actions[22m | CharacterPortrait_uryuu.png[39m[0m
[  10% ] [90m[1m_update_scan_actions[22m | CharacterPortrait_usopp.png[39m[0m
[  10% ] [90m[1m_update_scan_actions[22m | CharacterPortrait_yamamoto.png[39m[0m
[  10% ] [90m[1m_update_scan_actions[22m | CharacterPortrait_yuno.png[39m[0m
[  10% ] [90m[1m_update_scan_actions[22m | CharacterPortrait_zenitsu.png[39m[0m
[  10% ] [90m[1m_update_scan_actions[22m | CharacterPortrait_zoro.png[39m[0m
[  10% ] [90m[1m_update_scan_actions[22m | portrait_color_bubblegum.png[39m[0m
[  10% ] [90m[1m_update_scan_actions[22m | portrait_color_cyan.png[39m[0m
[  10% ] [90m[1m_update_scan_actions[22m | portrait_color_darkblue.png[39m[0m
[  10% ] [90m[1m_update_scan_actions[22m | portrait_color_darkgreen.png[39m[0m
[  10% ] [90m[1m_update_scan_actions[22m | portrait_color_darkpurple.png[39m[0m
[  10% ] [90m[1m_update_scan_actions[22m | portrait_color_default.png[39m[0m
[  10% ] [90m[1m_update_scan_actions[22m | portrait_color_lightblue.png[39m[0m
[  10% ] [90m[1m_update_scan_actions[22m | portrait_color_lightgreen.png[39m[0m
[  10% ] [90m[1m_update_scan_actions[22m | portrait_color_lightpurple.png[39m[0m
[  10% ] [90m[1m_update_scan_actions[22m | portrait_color_orange.png[39m[0m
[  11% ] [90m[1m_update_scan_actions[22m | portrait_color_pink.png[39m[0m
[  11% ] [90m[1m_update_scan_actions[22m | portrait_color_red.png[39m[0m
[  11% ] [90m[1m_update_scan_actions[22m | portrait_color_yellow.png[39m[0m
[  11% ] [90m[1m_update_scan_actions[22m | portrait_frame_amethyst-onyx.png[39m[0m
[  11% ] [90m[1m_update_scan_actions[22m | portrait_frame_amethyst.png[39m[0m
[  11% ] [90m[1m_update_scan_actions[22m | portrait_frame_diamond-onyx.png[39m[0m
[  11% ] [90m[1m_update_scan_actions[22m | portrait_frame_diamond.png[39m[0m
[  11% ] [90m[1m_update_scan_actions[22m | portrait_frame_emerald-onyx.png[39m[0m
[  11% ] [90m[1m_update_scan_actions[22m | portrait_frame_emerald.png[39m[0m
[  11% ] [90m[1m_update_scan_actions[22m | portrait_frame_gold.png[39m[0m
[  11% ] [90m[1m_update_scan_actions[22m | portrait_frame_platinum.png[39m[0m
[  11% ] [90m[1m_update_scan_actions[22m | portrait_frame_ruby-onyx.png[39m[0m
[  11% ] [90m[1m_update_scan_actions[22m | portrait_frame_ruby.png[39m[0m
[  11% ] [90m[1m_update_scan_actions[22m | portrait_frame_sapphire-onyx.png[39m[0m
[  11% ] [90m[1m_update_scan_actions[22m | portrait_frame_sapphire.png[39m[0m
[  11% ] [90m[1m_update_scan_actions[22m | portrait_frame_silver.png[39m[0m
[  11% ] [90m[1m_update_scan_actions[22m | portrait_frame_topaz-onyx.png[39m[0m
[  11% ] [90m[1m_update_scan_actions[22m | portrait_frame_topaz.png[39m[0m
[  11% ] [90m[1m_update_scan_actions[22m | GamePanel_aang.png[39m[0m
[  11% ] [90m[1m_update_scan_actions[22m | GamePanel_akame.png[39m[0m
[  11% ] [90m[1m_update_scan_actions[22m | GamePanel_asta.png[39m[0m
[  11% ] [90m[1m_update_scan_actions[22m | GamePanel_bakugo.png[39m[0m
[  11% ] [90m[1m_update_scan_actions[22m | gamepanel_color_cyan.png[39m[0m
[  11% ] [90m[1m_update_scan_actions[22m | GamePanel_color_cyan_nyt.png[39m[0m
[  11% ] [90m[1m_update_scan_actions[22m | gamepanel_color_darkblue.png[39m[0m
[  11% ] [90m[1m_update_scan_actions[22m | GamePanel_color_darkblue_nyt.png[39m[0m
[  11% ] [90m[1m_update_scan_actions[22m | gamepanel_color_darkgreen.png[39m[0m
[  11% ] [90m[1m_update_scan_actions[22m | gamepanel_color_darkgreen_nyt.png[39m[0m
[  11% ] [90m[1m_update_scan_actions[22m | gamepanel_color_darkpurple.png[39m[0m
[  11% ] [90m[1m_update_scan_actions[22m | GamePanel_color_darkpurple_nyt.png[39m[0m
[  11% ] [90m[1m_update_scan_actions[22m | gamepanel_color_default.png[39m[0m
[  11% ] [90m[1m_update_scan_actions[22m | gamepanel_color_digivice.png[39m[0m
[  11% ] [90m[1m_update_scan_actions[22m | gamepanel_color_fire.png[39m[0m
[  11% ] [90m[1m_update_scan_actions[22m | gamepanel_color_gray.png[39m[0m
[  11% ] [90m[1m_update_scan_actions[22m | GamePanel_color_gray_nyt.png[39m[0m
[  12% ] [90m[1m_update_scan_actions[22m | gamepanel_color_lightblue.png[39m[0m
[  12% ] [90m[1m_update_scan_actions[22m | GamePanel_color_lightblue_nyt.png[39m[0m
[  12% ] [90m[1m_update_scan_actions[22m | gamepanel_color_lightgreen.png[39m[0m
[  12% ] [90m[1m_update_scan_actions[22m | GamePanel_color_lightgreen_nyt.png[39m[0m
[  12% ] [90m[1m_update_scan_actions[22m | gamepanel_color_lightning.png[39m[0m
[  12% ] [90m[1m_update_scan_actions[22m | gamepanel_color_lightpurple.png[39m[0m
[  12% ] [90m[1m_update_scan_actions[22m | GamePanel_color_lightpurple_nyt.png[39m[0m
[  12% ] [90m[1m_update_scan_actions[22m | gamepanel_color_ocean.png[39m[0m
[  12% ] [90m[1m_update_scan_actions[22m | gamepanel_color_orange.png[39m[0m
[  12% ] [90m[1m_update_scan_actions[22m | GamePanel_color_orange_nyt.png[39m[0m
[  12% ] [90m[1m_update_scan_actions[22m | gamepanel_color_pink.png[39m[0m
[  12% ] [90m[1m_update_scan_actions[22m | GamePanel_color_pink_nyt.png[39m[0m
[  12% ] [90m[1m_update_scan_actions[22m | GamePanel_color_red_nyt.png[39m[0m
[  12% ] [90m[1m_update_scan_actions[22m | GamePanel_color_red_yt.png[39m[0m
[  12% ] [90m[1m_update_scan_actions[22m | gamepanel_color_yellow.png[39m[0m
[  12% ] [90m[1m_update_scan_actions[22m | GamePanel_color_yellow_nyt.png[39m[0m
[  12% ] [90m[1m_update_scan_actions[22m | GamePanel_diane.png[39m[0m
[  12% ] [90m[1m_update_scan_actions[22m | GamePanel_eren.png[39m[0m
[  12% ] [90m[1m_update_scan_actions[22m | GamePanel_ganta.png[39m[0m
[  12% ] [90m[1m_update_scan_actions[22m | GamePanel_genos.png[39m[0m
[  12% ] [90m[1m_update_scan_actions[22m | GamePanel_gilgamesh.png[39m[0m
[  12% ] [90m[1m_update_scan_actions[22m | GamePanel_gon.png[39m[0m
[  12% ] [90m[1m_update_scan_actions[22m | GamePanel_gray.png[39m[0m
[  12% ] [90m[1m_update_scan_actions[22m | GamePanel_ichigo.png[39m[0m
[  12% ] [90m[1m_update_scan_actions[22m | GamePanel_jack.png[39m[0m
[  12% ] [90m[1m_update_scan_actions[22m | GamePanel_ken.png[39m[0m
[  12% ] [90m[1m_update_scan_actions[22m | GamePanel_killua.png[39m[0m
[  12% ] [90m[1m_update_scan_actions[22m | GamePanel_king.png[39m[0m
[  12% ] [90m[1m_update_scan_actions[22m | GamePanel_korra.png[39m[0m
[  12% ] [90m[1m_update_scan_actions[22m | GamePanel_kurapika.png[39m[0m
[  12% ] [90m[1m_update_scan_actions[22m | GamePanel_kuroko.png[39m[0m
[  12% ] [90m[1m_update_scan_actions[22m | GamePanel_lapucelle.png[39m[0m
[  12% ] [90m[1m_update_scan_actions[22m | GamePanel_lucy.png[39m[0m
[  12% ] [90m[1m_update_scan_actions[22m | GamePanel_luffy.png[39m[0m
[  12% ] [90m[1m_update_scan_actions[22m | GamePanel_madoka.png[39m[0m
[  13% ] [90m[1m_update_scan_actions[22m | GamePanel_maka.png[39m[0m
[  13% ] [90m[1m_update_scan_actions[22m | gamepanel_mastery_aang.png[39m[0m
[  13% ] [90m[1m_update_scan_actions[22m | gamepanel_mastery_ace.png[39m[0m
[  13% ] [90m[1m_update_scan_actions[22m | gamepanel_mastery_adam.png[39m[0m
[  13% ] [90m[1m_update_scan_actions[22m | gamepanel_mastery_aiohto.png[39m[0m
[  13% ] [90m[1m_update_scan_actions[22m | gamepanel_mastery_akame.png[39m[0m
[  13% ] [90m[1m_update_scan_actions[22m | gamepanel_mastery_allmight.png[39m[0m
[  13% ] [90m[1m_update_scan_actions[22m | gamepanel_mastery_alphamon.png[39m[0m
[  13% ] [90m[1m_update_scan_actions[22m | gamepanel_mastery_alphonse.png[39m[0m
[  13% ] [90m[1m_update_scan_actions[22m | gamepanel_mastery_arthur.png[39m[0m
[  13% ] [90m[1m_update_scan_actions[22m | gamepanel_mastery_asta.png[39m[0m
[  13% ] [90m[1m_update_scan_actions[22m | gamepanel_mastery_astolfo.png[39m[0m
[  13% ] [90m[1m_update_scan_actions[22m | gamepanel_mastery_atomeve.png[39m[0m
[  13% ] [90m[1m_update_scan_actions[22m | gamepanel_mastery_bakugo2.png[39m[0m
[  13% ] [90m[1m_update_scan_actions[22m | gamepanel_mastery_bakugo.png[39m[0m
[  13% ] [90m[1m_update_scan_actions[22m | gamepanel_mastery_ban.png[39m[0m
[  13% ] [90m[1m_update_scan_actions[22m | gamepanel_mastery_blackstar.png[39m[0m
[  13% ] [90m[1m_update_scan_actions[22m | gamepanel_mastery_blackwargreymon.png[39m[0m
[  13% ] [90m[1m_update_scan_actions[22m | gamepanel_mastery_boruto.png[39m[0m
[  13% ] [90m[1m_update_scan_actions[22m | gamepanel_mastery_broly.png[39m[0m
[  13% ] [90m[1m_update_scan_actions[22m | gamepanel_mastery_byakuya.png[39m[0m
[  13% ] [90m[1m_update_scan_actions[22m | gamepanel_mastery_cell.png[39m[0m
[  13% ] [90m[1m_update_scan_actions[22m | gamepanel_mastery_chrome.png[39m[0m
[  13% ] [90m[1m_update_scan_actions[22m | gamepanel_mastery_cooler.png[39m[0m
[  13% ] [90m[1m_update_scan_actions[22m | gamepanel_mastery_crona.png[39m[0m
[  13% ] [90m[1m_update_scan_actions[22m | gamepanel_mastery_death.png[39m[0m
[  13% ] [90m[1m_update_scan_actions[22m | gamepanel_mastery_diane.png[39m[0m
[  13% ] [90m[1m_update_scan_actions[22m | gamepanel_mastery_edward.png[39m[0m
[  13% ] [90m[1m_update_scan_actions[22m | gamepanel_mastery_emiya.png[39m[0m
[  13% ] [90m[1m_update_scan_actions[22m | gamepanel_mastery_emiyaarcher.png[39m[0m
[  13% ] [90m[1m_update_scan_actions[22m | gamepanel_mastery_eren.png[39m[0m
[  13% ] [90m[1m_update_scan_actions[22m | gamepanel_mastery_erza.png[39m[0m
[  13% ] [90m[1m_update_scan_actions[22m | gamepanel_mastery_esdeath.png[39m[0m
[  13% ] [90m[1m_update_scan_actions[22m | gamepanel_mastery_frankenstein.png[39m[0m
[  13% ] [90m[1m_update_scan_actions[22m | gamepanel_mastery_frieren.png[39m[0m
[  14% ] [90m[1m_update_scan_actions[22m | gamepanel_mastery_gallantmon.png[39m[0m
[  14% ] [90m[1m_update_scan_actions[22m | gamepanel_mastery_ganta.png[39m[0m
[  14% ] [90m[1m_update_scan_actions[22m | gamepanel_mastery_gasai.png[39m[0m
[  14% ] [90m[1m_update_scan_actions[22m | gamepanel_mastery_gatomon.png[39m[0m
[  14% ] [90m[1m_update_scan_actions[22m | gamepanel_mastery_genos.png[39m[0m
[  14% ] [90m[1m_update_scan_actions[22m | gamepanel_mastery_gilgamesh.png[39m[0m
[  14% ] [90m[1m_update_scan_actions[22m | gamepanel_mastery_gogeta.png[39m[0m
[  14% ] [90m[1m_update_scan_actions[22m | gamepanel_mastery_gohan.png[39m[0m
[  14% ] [90m[1m_update_scan_actions[22m | gamepanel_mastery_gojo.png[39m[0m
[  14% ] [90m[1m_update_scan_actions[22m | gamepanel_mastery_goku.png[39m[0m
[  14% ] [90m[1m_update_scan_actions[22m | gamepanel_mastery_gon.png[39m[0m
[  14% ] [90m[1m_update_scan_actions[22m | gamepanel_mastery_gray.png[39m[0m
[  14% ] [90m[1m_update_scan_actions[22m | gamepanel_mastery_gunha.png[39m[0m
[  14% ] [90m[1m_update_scan_actions[22m | gamepanel_mastery_halibel.png[39m[0m
[  14% ] [90m[1m_update_scan_actions[22m | gamepanel_mastery_hashirama.png[39m[0m
[  14% ] [90m[1m_update_scan_actions[22m | gamepanel_mastery_hawkmon.png[39m[0m
[  14% ] [90m[1m_update_scan_actions[22m | gamepanel_mastery_hibari.png[39m[0m
[  14% ] [90m[1m_update_scan_actions[22m | gamepanel_mastery_hinata.png[39m[0m
[  14% ] [90m[1m_update_scan_actions[22m | gamepanel_mastery_hisoka.png[39m[0m
[  14% ] [90m[1m_update_scan_actions[22m | gamepanel_mastery_horohoro.png[39m[0m
[  14% ] [90m[1m_update_scan_actions[22m | gamepanel_mastery_ichibe.png[39m[0m
[  14% ] [90m[1m_update_scan_actions[22m | gamepanel_mastery_ichigo.png[39m[0m
[  14% ] [90m[1m_update_scan_actions[22m | gamepanel_mastery_impmon.png[39m[0m
[  14% ] [90m[1m_update_scan_actions[22m | gamepanel_mastery_inosuke.png[39m[0m
[  14% ] [90m[1m_update_scan_actions[22m | gamepanel_mastery_inuyasha.png[39m[0m
[  14% ] [90m[1m_update_scan_actions[22m | gamepanel_mastery_invincible.png[39m[0m
[  14% ] [90m[1m_update_scan_actions[22m | gamepanel_mastery_itachi.png[39m[0m
[  14% ] [90m[1m_update_scan_actions[22m | gamepanel_mastery_jack.png[39m[0m
[  14% ] [90m[1m_update_scan_actions[22m | gamepanel_mastery_jaden.png[39m[0m
[  14% ] [90m[1m_update_scan_actions[22m | gamepanel_mastery_jayden.png[39m[0m
[  14% ] [90m[1m_update_scan_actions[22m | gamepanel_mastery_jeanne.png[39m[0m
[  14% ] [90m[1m_update_scan_actions[22m | gamepanel_mastery_jesse.png[39m[0m
[  14% ] [90m[1m_update_scan_actions[22m | gamepanel_mastery_jinwoo.png[39m[0m
[  14% ] [90m[1m_update_scan_actions[22m | gamepanel_mastery_jupiter.png[39m[0m
[  14% ] [90m[1m_update_scan_actions[22m | gamepanel_mastery_kaiba.png[39m[0m
[  15% ] [90m[1m_update_scan_actions[22m | gamepanel_mastery_ken.png[39m[0m
[  15% ] [90m[1m_update_scan_actions[22m | gamepanel_mastery_kid.png[39m[0m
[  15% ] [90m[1m_update_scan_actions[22m | gamepanel_mastery_killua.png[39m[0m
[  15% ] [90m[1m_update_scan_actions[22m | gamepanel_mastery_king.png[39m[0m
[  15% ] [90m[1m_update_scan_actions[22m | gamepanel_mastery_kitara.png[39m[0m
[  15% ] [90m[1m_update_scan_actions[22m | gamepanel_mastery_koro.png[39m[0m
[  15% ] [90m[1m_update_scan_actions[22m | gamepanel_mastery_korra.png[39m[0m
[  15% ] [90m[1m_update_scan_actions[22m | gamepanel_mastery_kurapika.png[39m[0m
[  15% ] [90m[1m_update_scan_actions[22m | gamepanel_mastery_kuroko.png[39m[0m
[  15% ] [90m[1m_update_scan_actions[22m | gamepanel_mastery_kurotsuchi.png[39m[0m
[  15% ] [90m[1m_update_scan_actions[22m | gamepanel_mastery_ladydevimon.png[39m[0m
[  15% ] [90m[1m_update_scan_actions[22m | gamepanel_mastery_levi.png[39m[0m
[  15% ] [90m[1m_update_scan_actions[22m | gamepanel_mastery_lizandpatty.png[39m[0m
[  15% ] [90m[1m_update_scan_actions[22m | gamepanel_mastery_lucy.png[39m[0m
[  15% ] [90m[1m_update_scan_actions[22m | gamepanel_mastery_luffy.png[39m[0m
[  15% ] [90m[1m_update_scan_actions[22m | gamepanel_mastery_lyserg.png[39m[0m
[  15% ] [90m[1m_update_scan_actions[22m | gamepanel_mastery_machinedramon.png[39m[0m
[  15% ] [90m[1m_update_scan_actions[22m | gamepanel_mastery_madoka.png[39m[0m
[  15% ] [90m[1m_update_scan_actions[22m | gamepanel_mastery_maka.png[39m[0m
[  15% ] [90m[1m_update_scan_actions[22m | gamepanel_mastery_mami.png[39m[0m
[  15% ] [90m[1m_update_scan_actions[22m | gamepanel_mastery_marco.png[39m[0m
[  15% ] [90m[1m_update_scan_actions[22m | gamepanel_mastery_mars.png[39m[0m
[  15% ] [90m[1m_update_scan_actions[22m | gamepanel_mastery_mash.png[39m[0m
[  15% ] [90m[1m_update_scan_actions[22m | gamepanel_mastery_mavis.png[39m[0m
[  15% ] [90m[1m_update_scan_actions[22m | gamepanel_mastery_megumi.png[39m[0m
[  15% ] [90m[1m_update_scan_actions[22m | gamepanel_mastery_megumin.png[39m[0m
[  15% ] [90m[1m_update_scan_actions[22m | gamepanel_mastery_meliodas.png[39m[0m
[  15% ] [90m[1m_update_scan_actions[22m | gamepanel_mastery_mercury.png[39m[0m
[  15% ] [90m[1m_update_scan_actions[22m | gamepanel_mastery_midoriya.png[39m[0m
[  15% ] [90m[1m_update_scan_actions[22m | gamepanel_mastery_mikasa.png[39m[0m
[  15% ] [90m[1m_update_scan_actions[22m | gamepanel_mastery_mine.png[39m[0m
[  15% ] [90m[1m_update_scan_actions[22m | gamepanel_mastery_minene.png[39m[0m
[  15% ] [90m[1m_update_scan_actions[22m | gamepanel_mastery_misaka.png[39m[0m
[  15% ] [90m[1m_update_scan_actions[22m | gamepanel_mastery_muichiro.png[39m[0m
[  15% ] [90m[1m_update_scan_actions[22m | gamepanel_mastery_myotismon.png[39m[0m
[  16% ] [90m[1m_update_scan_actions[22m | gamepanel_mastery_nagisa.png[39m[0m
[  16% ] [90m[1m_update_scan_actions[22m | gamepanel_mastery_naruto.png[39m[0m
[  16% ] [90m[1m_update_scan_actions[22m | gamepanel_mastery_natsu.png[39m[0m
[  16% ] [90m[1m_update_scan_actions[22m | gamepanel_mastery_neferpitou.png[39m[0m
[  16% ] [90m[1m_update_scan_actions[22m | gamepanel_mastery_nel.png[39m[0m
[  16% ] [90m[1m_update_scan_actions[22m | gamepanel_mastery_nezuko.png[39m[0m
[  16% ] [90m[1m_update_scan_actions[22m | gamepanel_mastery_nimaiya.png[39m[0m
[  16% ] [90m[1m_update_scan_actions[22m | gamepanel_mastery_nobara.png[39m[0m
[  16% ] [90m[1m_update_scan_actions[22m | gamepanel_mastery_noelle.png[39m[0m
[  16% ] [90m[1m_update_scan_actions[22m | gamepanel_mastery_nonon.png[39m[0m
[  16% ] [90m[1m_update_scan_actions[22m | gamepanel_mastery_omniman.png[39m[0m
[  16% ] [90m[1m_update_scan_actions[22m | gamepanel_mastery_omnimon.png[39m[0m
[  16% ] [90m[1m_update_scan_actions[22m | gamepanel_mastery_orihime.png[39m[0m
[  16% ] [90m[1m_update_scan_actions[22m | gamepanel_mastery_pegasus.png[39m[0m
[  16% ] [90m[1m_update_scan_actions[22m | gamepanel_mastery_rakko.png[39m[0m
[  16% ] [90m[1m_update_scan_actions[22m | gamepanel_mastery_renamon.png[39m[0m
[  16% ] [90m[1m_update_scan_actions[22m | gamepanel_mastery_rengoku.png[39m[0m
[  16% ] [90m[1m_update_scan_actions[22m | gamepanel_mastery_rimuru.png[39m[0m
[  16% ] [90m[1m_update_scan_actions[22m | gamepanel_mastery_rob.png[39m[0m
[  16% ] [90m[1m_update_scan_actions[22m | gamepanel_mastery_ryohei.png[39m[0m
[  16% ] [90m[1m_update_scan_actions[22m | gamepanel_mastery_ryuko.png[39m[0m
[  16% ] [90m[1m_update_scan_actions[22m | gamepanel_mastery_saber.png[39m[0m
[  16% ] [90m[1m_update_scan_actions[22m | gamepanel_mastery_saitama.png[39m[0m
[  16% ] [90m[1m_update_scan_actions[22m | gamepanel_mastery_sakura.png[39m[0m
[  16% ] [90m[1m_update_scan_actions[22m | gamepanel_mastery_sasuke.png[39m[0m
[  16% ] [90m[1m_update_scan_actions[22m | gamepanel_mastery_satsuki.png[39m[0m
[  16% ] [90m[1m_update_scan_actions[22m | gamepanel_mastery_saturn.png[39m[0m
[  16% ] [90m[1m_update_scan_actions[22m | gamepanel_mastery_sayaka.png[39m[0m
[  16% ] [90m[1m_update_scan_actions[22m | gamepanel_mastery_semiramis.png[39m[0m
[  16% ] [90m[1m_update_scan_actions[22m | gamepanel_mastery_seventeen.png[39m[0m
[  16% ] [90m[1m_update_scan_actions[22m | gamepanel_mastery_sheele.png[39m[0m
[  16% ] [90m[1m_update_scan_actions[22m | gamepanel_mastery_shinoa.png[39m[0m
[  16% ] [90m[1m_update_scan_actions[22m | gamepanel_mastery_shinra.png[39m[0m
[  16% ] [90m[1m_update_scan_actions[22m | gamepanel_mastery_shiro.png[39m[0m
[  17% ] [90m[1m_update_scan_actions[22m | gamepanel_mastery_shokuhou.png[39m[0m
[  17% ] [90m[1m_update_scan_actions[22m | gamepanel_mastery_soul.png[39m[0m
[  17% ] [90m[1m_update_scan_actions[22m | gamepanel_mastery_squalo.png[39m[0m
[  17% ] [90m[1m_update_scan_actions[22m | gamepanel_mastery_sukuna.png[39m[0m
[  17% ] [90m[1m_update_scan_actions[22m | gamepanel_mastery_tamaki.png[39m[0m
[  17% ] [90m[1m_update_scan_actions[22m | gamepanel_mastery_tanjiro.png[39m[0m
[  17% ] [90m[1m_update_scan_actions[22m | gamepanel_mastery_tatsumaki.png[39m[0m
[  17% ] [90m[1m_update_scan_actions[22m | gamepanel_mastery_tatsumi.png[39m[0m
[  17% ] [90m[1m_update_scan_actions[22m | gamepanel_mastery_todoroki.png[39m[0m
[  17% ] [90m[1m_update_scan_actions[22m | gamepanel_mastery_toga.png[39m[0m
[  17% ] [90m[1m_update_scan_actions[22m | gamepanel_mastery_toji.png[39m[0m
[  17% ] [90m[1m_update_scan_actions[22m | gamepanel_mastery_tokoyami.png[39m[0m
[  17% ] [90m[1m_update_scan_actions[22m | gamepanel_mastery_toph.png[39m[0m
[  17% ] [90m[1m_update_scan_actions[22m | gamepanel_mastery_toudou.png[39m[0m
[  17% ] [90m[1m_update_scan_actions[22m | gamepanel_mastery_touka.png[39m[0m
[  17% ] [90m[1m_update_scan_actions[22m | gamepanel_mastery_tsubaki.png[39m[0m
[  17% ] [90m[1m_update_scan_actions[22m | gamepanel_mastery_tsubasa.png[39m[0m
[  17% ] [90m[1m_update_scan_actions[22m | gamepanel_mastery_tsunayoshi.png[39m[0m
[  17% ] [90m[1m_update_scan_actions[22m | gamepanel_mastery_tsuyu.png[39m[0m
[  17% ] [90m[1m_update_scan_actions[22m | gamepanel_mastery_uranus.png[39m[0m
[  17% ] [90m[1m_update_scan_actions[22m | gamepanel_mastery_uraraka.png[39m[0m
[  17% ] [90m[1m_update_scan_actions[22m | gamepanel_mastery_uryuu.png[39m[0m
[  17% ] [90m[1m_update_scan_actions[22m | gamepanel_mastery_usopp.png[39m[0m
[  17% ] [90m[1m_update_scan_actions[22m | gamepanel_mastery_uzui.png[39m[0m
[  17% ] [90m[1m_update_scan_actions[22m | gamepanel_mastery_vegeta.png[39m[0m
[  17% ] [90m[1m_update_scan_actions[22m | gamepanel_mastery_veldora.png[39m[0m
[  17% ] [90m[1m_update_scan_actions[22m | gamepanel_mastery_venus.png[39m[0m
[  17% ] [90m[1m_update_scan_actions[22m | gamepanel_mastery_xanxus.png[39m[0m
[  17% ] [90m[1m_update_scan_actions[22m | gamepanel_mastery_yamamoto.png[39m[0m
[  17% ] [90m[1m_update_scan_actions[22m | gamepanel_mastery_yoh.png[39m[0m
[  17% ] [90m[1m_update_scan_actions[22m | gamepanel_mastery_yubel.png[39m[0m
[  17% ] [90m[1m_update_scan_actions[22m | gamepanel_mastery_yugi.png[39m[0m
[  17% ] [90m[1m_update_scan_actions[22m | gamepanel_mastery_yuji.png[39m[0m
[  17% ] [90m[1m_update_scan_actions[22m | gamepanel_mastery_yuno.png[39m[0m
[  17% ] [90m[1m_update_scan_actions[22m | gamepanel_mastery_zenitsu.png[39m[0m
[  18% ] [90m[1m_update_scan_actions[22m | gamepanel_mastery_zoro.png[39m[0m
[  18% ] [90m[1m_update_scan_actions[22m | GamePanel_meliodas.png[39m[0m
[  18% ] [90m[1m_update_scan_actions[22m | GamePanel_midoriya.png[39m[0m
[  18% ] [90m[1m_update_scan_actions[22m | GamePanel_mikasa.png[39m[0m
[  18% ] [90m[1m_update_scan_actions[22m | GamePanel_misaka.png[39m[0m
[  18% ] [90m[1m_update_scan_actions[22m | GamePanel_naruto.png[39m[0m
[  18% ] [90m[1m_update_scan_actions[22m | GamePanel_natsu.png[39m[0m
[  18% ] [90m[1m_update_scan_actions[22m | GamePanel_nezuko.png[39m[0m
[  18% ] [90m[1m_update_scan_actions[22m | GamePanel_noelle.png[39m[0m
[  18% ] [90m[1m_update_scan_actions[22m | GamePanel_nonon.png[39m[0m
[  18% ] [90m[1m_update_scan_actions[22m | GamePanel_rimuru.png[39m[0m
[  18% ] [90m[1m_update_scan_actions[22m | GamePanel_ruler.png[39m[0m
[  18% ] [90m[1m_update_scan_actions[22m | GamePanel_ryohei.png[39m[0m
[  18% ] [90m[1m_update_scan_actions[22m | GamePanel_ryuko.png[39m[0m
[  18% ] [90m[1m_update_scan_actions[22m | GamePanel_saber.png[39m[0m
[  18% ] [90m[1m_update_scan_actions[22m | GamePanel_saitama.png[39m[0m
[  18% ] [90m[1m_update_scan_actions[22m | GamePanel_sakura.png[39m[0m
[  18% ] [90m[1m_update_scan_actions[22m | GamePanel_sasuke.png[39m[0m
[  18% ] [90m[1m_update_scan_actions[22m | GamePanel_satsuki.png[39m[0m
[  18% ] [90m[1m_update_scan_actions[22m | GamePanel_sayaka.png[39m[0m
[  18% ] [90m[1m_update_scan_actions[22m | GamePanel_sheele.png[39m[0m
[  18% ] [90m[1m_update_scan_actions[22m | GamePanel_shinra.png[39m[0m
[  18% ] [90m[1m_update_scan_actions[22m | GamePanel_shiro.png[39m[0m
[  18% ] [90m[1m_update_scan_actions[22m | GamePanel_snowwhite.png[39m[0m
[  18% ] [90m[1m_update_scan_actions[22m | GamePanel_soul.png[39m[0m
[  18% ] [90m[1m_update_scan_actions[22m | GamePanel_tamaki.png[39m[0m
[  18% ] [90m[1m_update_scan_actions[22m | GamePanel_tanjiro.png[39m[0m
[  18% ] [90m[1m_update_scan_actions[22m | GamePanel_tatsumaki.png[39m[0m
[  18% ] [90m[1m_update_scan_actions[22m | GamePanel_tatsumi.png[39m[0m
[  18% ] [90m[1m_update_scan_actions[22m | GamePanel_touka.png[39m[0m
[  18% ] [90m[1m_update_scan_actions[22m | gamepanel_treasure_amethyst.png[39m[0m
[  18% ] [90m[1m_update_scan_actions[22m | gamepanel_treasure_amethystonyx.png[39m[0m
[  18% ] [90m[1m_update_scan_actions[22m | gamepanel_treasure_diamond.png[39m[0m
[  18% ] [90m[1m_update_scan_actions[22m | gamepanel_treasure_diamondonyx.png[39m[0m
[  18% ] [90m[1m_update_scan_actions[22m | gamepanel_treasure_emerald.png[39m[0m
[  19% ] [90m[1m_update_scan_actions[22m | gamepanel_treasure_emeraldonyx.png[39m[0m
[  19% ] [90m[1m_update_scan_actions[22m | gamepanel_treasure_gold.png[39m[0m
[  19% ] [90m[1m_update_scan_actions[22m | gamepanel_treasure_platinum.png[39m[0m
[  19% ] [90m[1m_update_scan_actions[22m | gamepanel_treasure_ruby.png[39m[0m
[  19% ] [90m[1m_update_scan_actions[22m | gamepanel_treasure_rubyonyx.png[39m[0m
[  19% ] [90m[1m_update_scan_actions[22m | gamepanel_treasure_sapphire.png[39m[0m
[  19% ] [90m[1m_update_scan_actions[22m | gamepanel_treasure_sapphireonyx.png[39m[0m
[  19% ] [90m[1m_update_scan_actions[22m | gamepanel_treasure_silver.png[39m[0m
[  19% ] [90m[1m_update_scan_actions[22m | gamepanel_treasure_topaz.png[39m[0m
[  19% ] [90m[1m_update_scan_actions[22m | gamepanel_treasure_topazonyx.png[39m[0m
[  19% ] [90m[1m_update_scan_actions[22m | GamePanel_tsuna.png[39m[0m
[  19% ] [90m[1m_update_scan_actions[22m | GamePanel_uraraka.png[39m[0m
[  19% ] [90m[1m_update_scan_actions[22m | GamePanel_uryuu.png[39m[0m
[  19% ] [90m[1m_update_scan_actions[22m | GamePanel_usopp.png[39m[0m
[  19% ] [90m[1m_update_scan_actions[22m | GamePanel_yamamoto.png[39m[0m
[  19% ] [90m[1m_update_scan_actions[22m | GamePanel_yuno.png[39m[0m
[  19% ] [90m[1m_update_scan_actions[22m | GamePanel_zenitsu.png[39m[0m
[  19% ] [90m[1m_update_scan_actions[22m | GamePanel_zoro.png[39m[0m
[  19% ] [90m[1m_update_scan_actions[22m | mastery_panel_elite_aang.png[39m[0m
[  19% ] [90m[1m_update_scan_actions[22m | mastery_panel_elite_ace.png[39m[0m
[  19% ] [90m[1m_update_scan_actions[22m | mastery_panel_elite_adam.png[39m[0m
[  19% ] [90m[1m_update_scan_actions[22m | mastery_panel_elite_aiohto.png[39m[0m
[  19% ] [90m[1m_update_scan_actions[22m | mastery_panel_elite_akame.png[39m[0m
[  19% ] [90m[1m_update_scan_actions[22m | mastery_panel_elite_allmight.png[39m[0m
[  19% ] [90m[1m_update_scan_actions[22m | mastery_panel_elite_alphamon.png[39m[0m
[  19% ] [90m[1m_update_scan_actions[22m | mastery_panel_elite_alphonse.png[39m[0m
[  19% ] [90m[1m_update_scan_actions[22m | mastery_panel_elite_arthur.png[39m[0m
[  19% ] [90m[1m_update_scan_actions[22m | mastery_panel_elite_asta.png[39m[0m
[  19% ] [90m[1m_update_scan_actions[22m | mastery_panel_elite_astolfo.png[39m[0m
[  19% ] [90m[1m_update_scan_actions[22m | mastery_panel_elite_bakugo.png[39m[0m
[  19% ] [90m[1m_update_scan_actions[22m | mastery_panel_elite_ban.png[39m[0m
[  19% ] [90m[1m_update_scan_actions[22m | mastery_panel_elite_blackstar.png[39m[0m
[  19% ] [90m[1m_update_scan_actions[22m | mastery_panel_elite_blackwargreymon.png[39m[0m
[  19% ] [90m[1m_update_scan_actions[22m | mastery_panel_elite_boruto.png[39m[0m
[  19% ] [90m[1m_update_scan_actions[22m | mastery_panel_elite_broly.png[39m[0m
[  20% ] [90m[1m_update_scan_actions[22m | mastery_panel_elite_byakuya.png[39m[0m
[  20% ] [90m[1m_update_scan_actions[22m | mastery_panel_elite_cell.png[39m[0m
[  20% ] [90m[1m_update_scan_actions[22m | mastery_panel_elite_chrome.png[39m[0m
[  20% ] [90m[1m_update_scan_actions[22m | mastery_panel_elite_cooler.png[39m[0m
[  20% ] [90m[1m_update_scan_actions[22m | mastery_panel_elite_crona.png[39m[0m
[  20% ] [90m[1m_update_scan_actions[22m | mastery_panel_elite_death.png[39m[0m
[  20% ] [90m[1m_update_scan_actions[22m | mastery_panel_elite_diane.png[39m[0m
[  20% ] [90m[1m_update_scan_actions[22m | mastery_panel_elite_edward.png[39m[0m
[  20% ] [90m[1m_update_scan_actions[22m | mastery_panel_elite_emiya.png[39m[0m
[  20% ] [90m[1m_update_scan_actions[22m | mastery_panel_elite_emiyaarcher.png[39m[0m
[  20% ] [90m[1m_update_scan_actions[22m | mastery_panel_elite_eren.png[39m[0m
[  20% ] [90m[1m_update_scan_actions[22m | mastery_panel_elite_erza.png[39m[0m
[  20% ] [90m[1m_update_scan_actions[22m | mastery_panel_elite_esdeath.png[39m[0m
[  20% ] [90m[1m_update_scan_actions[22m | mastery_panel_elite_frankenstein.png[39m[0m
[  20% ] [90m[1m_update_scan_actions[22m | mastery_panel_elite_gallantmon.png[39m[0m
[  20% ] [90m[1m_update_scan_actions[22m | mastery_panel_elite_ganta.png[39m[0m
[  20% ] [90m[1m_update_scan_actions[22m | mastery_panel_elite_gasai.png[39m[0m
[  20% ] [90m[1m_update_scan_actions[22m | mastery_panel_elite_gatomon.png[39m[0m
[  20% ] [90m[1m_update_scan_actions[22m | mastery_panel_elite_genos.png[39m[0m
[  20% ] [90m[1m_update_scan_actions[22m | mastery_panel_elite_gilgamesh.png[39m[0m
[  20% ] [90m[1m_update_scan_actions[22m | mastery_panel_elite_gogeta.png[39m[0m
[  20% ] [90m[1m_update_scan_actions[22m | mastery_panel_elite_gohan.png[39m[0m
[  20% ] [90m[1m_update_scan_actions[22m | mastery_panel_elite_gojo.png[39m[0m
[  20% ] [90m[1m_update_scan_actions[22m | mastery_panel_elite_goku.png[39m[0m
[  20% ] [90m[1m_update_scan_actions[22m | mastery_panel_elite_gon.png[39m[0m
[  20% ] [90m[1m_update_scan_actions[22m | mastery_panel_elite_gray.png[39m[0m
[  20% ] [90m[1m_update_scan_actions[22m | mastery_panel_elite_gunha.png[39m[0m
[  20% ] [90m[1m_update_scan_actions[22m | mastery_panel_elite_halibel.png[39m[0m
[  20% ] [90m[1m_update_scan_actions[22m | mastery_panel_elite_hashirama.png[39m[0m
[  20% ] [90m[1m_update_scan_actions[22m | mastery_panel_elite_hawkmon.png[39m[0m
[  20% ] [90m[1m_update_scan_actions[22m | mastery_panel_elite_hibari.png[39m[0m
[  20% ] [90m[1m_update_scan_actions[22m | mastery_panel_elite_hinata.png[39m[0m
[  20% ] [90m[1m_update_scan_actions[22m | mastery_panel_elite_hisoka.png[39m[0m
[  20% ] [90m[1m_update_scan_actions[22m | mastery_panel_elite_horohoro.png[39m[0m
[  20% ] [90m[1m_update_scan_actions[22m | mastery_panel_elite_ichibe.png[39m[0m
[  21% ] [90m[1m_update_scan_actions[22m | mastery_panel_elite_ichigo.png[39m[0m
[  21% ] [90m[1m_update_scan_actions[22m | mastery_panel_elite_impmon.png[39m[0m
[  21% ] [90m[1m_update_scan_actions[22m | mastery_panel_elite_inosuke.png[39m[0m
[  21% ] [90m[1m_update_scan_actions[22m | mastery_panel_elite_inuyasha.png[39m[0m
[  21% ] [90m[1m_update_scan_actions[22m | mastery_panel_elite_itachi.png[39m[0m
[  21% ] [90m[1m_update_scan_actions[22m | mastery_panel_elite_jack.png[39m[0m
[  21% ] [90m[1m_update_scan_actions[22m | mastery_panel_elite_jaden.png[39m[0m
[  21% ] [90m[1m_update_scan_actions[22m | mastery_panel_elite_jeanne.png[39m[0m
[  21% ] [90m[1m_update_scan_actions[22m | mastery_panel_elite_jesse.png[39m[0m
[  21% ] [90m[1m_update_scan_actions[22m | mastery_panel_elite_jinwoo.png[39m[0m
[  21% ] [90m[1m_update_scan_actions[22m | mastery_panel_elite_jupiter.png[39m[0m
[  21% ] [90m[1m_update_scan_actions[22m | mastery_panel_elite_kaiba.png[39m[0m
[  21% ] [90m[1m_update_scan_actions[22m | mastery_panel_elite_ken.png[39m[0m
[  21% ] [90m[1m_update_scan_actions[22m | mastery_panel_elite_kid.png[39m[0m
[  21% ] [90m[1m_update_scan_actions[22m | mastery_panel_elite_killua.png[39m[0m
[  21% ] [90m[1m_update_scan_actions[22m | mastery_panel_elite_king.png[39m[0m
[  21% ] [90m[1m_update_scan_actions[22m | mastery_panel_elite_kitara.png[39m[0m
[  21% ] [90m[1m_update_scan_actions[22m | mastery_panel_elite_koro.png[39m[0m
[  21% ] [90m[1m_update_scan_actions[22m | mastery_panel_elite_korra.png[39m[0m
[  21% ] [90m[1m_update_scan_actions[22m | mastery_panel_elite_kurapika.png[39m[0m
[  21% ] [90m[1m_update_scan_actions[22m | mastery_panel_elite_kuroko.png[39m[0m
[  21% ] [90m[1m_update_scan_actions[22m | mastery_panel_elite_kurotsuchi.png[39m[0m
[  21% ] [90m[1m_update_scan_actions[22m | mastery_panel_elite_ladydevimon.png[39m[0m
[  21% ] [90m[1m_update_scan_actions[22m | mastery_panel_elite_levi.png[39m[0m
[  21% ] [90m[1m_update_scan_actions[22m | mastery_panel_elite_lizandpatty.png[39m[0m
[  21% ] [90m[1m_update_scan_actions[22m | mastery_panel_elite_lucy.png[39m[0m
[  21% ] [90m[1m_update_scan_actions[22m | mastery_panel_elite_luffy.png[39m[0m
[  21% ] [90m[1m_update_scan_actions[22m | mastery_panel_elite_lyserg.png[39m[0m
[  21% ] [90m[1m_update_scan_actions[22m | mastery_panel_elite_machinedramon.png[39m[0m
[  21% ] [90m[1m_update_scan_actions[22m | mastery_panel_elite_madoka.png[39m[0m
[  21% ] [90m[1m_update_scan_actions[22m | mastery_panel_elite_maka.png[39m[0m
[  21% ] [90m[1m_update_scan_actions[22m | mastery_panel_elite_mami.png[39m[0m
[  21% ] [90m[1m_update_scan_actions[22m | mastery_panel_elite_marco.png[39m[0m
[  21% ] [90m[1m_update_scan_actions[22m | mastery_panel_elite_mars.png[39m[0m
[  21% ] [90m[1m_update_scan_actions[22m | mastery_panel_elite_mash.png[39m[0m
[  22% ] [90m[1m_update_scan_actions[22m | mastery_panel_elite_mavis.png[39m[0m
[  22% ] [90m[1m_update_scan_actions[22m | mastery_panel_elite_megumi.png[39m[0m
[  22% ] [90m[1m_update_scan_actions[22m | mastery_panel_elite_megumin.png[39m[0m
[  22% ] [90m[1m_update_scan_actions[22m | mastery_panel_elite_meliodas.png[39m[0m
[  22% ] [90m[1m_update_scan_actions[22m | mastery_panel_elite_mercury.png[39m[0m
[  22% ] [90m[1m_update_scan_actions[22m | mastery_panel_elite_midoriya.png[39m[0m
[  22% ] [90m[1m_update_scan_actions[22m | mastery_panel_elite_mikasa.png[39m[0m
[  22% ] [90m[1m_update_scan_actions[22m | mastery_panel_elite_mine.png[39m[0m
[  22% ] [90m[1m_update_scan_actions[22m | mastery_panel_elite_minene.png[39m[0m
[  22% ] [90m[1m_update_scan_actions[22m | mastery_panel_elite_misaka.png[39m[0m
[  22% ] [90m[1m_update_scan_actions[22m | mastery_panel_elite_muichiro.png[39m[0m
[  22% ] [90m[1m_update_scan_actions[22m | mastery_panel_elite_myotismon.png[39m[0m
[  22% ] [90m[1m_update_scan_actions[22m | mastery_panel_elite_nagisa.png[39m[0m
[  22% ] [90m[1m_update_scan_actions[22m | mastery_panel_elite_naruto.png[39m[0m
[  22% ] [90m[1m_update_scan_actions[22m | mastery_panel_elite_natsu.png[39m[0m
[  22% ] [90m[1m_update_scan_actions[22m | mastery_panel_elite_neferpitou.png[39m[0m
[  22% ] [90m[1m_update_scan_actions[22m | mastery_panel_elite_nel.png[39m[0m
[  22% ] [90m[1m_update_scan_actions[22m | mastery_panel_elite_nezuko.png[39m[0m
[  22% ] [90m[1m_update_scan_actions[22m | mastery_panel_elite_nimaiya.png[39m[0m
[  22% ] [90m[1m_update_scan_actions[22m | mastery_panel_elite_nobara.png[39m[0m
[  22% ] [90m[1m_update_scan_actions[22m | mastery_panel_elite_noelle.png[39m[0m
[  22% ] [90m[1m_update_scan_actions[22m | mastery_panel_elite_nonon.png[39m[0m
[  22% ] [90m[1m_update_scan_actions[22m | mastery_panel_elite_omnimon.png[39m[0m
[  22% ] [90m[1m_update_scan_actions[22m | mastery_panel_elite_orihime.png[39m[0m
[  22% ] [90m[1m_update_scan_actions[22m | mastery_panel_elite_pegasus.png[39m[0m
[  22% ] [90m[1m_update_scan_actions[22m | mastery_panel_elite_rakko.png[39m[0m
[  22% ] [90m[1m_update_scan_actions[22m | mastery_panel_elite_renamon.png[39m[0m
[  22% ] [90m[1m_update_scan_actions[22m | mastery_panel_elite_rengoku.png[39m[0m
[  22% ] [90m[1m_update_scan_actions[22m | mastery_panel_elite_rimuru.png[39m[0m
[  22% ] [90m[1m_update_scan_actions[22m | mastery_panel_elite_rob.png[39m[0m
[  22% ] [90m[1m_update_scan_actions[22m | mastery_panel_elite_ryohei.png[39m[0m
[  22% ] [90m[1m_update_scan_actions[22m | mastery_panel_elite_ryuko.png[39m[0m
[  22% ] [90m[1m_update_scan_actions[22m | mastery_panel_elite_saber.png[39m[0m
[  22% ] [90m[1m_update_scan_actions[22m | mastery_panel_elite_saitama.png[39m[0m
[  22% ] [90m[1m_update_scan_actions[22m | mastery_panel_elite_sakura.png[39m[0m
[  23% ] [90m[1m_update_scan_actions[22m | mastery_panel_elite_sasuke.png[39m[0m
[  23% ] [90m[1m_update_scan_actions[22m | mastery_panel_elite_satsuki.png[39m[0m
[  23% ] [90m[1m_update_scan_actions[22m | mastery_panel_elite_saturn.png[39m[0m
[  23% ] [90m[1m_update_scan_actions[22m | mastery_panel_elite_sayaka.png[39m[0m
[  23% ] [90m[1m_update_scan_actions[22m | mastery_panel_elite_semiramis.png[39m[0m
[  23% ] [90m[1m_update_scan_actions[22m | mastery_panel_elite_seventeen.png[39m[0m
[  23% ] [90m[1m_update_scan_actions[22m | mastery_panel_elite_sheele.png[39m[0m
[  23% ] [90m[1m_update_scan_actions[22m | mastery_panel_elite_shinoa.png[39m[0m
[  23% ] [90m[1m_update_scan_actions[22m | mastery_panel_elite_shinra.png[39m[0m
[  23% ] [90m[1m_update_scan_actions[22m | mastery_panel_elite_shiro.png[39m[0m
[  23% ] [90m[1m_update_scan_actions[22m | mastery_panel_elite_shokuhou.png[39m[0m
[  23% ] [90m[1m_update_scan_actions[22m | mastery_panel_elite_soul.png[39m[0m
[  23% ] [90m[1m_update_scan_actions[22m | mastery_panel_elite_squalo.png[39m[0m
[  23% ] [90m[1m_update_scan_actions[22m | mastery_panel_elite_sukuna.png[39m[0m
[  23% ] [90m[1m_update_scan_actions[22m | mastery_panel_elite_tamaki.png[39m[0m
[  23% ] [90m[1m_update_scan_actions[22m | mastery_panel_elite_tanjiro.png[39m[0m
[  23% ] [90m[1m_update_scan_actions[22m | mastery_panel_elite_tatsumaki.png[39m[0m
[  23% ] [90m[1m_update_scan_actions[22m | mastery_panel_elite_tatsumi.png[39m[0m
[  23% ] [90m[1m_update_scan_actions[22m | mastery_panel_elite_todoroki.png[39m[0m
[  23% ] [90m[1m_update_scan_actions[22m | mastery_panel_elite_toga.png[39m[0m
[  23% ] [90m[1m_update_scan_actions[22m | mastery_panel_elite_toji.png[39m[0m
[  23% ] [90m[1m_update_scan_actions[22m | mastery_panel_elite_tokoyami.png[39m[0m
[  23% ] [90m[1m_update_scan_actions[22m | mastery_panel_elite_toph.png[39m[0m
[  23% ] [90m[1m_update_scan_actions[22m | mastery_panel_elite_toudou.png[39m[0m
[  23% ] [90m[1m_update_scan_actions[22m | mastery_panel_elite_touka.png[39m[0m
[  23% ] [90m[1m_update_scan_actions[22m | mastery_panel_elite_tsubaki.png[39m[0m
[  23% ] [90m[1m_update_scan_actions[22m | mastery_panel_elite_tsubasa.png[39m[0m
[  23% ] [90m[1m_update_scan_actions[22m | mastery_panel_elite_tsunayoshi.png[39m[0m
[  23% ] [90m[1m_update_scan_actions[22m | mastery_panel_elite_tsuyu.png[39m[0m
[  23% ] [90m[1m_update_scan_actions[22m | mastery_panel_elite_uranus.png[39m[0m
[  23% ] [90m[1m_update_scan_actions[22m | mastery_panel_elite_uraraka.png[39m[0m
[  23% ] [90m[1m_update_scan_actions[22m | mastery_panel_elite_usopp.png[39m[0m
[  23% ] [90m[1m_update_scan_actions[22m | mastery_panel_elite_uzui.png[39m[0m
[  23% ] [90m[1m_update_scan_actions[22m | mastery_panel_elite_vegeta.png[39m[0m
[  23% ] [90m[1m_update_scan_actions[22m | mastery_panel_elite_veldora.png[39m[0m
[  24% ] [90m[1m_update_scan_actions[22m | mastery_panel_elite_venus.png[39m[0m
[  24% ] [90m[1m_update_scan_actions[22m | mastery_panel_elite_xanxus.png[39m[0m
[  24% ] [90m[1m_update_scan_actions[22m | mastery_panel_elite_yamamoto.png[39m[0m
[  24% ] [90m[1m_update_scan_actions[22m | mastery_panel_elite_yoh.png[39m[0m
[  24% ] [90m[1m_update_scan_actions[22m | mastery_panel_elite_yubel.png[39m[0m
[  24% ] [90m[1m_update_scan_actions[22m | mastery_panel_elite_yugi.png[39m[0m
[  24% ] [90m[1m_update_scan_actions[22m | mastery_panel_elite_yuji.png[39m[0m
[  24% ] [90m[1m_update_scan_actions[22m | mastery_panel_elite_yuno.png[39m[0m
[  24% ] [90m[1m_update_scan_actions[22m | mastery_panel_elite_zenitsu.png[39m[0m
[  24% ] [90m[1m_update_scan_actions[22m | mastery_panel_elite_zoro.png[39m[0m
[  24% ] [90m[1m_update_scan_actions[22m | mastery_panel_erza.png[39m[0m
[  24% ] [90m[1m_update_scan_actions[22m | mastery_panel_renamon.png[39m[0m
[  24% ] [90m[1m_update_scan_actions[22m | mastery_panel_toph.png[39m[0m
[  24% ] [90m[1m_update_scan_actions[22m | playercard_color_cyan.png[39m[0m
[  24% ] [90m[1m_update_scan_actions[22m | playercard_color_darkblue.png[39m[0m
[  24% ] [90m[1m_update_scan_actions[22m | playercard_color_darkpurple.png[39m[0m
[  24% ] [90m[1m_update_scan_actions[22m | playercard_color_default.png[39m[0m
[  24% ] [90m[1m_update_scan_actions[22m | playercard_color_green.png[39m[0m
[  24% ] [90m[1m_update_scan_actions[22m | playercard_color_lightblue.png[39m[0m
[  24% ] [90m[1m_update_scan_actions[22m | playercard_color_lightgreen.png[39m[0m
[  24% ] [90m[1m_update_scan_actions[22m | playercard_color_lightpurple.png[39m[0m
[  24% ] [90m[1m_update_scan_actions[22m | playercard_color_magenta.png[39m[0m
[  24% ] [90m[1m_update_scan_actions[22m | playercard_color_orange.png[39m[0m
[  24% ] [90m[1m_update_scan_actions[22m | playercard_color_pink.png[39m[0m
[  24% ] [90m[1m_update_scan_actions[22m | playercard_color_red.png[39m[0m
[  24% ] [90m[1m_update_scan_actions[22m | playercard_color_yellow.png[39m[0m
[  24% ] [90m[1m_update_scan_actions[22m | playercard_mastery_aang.png[39m[0m
[  24% ] [90m[1m_update_scan_actions[22m | playercard_mastery_ace.png[39m[0m
[  24% ] [90m[1m_update_scan_actions[22m | playercard_mastery_akame.png[39m[0m
[  24% ] [90m[1m_update_scan_actions[22m | playercard_mastery_allmight.png[39m[0m
[  24% ] [90m[1m_update_scan_actions[22m | playercard_mastery_alphamon.png[39m[0m
[  24% ] [90m[1m_update_scan_actions[22m | playercard_mastery_alphonse.png[39m[0m
[  24% ] [90m[1m_update_scan_actions[22m | playercard_mastery_asta.png[39m[0m
[  24% ] [90m[1m_update_scan_actions[22m | playercard_mastery_bakugo.png[39m[0m
[  24% ] [90m[1m_update_scan_actions[22m | playercard_mastery_ban.png[39m[0m
[  25% ] [90m[1m_update_scan_actions[22m | playercard_mastery_blackstar.png[39m[0m
[  25% ] [90m[1m_update_scan_actions[22m | playercard_mastery_boruto.png[39m[0m
[  25% ] [90m[1m_update_scan_actions[22m | playercard_mastery_byakuya.png[39m[0m
[  25% ] [90m[1m_update_scan_actions[22m | playercard_mastery_chrome.png[39m[0m
[  25% ] [90m[1m_update_scan_actions[22m | playercard_mastery_cooler.png[39m[0m
[  25% ] [90m[1m_update_scan_actions[22m | playercard_mastery_crona.png[39m[0m
[  25% ] [90m[1m_update_scan_actions[22m | playercard_mastery_diane.png[39m[0m
[  25% ] [90m[1m_update_scan_actions[22m | playercard_mastery_edward.png[39m[0m
[  25% ] [90m[1m_update_scan_actions[22m | playercard_mastery_emiya.png[39m[0m
[  25% ] [90m[1m_update_scan_actions[22m | playercard_mastery_emiyaarcher.png[39m[0m
[  25% ] [90m[1m_update_scan_actions[22m | playercard_mastery_eren.png[39m[0m
[  25% ] [90m[1m_update_scan_actions[22m | playercard_mastery_erza.png[39m[0m
[  25% ] [90m[1m_update_scan_actions[22m | playercard_mastery_esdeath.png[39m[0m
[  25% ] [90m[1m_update_scan_actions[22m | playercard_mastery_eve.png[39m[0m
[  25% ] [90m[1m_update_scan_actions[22m | playercard_mastery_frankenstein.png[39m[0m
[  25% ] [90m[1m_update_scan_actions[22m | playercard_mastery_frieren.png[39m[0m
[  25% ] [90m[1m_update_scan_actions[22m | playercard_mastery_gallantmon.png[39m[0m
[  25% ] [90m[1m_update_scan_actions[22m | playercard_mastery_ganta.png[39m[0m
[  25% ] [90m[1m_update_scan_actions[22m | playercard_mastery_gatomon.png[39m[0m
[  25% ] [90m[1m_update_scan_actions[22m | playercard_mastery_genos.png[39m[0m
[  25% ] [90m[1m_update_scan_actions[22m | playercard_mastery_gilgamesh.png[39m[0m
[  25% ] [90m[1m_update_scan_actions[22m | playercard_mastery_gogeta.png[39m[0m
[  25% ] [90m[1m_update_scan_actions[22m | playercard_mastery_gohan.png[39m[0m
[  25% ] [90m[1m_update_scan_actions[22m | playercard_mastery_gojo.png[39m[0m
[  25% ] [90m[1m_update_scan_actions[22m | playercard_mastery_goku.png[39m[0m
[  25% ] [90m[1m_update_scan_actions[22m | playercard_mastery_gon.png[39m[0m
[  25% ] [90m[1m_update_scan_actions[22m | playercard_mastery_gray.png[39m[0m
[  25% ] [90m[1m_update_scan_actions[22m | playercard_mastery_gunha.png[39m[0m
[  25% ] [90m[1m_update_scan_actions[22m | playercard_mastery_halibel.png[39m[0m
[  25% ] [90m[1m_update_scan_actions[22m | playercard_mastery_hashirama.png[39m[0m
[  25% ] [90m[1m_update_scan_actions[22m | playercard_mastery_hawkmon.png[39m[0m
[  25% ] [90m[1m_update_scan_actions[22m | playercard_mastery_hinata.png[39m[0m
[  25% ] [90m[1m_update_scan_actions[22m | playercard_mastery_hisoka.png[39m[0m
[  25% ] [90m[1m_update_scan_actions[22m | playercard_mastery_horohoro.png[39m[0m
[  25% ] [90m[1m_update_scan_actions[22m | playercard_mastery_ichibe.png[39m[0m
[  26% ] [90m[1m_update_scan_actions[22m | playercard_mastery_ichigo.png[39m[0m
[  26% ] [90m[1m_update_scan_actions[22m | playercard_mastery_inosuke.png[39m[0m
[  26% ] [90m[1m_update_scan_actions[22m | playercard_mastery_inuyasha.png[39m[0m
[  26% ] [90m[1m_update_scan_actions[22m | playercard_mastery_invincible.png[39m[0m
[  26% ] [90m[1m_update_scan_actions[22m | playercard_mastery_itachi.png[39m[0m
[  26% ] [90m[1m_update_scan_actions[22m | playercard_mastery_jack.png[39m[0m
[  26% ] [90m[1m_update_scan_actions[22m | playercard_mastery_jaden.png[39m[0m
[  26% ] [90m[1m_update_scan_actions[22m | playercard_mastery_jeanne.png[39m[0m
[  26% ] [90m[1m_update_scan_actions[22m | playercard_mastery_jesse.png[39m[0m
[  26% ] [90m[1m_update_scan_actions[22m | playercard_mastery_jupiter.png[39m[0m
[  26% ] [90m[1m_update_scan_actions[22m | playercard_mastery_kaiba.png[39m[0m
[  26% ] [90m[1m_update_scan_actions[22m | playercard_mastery_ken.png[39m[0m
[  26% ] [90m[1m_update_scan_actions[22m | playercard_mastery_kid.png[39m[0m
[  26% ] [90m[1m_update_scan_actions[22m | playercard_mastery_killua.png[39m[0m
[  26% ] [90m[1m_update_scan_actions[22m | playercard_mastery_king.png[39m[0m
[  26% ] [90m[1m_update_scan_actions[22m | playercard_mastery_koro.png[39m[0m
[  26% ] [90m[1m_update_scan_actions[22m | playercard_mastery_korra.png[39m[0m
[  26% ] [90m[1m_update_scan_actions[22m | playercard_mastery_kurapika.png[39m[0m
[  26% ] [90m[1m_update_scan_actions[22m | playercard_mastery_kuroko.png[39m[0m
[  26% ] [90m[1m_update_scan_actions[22m | playercard_mastery_kurotsuchi.png[39m[0m
[  26% ] [90m[1m_update_scan_actions[22m | playercard_mastery_ladydevimon.png[39m[0m
[  26% ] [90m[1m_update_scan_actions[22m | playercard_mastery_lizandpatty.png[39m[0m
[  26% ] [90m[1m_update_scan_actions[22m | playercard_mastery_lucy.png[39m[0m
[  26% ] [90m[1m_update_scan_actions[22m | playercard_mastery_luffy.png[39m[0m
[  26% ] [90m[1m_update_scan_actions[22m | playercard_mastery_lyserg.png[39m[0m
[  26% ] [90m[1m_update_scan_actions[22m | playercard_mastery_machinedramon.png[39m[0m
[  26% ] [90m[1m_update_scan_actions[22m | playercard_mastery_madoka.png[39m[0m
[  26% ] [90m[1m_update_scan_actions[22m | playercard_mastery_maka.png[39m[0m
[  26% ] [90m[1m_update_scan_actions[22m | playercard_mastery_mami.png[39m[0m
[  26% ] [90m[1m_update_scan_actions[22m | playercard_mastery_marco.png[39m[0m
[  26% ] [90m[1m_update_scan_actions[22m | playercard_mastery_mars.png[39m[0m
[  26% ] [90m[1m_update_scan_actions[22m | playercard_mastery_mash.png[39m[0m
[  26% ] [90m[1m_update_scan_actions[22m | playercard_mastery_mavis.png[39m[0m
[  26% ] [90m[1m_update_scan_actions[22m | playercard_mastery_megumi.png[39m[0m
[  26% ] [90m[1m_update_scan_actions[22m | playercard_mastery_megumin.png[39m[0m
[  27% ] [90m[1m_update_scan_actions[22m | playercard_mastery_meliodas.png[39m[0m
[  27% ] [90m[1m_update_scan_actions[22m | playercard_mastery_mercury.png[39m[0m
[  27% ] [90m[1m_update_scan_actions[22m | playercard_mastery_midoriya.png[39m[0m
[  27% ] [90m[1m_update_scan_actions[22m | playercard_mastery_mikasa.png[39m[0m
[  27% ] [90m[1m_update_scan_actions[22m | playercard_mastery_mine.png[39m[0m
[  27% ] [90m[1m_update_scan_actions[22m | playercard_mastery_misaka.png[39m[0m
[  27% ] [90m[1m_update_scan_actions[22m | playercard_mastery_muichiro.png[39m[0m
[  27% ] [90m[1m_update_scan_actions[22m | playercard_mastery_myotismon.png[39m[0m
[  27% ] [90m[1m_update_scan_actions[22m | playercard_mastery_nagisa.png[39m[0m
[  27% ] [90m[1m_update_scan_actions[22m | playercard_mastery_naruto.png[39m[0m
[  27% ] [90m[1m_update_scan_actions[22m | playercard_mastery_natsu.png[39m[0m
[  27% ] [90m[1m_update_scan_actions[22m | playercard_mastery_neferpitou.png[39m[0m
[  27% ] [90m[1m_update_scan_actions[22m | playercard_mastery_nezuko.png[39m[0m
[  27% ] [90m[1m_update_scan_actions[22m | playercard_mastery_nimaiya.png[39m[0m
[  27% ] [90m[1m_update_scan_actions[22m | playercard_mastery_nobara.png[39m[0m
[  27% ] [90m[1m_update_scan_actions[22m | playercard_mastery_noelle.png[39m[0m
[  27% ] [90m[1m_update_scan_actions[22m | playercard_mastery_nonon.png[39m[0m
[  27% ] [90m[1m_update_scan_actions[22m | playercard_mastery_omniman.png[39m[0m
[  27% ] [90m[1m_update_scan_actions[22m | playercard_mastery_omnimon.png[39m[0m
[  27% ] [90m[1m_update_scan_actions[22m | playercard_mastery_orihime.png[39m[0m
[  27% ] [90m[1m_update_scan_actions[22m | playercard_mastery_pegasus.png[39m[0m
[  27% ] [90m[1m_update_scan_actions[22m | playercard_mastery_renamon.png[39m[0m
[  27% ] [90m[1m_update_scan_actions[22m | playercard_mastery_rengoku.png[39m[0m
[  27% ] [90m[1m_update_scan_actions[22m | playercard_mastery_rimuru.png[39m[0m
[  27% ] [90m[1m_update_scan_actions[22m | playercard_mastery_rob.png[39m[0m
[  27% ] [90m[1m_update_scan_actions[22m | playercard_mastery_ryohei.png[39m[0m
[  27% ] [90m[1m_update_scan_actions[22m | playercard_mastery_ryuko.png[39m[0m
[  27% ] [90m[1m_update_scan_actions[22m | playercard_mastery_saber.png[39m[0m
[  27% ] [90m[1m_update_scan_actions[22m | playercard_mastery_saitama.png[39m[0m
[  27% ] [90m[1m_update_scan_actions[22m | playercard_mastery_sakura.png[39m[0m
[  27% ] [90m[1m_update_scan_actions[22m | playercard_mastery_sasuke.png[39m[0m
[  27% ] [90m[1m_update_scan_actions[22m | playercard_mastery_satsuki.png[39m[0m
[  27% ] [90m[1m_update_scan_actions[22m | playercard_mastery_saturn.png[39m[0m
[  27% ] [90m[1m_update_scan_actions[22m | playercard_mastery_sayaka.png[39m[0m
[  27% ] [90m[1m_update_scan_actions[22m | playercard_mastery_semiramis.png[39m[0m
[  28% ] [90m[1m_update_scan_actions[22m | playercard_mastery_sheele.png[39m[0m
[  28% ] [90m[1m_update_scan_actions[22m | playercard_mastery_shinoa.png[39m[0m
[  28% ] [90m[1m_update_scan_actions[22m | playercard_mastery_shinra.png[39m[0m
[  28% ] [90m[1m_update_scan_actions[22m | playercard_mastery_shiro.png[39m[0m
[  28% ] [90m[1m_update_scan_actions[22m | playercard_mastery_shokuhou.png[39m[0m
[  28% ] [90m[1m_update_scan_actions[22m | playercard_mastery_soul.png[39m[0m
[  28% ] [90m[1m_update_scan_actions[22m | playercard_mastery_squalo.png[39m[0m
[  28% ] [90m[1m_update_scan_actions[22m | playercard_mastery_sukuna.png[39m[0m
[  28% ] [90m[1m_update_scan_actions[22m | playercard_mastery_tamaki.png[39m[0m
[  28% ] [90m[1m_update_scan_actions[22m | playercard_mastery_tanjiro.png[39m[0m
[  28% ] [90m[1m_update_scan_actions[22m | playercard_mastery_tatsumaki.png[39m[0m
[  28% ] [90m[1m_update_scan_actions[22m | playercard_mastery_tatsumi.png[39m[0m
[  28% ] [90m[1m_update_scan_actions[22m | playercard_mastery_todoroki.png[39m[0m
[  28% ] [90m[1m_update_scan_actions[22m | playercard_mastery_toga.png[39m[0m
[  28% ] [90m[1m_update_scan_actions[22m | playercard_mastery_toph.png[39m[0m
[  28% ] [90m[1m_update_scan_actions[22m | playercard_mastery_toudou.png[39m[0m
[  28% ] [90m[1m_update_scan_actions[22m | playercard_mastery_touka.png[39m[0m
[  28% ] [90m[1m_update_scan_actions[22m | playercard_mastery_tsubaki.png[39m[0m
[  28% ] [90m[1m_update_scan_actions[22m | playercard_mastery_tsunayoshi.png[39m[0m
[  28% ] [90m[1m_update_scan_actions[22m | playercard_mastery_tsuyu.png[39m[0m
[  28% ] [90m[1m_update_scan_actions[22m | playercard_mastery_uraraka.png[39m[0m
[  28% ] [90m[1m_update_scan_actions[22m | playercard_mastery_uryu.png[39m[0m
[  28% ] [90m[1m_update_scan_actions[22m | playercard_mastery_usopp.png[39m[0m
[  28% ] [90m[1m_update_scan_actions[22m | playercard_mastery_uzui.png[39m[0m
[  28% ] [90m[1m_update_scan_actions[22m | playercard_mastery_vegeta.png[39m[0m
[  28% ] [90m[1m_update_scan_actions[22m | playercard_mastery_veldora.png[39m[0m
[  28% ] [90m[1m_update_scan_actions[22m | playercard_mastery_venus.png[39m[0m
[  28% ] [90m[1m_update_scan_actions[22m | playercard_mastery_xanxus.png[39m[0m
[  28% ] [90m[1m_update_scan_actions[22m | playercard_mastery_yamamoto.png[39m[0m
[  28% ] [90m[1m_update_scan_actions[22m | playercard_mastery_yoh.png[39m[0m
[  28% ] [90m[1m_update_scan_actions[22m | playercard_mastery_yubel.png[39m[0m
[  28% ] [90m[1m_update_scan_actions[22m | playercard_mastery_yugi.png[39m[0m
[  28% ] [90m[1m_update_scan_actions[22m | playercard_mastery_yuji.png[39m[0m
[  28% ] [90m[1m_update_scan_actions[22m | playercard_mastery_yuno.png[39m[0m
[  28% ] [90m[1m_update_scan_actions[22m | playercard_mastery_zenitsu.png[39m[0m
[  29% ] [90m[1m_update_scan_actions[22m | playercard_mastery_zoro.png[39m[0m
[  29% ] [90m[1m_update_scan_actions[22m | aang1.png[39m[0m
[  29% ] [90m[1m_update_scan_actions[22m | aang2.png[39m[0m
[  29% ] [90m[1m_update_scan_actions[22m | aang3.png[39m[0m
[  29% ] [90m[1m_update_scan_actions[22m | aang4.png[39m[0m
[  29% ] [90m[1m_update_scan_actions[22m | aang5.png[39m[0m
[  29% ] [90m[1m_update_scan_actions[22m | aang6.png[39m[0m
[  29% ] [90m[1m_update_scan_actions[22m | aangnewprof.png[39m[0m
[  29% ] [90m[1m_update_scan_actions[22m | aangprof.png[39m[0m
[  29% ] [90m[1m_update_scan_actions[22m | aang_mastery1.png[39m[0m
[  29% ] [90m[1m_update_scan_actions[22m | aang_mastery2.png[39m[0m
[  29% ] [90m[1m_update_scan_actions[22m | aang_mastery3.png[39m[0m
[  29% ] [90m[1m_update_scan_actions[22m | aang_mastery4.png[39m[0m
[  29% ] [90m[1m_update_scan_actions[22m | aang_mastery5.png[39m[0m
[  29% ] [90m[1m_update_scan_actions[22m | aang_mastery6.png[39m[0m
[  29% ] [90m[1m_update_scan_actions[22m | profile_mastery_aang.png[39m[0m
[  29% ] [90m[1m_update_scan_actions[22m | renjiprof.png[39m[0m
[  29% ] [90m[1m_update_scan_actions[22m | abelprof.png[39m[0m
[  29% ] [90m[1m_update_scan_actions[22m | razorprof.png[39m[0m
[  29% ] [90m[1m_update_scan_actions[22m | acceleratorprof.png[39m[0m
[  29% ] [90m[1m_update_scan_actions[22m | ace1.png[39m[0m
[  29% ] [90m[1m_update_scan_actions[22m | ace2.png[39m[0m
[  29% ] [90m[1m_update_scan_actions[22m | ace3.png[39m[0m
[  29% ] [90m[1m_update_scan_actions[22m | ace4.png[39m[0m
[  29% ] [90m[1m_update_scan_actions[22m | ace5.png[39m[0m
[  29% ] [90m[1m_update_scan_actions[22m | aceprof.png[39m[0m
[  29% ] [90m[1m_update_scan_actions[22m | alt_prof_ace.png[39m[0m
[  29% ] [90m[1m_update_scan_actions[22m | achillesprof.png[39m[0m
[  29% ] [90m[1m_update_scan_actions[22m | acnologiaprof.png[39m[0m
[  29% ] [90m[1m_update_scan_actions[22m | adam1.png[39m[0m
[  29% ] [90m[1m_update_scan_actions[22m | adam2.png[39m[0m
[  29% ] [90m[1m_update_scan_actions[22m | adam3.png[39m[0m
[  29% ] [90m[1m_update_scan_actions[22m | adam4.png[39m[0m
[  29% ] [90m[1m_update_scan_actions[22m | adam5.png[39m[0m
[  29% ] [90m[1m_update_scan_actions[22m | adamprof.png[39m[0m
[  30% ] [90m[1m_update_scan_actions[22m | zenitsu1.png[39m[0m
[  30% ] [90m[1m_update_scan_actions[22m | zenitsu2.png[39m[0m
[  30% ] [90m[1m_update_scan_actions[22m | zenitsu3.png[39m[0m
[  30% ] [90m[1m_update_scan_actions[22m | zenitsu4.png[39m[0m
[  30% ] [90m[1m_update_scan_actions[22m | zenitsuprof.png[39m[0m
[  30% ] [90m[1m_update_scan_actions[22m | zenitsuprof_2.png[39m[0m
[  30% ] [90m[1m_update_scan_actions[22m | agumonprof.png[39m[0m
[  30% ] [90m[1m_update_scan_actions[22m | agunimonprof.png[39m[0m
[  30% ] [90m[1m_update_scan_actions[22m | aiprof.png[39m[0m
[  30% ] [90m[1m_update_scan_actions[22m | aiohto1.png[39m[0m
[  30% ] [90m[1m_update_scan_actions[22m | aiohto2.png[39m[0m
[  30% ] [90m[1m_update_scan_actions[22m | aiohto3.png[39m[0m
[  30% ] [90m[1m_update_scan_actions[22m | aiohto4.png[39m[0m
[  30% ] [90m[1m_update_scan_actions[22m | aiohto5.png[39m[0m
[  30% ] [90m[1m_update_scan_actions[22m | aiohto6.png[39m[0m
[  30% ] [90m[1m_update_scan_actions[22m | aiohtoprof.png[39m[0m
[  30% ] [90m[1m_update_scan_actions[22m | aizenprof.png[39m[0m
[  30% ] [90m[1m_update_scan_actions[22m | akainu1.png[39m[0m
[  30% ] [90m[1m_update_scan_actions[22m | akainu2.png[39m[0m
[  30% ] [90m[1m_update_scan_actions[22m | akainu3.png[39m[0m
[  30% ] [90m[1m_update_scan_actions[22m | akainu4.png[39m[0m
[  30% ] [90m[1m_update_scan_actions[22m | akainu5.png[39m[0m
[  30% ] [90m[1m_update_scan_actions[22m | akainuprof.png[39m[0m
[  30% ] [90m[1m_update_scan_actions[22m | akame1.png[39m[0m
[  30% ] [90m[1m_update_scan_actions[22m | akame2.png[39m[0m
[  30% ] [90m[1m_update_scan_actions[22m | akame3.png[39m[0m
[  30% ] [90m[1m_update_scan_actions[22m | akame4.png[39m[0m
[  30% ] [90m[1m_update_scan_actions[22m | akamealtprof1.png[39m[0m
[  30% ] [90m[1m_update_scan_actions[22m | akameprof.png[39m[0m
[  30% ] [90m[1m_update_scan_actions[22m | akazaprof.png[39m[0m
[  30% ] [90m[1m_update_scan_actions[22m | akitaruprof.png[39m[0m
[  30% ] [90m[1m_update_scan_actions[22m | akizaprof.png[39m[0m
[  30% ] [90m[1m_update_scan_actions[22m | alprof.png[39m[0m
[  30% ] [90m[1m_update_scan_actions[22m | alexiaprof.png[39m[0m
[  30% ] [90m[1m_update_scan_actions[22m | allforoneprof.png[39m[0m
[  31% ] [90m[1m_update_scan_actions[22m | allmight1.png[39m[0m
[  31% ] [90m[1m_update_scan_actions[22m | allmight2.png[39m[0m
[  31% ] [90m[1m_update_scan_actions[22m | allmight3.png[39m[0m
[  31% ] [90m[1m_update_scan_actions[22m | allmight4.png[39m[0m
[  31% ] [90m[1m_update_scan_actions[22m | allmight5.png[39m[0m
[  31% ] [90m[1m_update_scan_actions[22m | allmightprof.png[39m[0m
[  31% ] [90m[1m_update_scan_actions[22m | allenprof.png[39m[0m
[  31% ] [90m[1m_update_scan_actions[22m | alphaprof.png[39m[0m
[  31% ] [90m[1m_update_scan_actions[22m | alphamon1.png[39m[0m
[  31% ] [90m[1m_update_scan_actions[22m | alphamon2.png[39m[0m
[  31% ] [90m[1m_update_scan_actions[22m | alphamon3.png[39m[0m
[  31% ] [90m[1m_update_scan_actions[22m | alphamon4.png[39m[0m
[  31% ] [90m[1m_update_scan_actions[22m | alphamon5.png[39m[0m
[  31% ] [90m[1m_update_scan_actions[22m | alphamonprof.png[39m[0m
[  31% ] [90m[1m_update_scan_actions[22m | alphonse1.png[39m[0m
[  31% ] [90m[1m_update_scan_actions[22m | alphonse2.png[39m[0m
[  31% ] [90m[1m_update_scan_actions[22m | alphonse3.png[39m[0m
[  31% ] [90m[1m_update_scan_actions[22m | alphonse4.png[39m[0m
[  31% ] [90m[1m_update_scan_actions[22m | alphonse5.png[39m[0m
[  31% ] [90m[1m_update_scan_actions[22m | alphonseprof.png[39m[0m
[  31% ] [90m[1m_update_scan_actions[22m | alt_prof_alphonse.png[39m[0m
[  31% ] [90m[1m_update_scan_actions[22m | amoprof.png[39m[0m
[  31% ] [90m[1m_update_scan_actions[22m | amonprof.png[39m[0m
[  31% ] [90m[1m_update_scan_actions[22m | android8prof.png[39m[0m
[  31% ] [90m[1m_update_scan_actions[22m | android13prof.png[39m[0m
[  31% ] [90m[1m_update_scan_actions[22m | android16prof.png[39m[0m
[  31% ] [90m[1m_update_scan_actions[22m | seventeen1.png[39m[0m
[  31% ] [90m[1m_update_scan_actions[22m | seventeen2.png[39m[0m
[  31% ] [90m[1m_update_scan_actions[22m | seventeen3.png[39m[0m
[  31% ] [90m[1m_update_scan_actions[22m | seventeen4.png[39m[0m
[  31% ] [90m[1m_update_scan_actions[22m | seventeen5.png[39m[0m
[  31% ] [90m[1m_update_scan_actions[22m | seventeenprof.png[39m[0m
[  31% ] [90m[1m_update_scan_actions[22m | android18prof.png[39m[0m
[  31% ] [90m[1m_update_scan_actions[22m | android19prof.png[39m[0m
[  31% ] [90m[1m_update_scan_actions[22m | angelprof.png[39m[0m
[  32% ] [90m[1m_update_scan_actions[22m | angeldevilprof.png[39m[0m
[  32% ] [90m[1m_update_scan_actions[22m | angstromprof.png[39m[0m
[  32% ] [90m[1m_update_scan_actions[22m | annieprof.png[39m[0m
[  32% ] [90m[1m_update_scan_actions[22m | gaia1.png[39m[0m
[  32% ] [90m[1m_update_scan_actions[22m | gaia2.png[39m[0m
[  32% ] [90m[1m_update_scan_actions[22m | gaia5.png[39m[0m
[  32% ] [90m[1m_update_scan_actions[22m | gaiaprof.png[39m[0m
[  32% ] [90m[1m_update_scan_actions[22m | pyrrhaprof.png[39m[0m
[  32% ] [90m[1m_update_scan_actions[22m | riverdaughterprof.png[39m[0m
[  32% ] [90m[1m_update_scan_actions[22m | sayaprof.png[39m[0m
[  32% ] [90m[1m_update_scan_actions[22m | aokijiprof.png[39m[0m
[  32% ] [90m[1m_update_scan_actions[22m | apocalymonprof.png[39m[0m
[  32% ] [90m[1m_update_scan_actions[22m | apolloprof.png[39m[0m
[  32% ] [90m[1m_update_scan_actions[22m | arachneprof.png[39m[0m
[  32% ] [90m[1m_update_scan_actions[22m | armadillomonprof.png[39m[0m
[  32% ] [90m[1m_update_scan_actions[22m | arminprof.png[39m[0m
[  32% ] [90m[1m_update_scan_actions[22m | arthur1.png[39m[0m
[  32% ] [90m[1m_update_scan_actions[22m | arthur2.png[39m[0m
[  32% ] [90m[1m_update_scan_actions[22m | arthur3.png[39m[0m
[  32% ] [90m[1m_update_scan_actions[22m | arthur4.png[39m[0m
[  32% ] [90m[1m_update_scan_actions[22m | arthur5.png[39m[0m
[  32% ] [90m[1m_update_scan_actions[22m | arthurprof.png[39m[0m
[  32% ] [90m[1m_update_scan_actions[22m | arthursdsprof.png[39m[0m
[  32% ] [90m[1m_update_scan_actions[22m | asprof.png[39m[0m
[  32% ] [90m[1m_update_scan_actions[22m | yoh1.png[39m[0m
[  32% ] [90m[1m_update_scan_actions[22m | yoh2.png[39m[0m
[  32% ] [90m[1m_update_scan_actions[22m | yoh3.png[39m[0m
[  32% ] [90m[1m_update_scan_actions[22m | yoh4.png[39m[0m
[  32% ] [90m[1m_update_scan_actions[22m | yoh5.png[39m[0m
[  32% ] [90m[1m_update_scan_actions[22m | yoh6.png[39m[0m
[  32% ] [90m[1m_update_scan_actions[22m | yohprof.png[39m[0m
[  32% ] [90m[1m_update_scan_actions[22m | asta1.png[39m[0m
[  32% ] [90m[1m_update_scan_actions[22m | asta2.png[39m[0m
[  32% ] [90m[1m_update_scan_actions[22m | asta3.png[39m[0m
[  32% ] [90m[1m_update_scan_actions[22m | asta4.png[39m[0m
[  33% ] [90m[1m_update_scan_actions[22m | astaprof.png[39m[0m
[  33% ] [90m[1m_update_scan_actions[22m | profile_mastery_asta.png[39m[0m
[  33% ] [90m[1m_update_scan_actions[22m | astolfo1.png[39m[0m
[  33% ] [90m[1m_update_scan_actions[22m | astolfo2.png[39m[0m
[  33% ] [90m[1m_update_scan_actions[22m | astolfo3.png[39m[0m
[  33% ] [90m[1m_update_scan_actions[22m | astolfo4.png[39m[0m
[  33% ] [90m[1m_update_scan_actions[22m | astolfo5.png[39m[0m
[  33% ] [90m[1m_update_scan_actions[22m | astolfoprof.png[39m[0m
[  33% ] [90m[1m_update_scan_actions[22m | asumaprof.png[39m[0m
[  33% ] [90m[1m_update_scan_actions[22m | asunaprof.png[39m[0m
[  33% ] [90m[1m_update_scan_actions[22m | atalantaprof.png[39m[0m
[  33% ] [90m[1m_update_scan_actions[22m | atomeve1.png[39m[0m
[  33% ] [90m[1m_update_scan_actions[22m | atomeve2.png[39m[0m
[  33% ] [90m[1m_update_scan_actions[22m | atomeve3.png[39m[0m
[  33% ] [90m[1m_update_scan_actions[22m | atomeve4.png[39m[0m
[  33% ] [90m[1m_update_scan_actions[22m | atomeve5.png[39m[0m
[  33% ] [90m[1m_update_scan_actions[22m | atomeveprof.png[39m[0m
[  33% ] [90m[1m_update_scan_actions[22m | atomeve_mastery1.png[39m[0m
[  33% ] [90m[1m_update_scan_actions[22m | atomeve_mastery2.png[39m[0m
[  33% ] [90m[1m_update_scan_actions[22m | atomeve_mastery3.png[39m[0m
[  33% ] [90m[1m_update_scan_actions[22m | atomeve_mastery4.png[39m[0m
[  33% ] [90m[1m_update_scan_actions[22m | atomeve_mastery5.png[39m[0m
[  33% ] [90m[1m_update_scan_actions[22m | profile_mastery_atomeve.png[39m[0m
[  33% ] [90m[1m_update_scan_actions[22m | atomicprof.png[39m[0m
[  33% ] [90m[1m_update_scan_actions[22m | ayatoprof.png[39m[0m
[  33% ] [90m[1m_update_scan_actions[22m | azulaprof.png[39m[0m
[  33% ] [90m[1m_update_scan_actions[22m | azumaprof.png[39m[0m
[  33% ] [90m[1m_update_scan_actions[22m | babidiprof.png[39m[0m
[  33% ] [90m[1m_update_scan_actions[22m | bacchusprof.png[39m[0m
[  33% ] [90m[1m_update_scan_actions[22m | baekprof.png[39m[0m
[  33% ] [90m[1m_update_scan_actions[22m | baihumonprof.png[39m[0m
[  33% ] [90m[1m_update_scan_actions[22m | bakiprof.png[39m[0m
[  33% ] [90m[1m_update_scan_actions[22m | bakuraprof.png[39m[0m
[  33% ] [90m[1m_update_scan_actions[22m | bambiettaprof.png[39m[0m
[  34% ] [90m[1m_update_scan_actions[22m | alt_prof_ban.png[39m[0m
[  34% ] [90m[1m_update_scan_actions[22m | ban1.png[39m[0m
[  34% ] [90m[1m_update_scan_actions[22m | ban2.png[39m[0m
[  34% ] [90m[1m_update_scan_actions[22m | ban3.png[39m[0m
[  34% ] [90m[1m_update_scan_actions[22m | ban4.png[39m[0m
[  34% ] [90m[1m_update_scan_actions[22m | ban5.png[39m[0m
[  34% ] [90m[1m_update_scan_actions[22m | ban6.png[39m[0m
[  34% ] [90m[1m_update_scan_actions[22m | banprof.png[39m[0m
[  34% ] [90m[1m_update_scan_actions[22m | bans2.png[39m[0m
[  34% ] [90m[1m_update_scan_actions[22m | keithprof.png[39m[0m
[  34% ] [90m[1m_update_scan_actions[22m | bardockprof.png[39m[0m
[  34% ] [90m[1m_update_scan_actions[22m | barraganprof.png[39m[0m
[  34% ] [90m[1m_update_scan_actions[22m | kumaprof.png[39m[0m
[  34% ] [90m[1m_update_scan_actions[22m | basilprof.png[39m[0m
[  34% ] [90m[1m_update_scan_actions[22m | battlebeastprof.png[39m[0m
[  34% ] [90m[1m_update_scan_actions[22m | beamprof.png[39m[0m
[  34% ] [90m[1m_update_scan_actions[22m | beatriceprof.png[39m[0m
[  34% ] [90m[1m_update_scan_actions[22m | beatrixprof.png[39m[0m
[  34% ] [90m[1m_update_scan_actions[22m | beelzebubprof.png[39m[0m
[  34% ] [90m[1m_update_scan_actions[22m | beerusprof.png[39m[0m
[  34% ] [90m[1m_update_scan_actions[22m | beetlemonprof.png[39m[0m
[  34% ] [90m[1m_update_scan_actions[22m | belphegorprof.png[39m[0m
[  34% ] [90m[1m_update_scan_actions[22m | benimaruffprof.png[39m[0m
[  34% ] [90m[1m_update_scan_actions[22m | bertoltprof.png[39m[0m
[  34% ] [90m[1m_update_scan_actions[22m | jeanistprof.png[39m[0m
[  34% ] [90m[1m_update_scan_actions[22m | bg9prof.png[39m[0m
[  34% ] [90m[1m_update_scan_actions[22m | bickslowprof.png[39m[0m
[  34% ] [90m[1m_update_scan_actions[22m | bigmomprof.png[39m[0m
[  34% ] [90m[1m_update_scan_actions[22m | biscuitprof.png[39m[0m
[  34% ] [90m[1m_update_scan_actions[22m | biyomonprof.png[39m[0m
[  34% ] [90m[1m_update_scan_actions[22m | alt_prof_blackstar.png[39m[0m
[  34% ] [90m[1m_update_scan_actions[22m | blackstar2.png[39m[0m
[  34% ] [90m[1m_update_scan_actions[22m | blackstar3.png[39m[0m
[  34% ] [90m[1m_update_scan_actions[22m | blackstar4.png[39m[0m
[  34% ] [90m[1m_update_scan_actions[22m | blackstar5.png[39m[0m
[  35% ] [90m[1m_update_scan_actions[22m | blackstar6.png[39m[0m
[  35% ] [90m[1m_update_scan_actions[22m | blackstar8.png[39m[0m
[  35% ] [90m[1m_update_scan_actions[22m | blackstarprof.png[39m[0m
[  35% ] [90m[1m_update_scan_actions[22m | blackwargreymon1.png[39m[0m
[  35% ] [90m[1m_update_scan_actions[22m | blackwargreymon2.png[39m[0m
[  35% ] [90m[1m_update_scan_actions[22m | blackwargreymon3.png[39m[0m
[  35% ] [90m[1m_update_scan_actions[22m | blackwargreymon4.png[39m[0m
[  35% ] [90m[1m_update_scan_actions[22m | blackwargreymon5.png[39m[0m
[  35% ] [90m[1m_update_scan_actions[22m | blackwargreymonprof.png[39m[0m
[  35% ] [90m[1m_update_scan_actions[22m | blueprof.png[39m[0m
[  35% ] [90m[1m_update_scan_actions[22m | bluebeardprof.png[39m[0m
[  35% ] [90m[1m_update_scan_actions[22m | bluebellprof.png[39m[0m
[  35% ] [90m[1m_update_scan_actions[22m | bojackprof.png[39m[0m
[  35% ] [90m[1m_update_scan_actions[22m | bolinprof.png[39m[0m
[  35% ] [90m[1m_update_scan_actions[22m | borosprof.png[39m[0m
[  35% ] [90m[1m_update_scan_actions[22m | borsprof.png[39m[0m
[  35% ] [90m[1m_update_scan_actions[22m | broly1.png[39m[0m
[  35% ] [90m[1m_update_scan_actions[22m | broly2.png[39m[0m
[  35% ] [90m[1m_update_scan_actions[22m | broly3.png[39m[0m
[  35% ] [90m[1m_update_scan_actions[22m | broly4.png[39m[0m
[  35% ] [90m[1m_update_scan_actions[22m | broly5.png[39m[0m
[  35% ] [90m[1m_update_scan_actions[22m | broly6.png[39m[0m
[  35% ] [90m[1m_update_scan_actions[22m | brolyprof.png[39m[0m
[  35% ] [90m[1m_update_scan_actions[22m | buddhaprof.png[39m[0m
[  35% ] [90m[1m_update_scan_actions[22m | ashprof.png[39m[0m
[  35% ] [90m[1m_update_scan_actions[22m | bulb.png[39m[0m
[  35% ] [90m[1m_update_scan_actions[22m | bulbasaur1.PNG[39m[0m
[  35% ] [90m[1m_update_scan_actions[22m | bulbasaur2.png[39m[0m
[  35% ] [90m[1m_update_scan_actions[22m | bulbasaur3.png[39m[0m
[  35% ] [90m[1m_update_scan_actions[22m | bulbasaur4.png[39m[0m
[  35% ] [90m[1m_update_scan_actions[22m | bulbasaur5.png[39m[0m
[  35% ] [90m[1m_update_scan_actions[22m | bulbasaurprof.png[39m[0m
[  35% ] [90m[1m_update_scan_actions[22m | charmander.png[39m[0m
[  35% ] [90m[1m_update_scan_actions[22m | leech.png[39m[0m
[  35% ] [90m[1m_update_scan_actions[22m | leechseed.png[39m[0m
[  36% ] [90m[1m_update_scan_actions[22m | pija.png[39m[0m
[  36% ] [90m[1m_update_scan_actions[22m | pokedex.PNG[39m[0m
[  36% ] [90m[1m_update_scan_actions[22m | return.PNG[39m[0m
[  36% ] [90m[1m_update_scan_actions[22m | squirtle.png[39m[0m
[  36% ] [90m[1m_update_scan_actions[22m | burterprof.png[39m[0m
[  36% ] [90m[1m_update_scan_actions[22m | byakuranprof.png[39m[0m
[  36% ] [90m[1m_update_scan_actions[22m | alt_prof_byakuya.png[39m[0m
[  36% ] [90m[1m_update_scan_actions[22m | byakuya1.png[39m[0m
[  36% ] [90m[1m_update_scan_actions[22m | byakuya2.png[39m[0m
[  36% ] [90m[1m_update_scan_actions[22m | byakuya3.png[39m[0m
[  36% ] [90m[1m_update_scan_actions[22m | byakuya4.png[39m[0m
[  36% ] [90m[1m_update_scan_actions[22m | byakuyaalt1.png[39m[0m
[  36% ] [90m[1m_update_scan_actions[22m | byakuyaalt2.png[39m[0m
[  36% ] [90m[1m_update_scan_actions[22m | byakuyaprof.png[39m[0m
[  36% ] [90m[1m_update_scan_actions[22m | senka.png[39m[0m
[  36% ] [90m[1m_update_scan_actions[22m | canaprof.png[39m[0m
[  36% ] [90m[1m_update_scan_actions[22m | candiceprof.png[39m[0m
[  36% ] [90m[1m_update_scan_actions[22m | cangprof.png[39m[0m
[  36% ] [90m[1m_update_scan_actions[22m | capellaprof.png[39m[0m
[  36% ] [90m[1m_update_scan_actions[22m | capricoprof.png[39m[0m
[  36% ] [90m[1m_update_scan_actions[22m | carrionprof.png[39m[0m
[  36% ] [90m[1m_update_scan_actions[22m | cecilprof.png[39m[0m
[  36% ] [90m[1m_update_scan_actions[22m | cell1.png[39m[0m
[  36% ] [90m[1m_update_scan_actions[22m | cell2.png[39m[0m
[  36% ] [90m[1m_update_scan_actions[22m | cell3.png[39m[0m
[  36% ] [90m[1m_update_scan_actions[22m | cell4.png[39m[0m
[  36% ] [90m[1m_update_scan_actions[22m | cell5.png[39m[0m
[  36% ] [90m[1m_update_scan_actions[22m | cell6.png[39m[0m
[  36% ] [90m[1m_update_scan_actions[22m | cell7.png[39m[0m
[  36% ] [90m[1m_update_scan_actions[22m | cell8.png[39m[0m
[  36% ] [90m[1m_update_scan_actions[22m | cellaltprof1.png[39m[0m
[  36% ] [90m[1m_update_scan_actions[22m | cellaltprof.png[39m[0m
[  36% ] [90m[1m_update_scan_actions[22m | cellprof.png[39m[0m
[  36% ] [90m[1m_update_scan_actions[22m | cellwarprof.png[39m[0m
[  36% ] [90m[1m_update_scan_actions[22m | chaprof.png[39m[0m
[  37% ] [90m[1m_update_scan_actions[22m | chandlerprof.png[39m[0m
[  37% ] [90m[1m_update_scan_actions[22m | katakuriprof.png[39m[0m
[  37% ] [90m[1m_update_scan_actions[22m | charlotteprof.png[39m[0m
[  37% ] [90m[1m_update_scan_actions[22m | charmander1.png[39m[0m
[  37% ] [90m[1m_update_scan_actions[22m | charmander2.png[39m[0m
[  37% ] [90m[1m_update_scan_actions[22m | charmander3.png[39m[0m
[  37% ] [90m[1m_update_scan_actions[22m | charmander4.png[39m[0m
[  37% ] [90m[1m_update_scan_actions[22m | charmander5.png[39m[0m
[  37% ] [90m[1m_update_scan_actions[22m | charmander6.png[39m[0m
[  37% ] [90m[1m_update_scan_actions[22m | charmanderprof.png[39m[0m
[  37% ] [90m[1m_update_scan_actions[22m | charmyprof.png[39m[0m
[  37% ] [90m[1m_update_scan_actions[22m | charonprof.png[39m[0m
[  37% ] [90m[1m_update_scan_actions[22m | chelseaprof.png[39m[0m
[  37% ] [90m[1m_update_scan_actions[22m | chiaotzuprof.png[39m[0m
[  37% ] [90m[1m_update_scan_actions[22m | childemperorprof.png[39m[0m
[  37% ] [90m[1m_update_scan_actions[22m | choiprof.png[39m[0m
[  37% ] [90m[1m_update_scan_actions[22m | chojiprof.png[39m[0m
[  37% ] [90m[1m_update_scan_actions[22m | chosoprof.png[39m[0m
[  37% ] [90m[1m_update_scan_actions[22m | chrisprof.png[39m[0m
[  37% ] [90m[1m_update_scan_actions[22m | chrolloprof.png[39m[0m
[  37% ] [90m[1m_update_scan_actions[22m | chrome1.png[39m[0m
[  37% ] [90m[1m_update_scan_actions[22m | chrome2.png[39m[0m
[  37% ] [90m[1m_update_scan_actions[22m | chrome3.png[39m[0m
[  37% ] [90m[1m_update_scan_actions[22m | chrome4.png[39m[0m
[  37% ] [90m[1m_update_scan_actions[22m | chromealtprof1.png[39m[0m
[  37% ] [90m[1m_update_scan_actions[22m | chromeprof.png[39m[0m
[  37% ] [90m[1m_update_scan_actions[22m | rokudoprof.png[39m[0m
[  37% ] [90m[1m_update_scan_actions[22m | chuprof.png[39m[0m
[  37% ] [90m[1m_update_scan_actions[22m | chuuprof.png[39m[0m
[  37% ] [90m[1m_update_scan_actions[22m | cidprof.png[39m[0m
[  37% ] [90m[1m_update_scan_actions[22m | clareprof.png[39m[0m
[  37% ] [90m[1m_update_scan_actions[22m | claymanprof.png[39m[0m
[  37% ] [90m[1m_update_scan_actions[22m | cobraprof.png[39m[0m
[  37% ] [90m[1m_update_scan_actions[22m | conquestprof.png[39m[0m
[  37% ] [90m[1m_update_scan_actions[22m | cooler1.png[39m[0m
[  38% ] [90m[1m_update_scan_actions[22m | cooler2.png[39m[0m
[  38% ] [90m[1m_update_scan_actions[22m | cooler3.png[39m[0m
[  38% ] [90m[1m_update_scan_actions[22m | cooler4.png[39m[0m
[  38% ] [90m[1m_update_scan_actions[22m | cooler5.png[39m[0m
[  38% ] [90m[1m_update_scan_actions[22m | cooler6.png[39m[0m
[  38% ] [90m[1m_update_scan_actions[22m | cooleraltprof.png[39m[0m
[  38% ] [90m[1m_update_scan_actions[22m | coolerprof.png[39m[0m
[  38% ] [90m[1m_update_scan_actions[22m | starrkprof.png[39m[0m
[  38% ] [90m[1m_update_scan_actions[22m | crocodileprof.png[39m[0m
[  38% ] [90m[1m_update_scan_actions[22m | crona1.png[39m[0m
[  38% ] [90m[1m_update_scan_actions[22m | crona2.png[39m[0m
[  38% ] [90m[1m_update_scan_actions[22m | crona3.png[39m[0m
[  38% ] [90m[1m_update_scan_actions[22m | crona4.png[39m[0m
[  38% ] [90m[1m_update_scan_actions[22m | crona5.png[39m[0m
[  38% ] [90m[1m_update_scan_actions[22m | crona6.png[39m[0m
[  38% ] [90m[1m_update_scan_actions[22m | cronaprof.png[39m[0m
[  38% ] [90m[1m_update_scan_actions[22m | crusadermonprof.png[39m[0m
[  38% ] [90m[1m_update_scan_actions[22m | cruschprof.png[39m[0m
[  38% ] [90m[1m_update_scan_actions[22m | curiousprof.png[39m[0m
[  38% ] [90m[1m_update_scan_actions[22m | cusackprof.png[39m[0m
[  38% ] [90m[1m_update_scan_actions[22m | dabiprof.png[39m[0m
[  38% ] [90m[1m_update_scan_actions[22m | daburaprof.png[39m[0m
[  38% ] [90m[1m_update_scan_actions[22m | daidaraprof.png[39m[0m
[  38% ] [90m[1m_update_scan_actions[22m | daisyprof.png[39m[0m
[  38% ] [90m[1m_update_scan_actions[22m | dakiprof.png[39m[0m
[  38% ] [90m[1m_update_scan_actions[22m | danteprof.png[39m[0m
[  38% ] [90m[1m_update_scan_actions[22m | darkwing2prof.png[39m[0m
[  38% ] [90m[1m_update_scan_actions[22m | death1.png[39m[0m
[  38% ] [90m[1m_update_scan_actions[22m | death2.png[39m[0m
[  38% ] [90m[1m_update_scan_actions[22m | death3.png[39m[0m
[  38% ] [90m[1m_update_scan_actions[22m | death4.png[39m[0m
[  38% ] [90m[1m_update_scan_actions[22m | death5.png[39m[0m
[  38% ] [90m[1m_update_scan_actions[22m | deathprof.png[39m[0m
[  38% ] [90m[1m_update_scan_actions[22m | deathgatlingprof.png[39m[0m
[  38% ] [90m[1m_update_scan_actions[22m | deaththekidprof.png[39m[0m
[  39% ] [90m[1m_update_scan_actions[22m | kid1.png[39m[0m
[  39% ] [90m[1m_update_scan_actions[22m | kid2.png[39m[0m
[  39% ] [90m[1m_update_scan_actions[22m | kid3.png[39m[0m
[  39% ] [90m[1m_update_scan_actions[22m | kid4.png[39m[0m
[  39% ] [90m[1m_update_scan_actions[22m | kid5.png[39m[0m
[  39% ] [90m[1m_update_scan_actions[22m | kid6.png[39m[0m
[  39% ] [90m[1m_update_scan_actions[22m | kidprof.png[39m[0m
[  39% ] [90m[1m_update_scan_actions[22m | deepseakingprof.png[39m[0m
[  39% ] [90m[1m_update_scan_actions[22m | deidaraprof.png[39m[0m
[  39% ] [90m[1m_update_scan_actions[22m | deltaprof.png[39m[0m
[  39% ] [90m[1m_update_scan_actions[22m | demonkingprof.png[39m[0m
[  39% ] [90m[1m_update_scan_actions[22m | denji1.png[39m[0m
[  39% ] [90m[1m_update_scan_actions[22m | denji2.png[39m[0m
[  39% ] [90m[1m_update_scan_actions[22m | denji3.png[39m[0m
[  39% ] [90m[1m_update_scan_actions[22m | denji4.png[39m[0m
[  39% ] [90m[1m_update_scan_actions[22m | denji5.png[39m[0m
[  39% ] [90m[1m_update_scan_actions[22m | denji6.png[39m[0m
[  39% ] [90m[1m_update_scan_actions[22m | denjiprof.png[39m[0m
[  39% ] [90m[1m_update_scan_actions[22m | derieriprof.png[39m[0m
[  39% ] [90m[1m_update_scan_actions[22m | devimonprof.png[39m[0m
[  39% ] [90m[1m_update_scan_actions[22m | diane1.png[39m[0m
[  39% ] [90m[1m_update_scan_actions[22m | diane2.png[39m[0m
[  39% ] [90m[1m_update_scan_actions[22m | diane3.png[39m[0m
[  39% ] [90m[1m_update_scan_actions[22m | diane4.png[39m[0m
[  39% ] [90m[1m_update_scan_actions[22m | diane5.png[39m[0m
[  39% ] [90m[1m_update_scan_actions[22m | dianeprof.png[39m[0m
[  39% ] [90m[1m_update_scan_actions[22m | profile_mastery_diane.png[39m[0m
[  39% ] [90m[1m_update_scan_actions[22m | diarmuidprof.png[39m[0m
[  39% ] [90m[1m_update_scan_actions[22m | lyserg1.png[39m[0m
[  39% ] [90m[1m_update_scan_actions[22m | lyserg2.png[39m[0m
[  39% ] [90m[1m_update_scan_actions[22m | lyserg3.png[39m[0m
[  39% ] [90m[1m_update_scan_actions[22m | lyserg4.png[39m[0m
[  39% ] [90m[1m_update_scan_actions[22m | lyserg5.png[39m[0m
[  39% ] [90m[1m_update_scan_actions[22m | lyserg6.png[39m[0m
[  39% ] [90m[1m_update_scan_actions[22m | lysergprof.png[39m[0m
[  40% ] [90m[1m_update_scan_actions[22m | dinoprof.png[39m[0m
[  40% ] [90m[1m_update_scan_actions[22m | dodoriaprof.png[39m[0m
[  40% ] [90m[1m_update_scan_actions[22m | doflamingoprof.png[39m[0m
[  40% ] [90m[1m_update_scan_actions[22m | doppelgangerprof.png[39m[0m
[  40% ] [90m[1m_update_scan_actions[22m | doranboltprof.png[39m[0m
[  40% ] [90m[1m_update_scan_actions[22m | dorothyprof.png[39m[0m
[  40% ] [90m[1m_update_scan_actions[22m | dotprof.png[39m[0m
[  40% ] [90m[1m_update_scan_actions[22m | mihawkprof.png[39m[0m
[  40% ] [90m[1m_update_scan_actions[22m | driveknightprof.png[39m[0m
[  40% ] [90m[1m_update_scan_actions[22m | droleprof.png[39m[0m
[  40% ] [90m[1m_update_scan_actions[22m | duftmonprof.png[39m[0m
[  40% ] [90m[1m_update_scan_actions[22m | dukeprof.png[39m[0m
[  40% ] [90m[1m_update_scan_actions[22m | duplikateprof.png[39m[0m
[  40% ] [90m[1m_update_scan_actions[22m | duskmonprof.png[39m[0m
[  40% ] [90m[1m_update_scan_actions[22m | dynasmonprof.png[39m[0m
[  40% ] [90m[1m_update_scan_actions[22m | ebonwumonprof.png[39m[0m
[  40% ] [90m[1m_update_scan_actions[22m | echidnaprof.png[39m[0m
[  40% ] [90m[1m_update_scan_actions[22m | alt_prof_edward.png[39m[0m
[  40% ] [90m[1m_update_scan_actions[22m | edward1.png[39m[0m
[  40% ] [90m[1m_update_scan_actions[22m | edward2.png[39m[0m
[  40% ] [90m[1m_update_scan_actions[22m | edward3.png[39m[0m
[  40% ] [90m[1m_update_scan_actions[22m | edward4.png[39m[0m
[  40% ] [90m[1m_update_scan_actions[22m | edward5.png[39m[0m
[  40% ] [90m[1m_update_scan_actions[22m | edwardprof.png[39m[0m
[  40% ] [90m[1m_update_scan_actions[22m | redriotprof.png[39m[0m
[  40% ] [90m[1m_update_scan_actions[22m | eisshenronprof.png[39m[0m
[  40% ] [90m[1m_update_scan_actions[22m | elaineprof.png[39m[0m
[  40% ] [90m[1m_update_scan_actions[22m | elfmanprof.png[39m[0m
[  40% ] [90m[1m_update_scan_actions[22m | elizabethprof.png[39m[0m
[  40% ] [90m[1m_update_scan_actions[22m | lizprof.png[39m[0m
[  40% ] [90m[1m_update_scan_actions[22m | elsaprof.png[39m[0m
[  40% ] [90m[1m_update_scan_actions[22m | emiliaprof.png[39m[0m
[  40% ] [90m[1m_update_scan_actions[22m | alt_prof_emiyaarcher.png[39m[0m
[  40% ] [90m[1m_update_scan_actions[22m | emiyaarcher1.png[39m[0m
[  40% ] [90m[1m_update_scan_actions[22m | emiyaarcher2.png[39m[0m
[  41% ] [90m[1m_update_scan_actions[22m | emiyaarcher3.png[39m[0m
[  41% ] [90m[1m_update_scan_actions[22m | emiyaarcher4.png[39m[0m
[  41% ] [90m[1m_update_scan_actions[22m | emiyaarcher5.png[39m[0m
[  41% ] [90m[1m_update_scan_actions[22m | emiyaarcherprof.png[39m[0m
[  41% ] [90m[1m_update_scan_actions[22m | alt_prof_emiya.png[39m[0m
[  41% ] [90m[1m_update_scan_actions[22m | emiya1.png[39m[0m
[  41% ] [90m[1m_update_scan_actions[22m | emiya2.png[39m[0m
[  41% ] [90m[1m_update_scan_actions[22m | emiya3.png[39m[0m
[  41% ] [90m[1m_update_scan_actions[22m | emiya4.png[39m[0m
[  41% ] [90m[1m_update_scan_actions[22m | emiya5.png[39m[0m
[  41% ] [90m[1m_update_scan_actions[22m | emiya6.png[39m[0m
[  41% ] [90m[1m_update_scan_actions[22m | emiya7.png[39m[0m
[  41% ] [90m[1m_update_scan_actions[22m | emiyaprof.png[39m[0m
[  41% ] [90m[1m_update_scan_actions[22m | shirouprof.png[39m[0m
[  41% ] [90m[1m_update_scan_actions[22m | endeavorprof.png[39m[0m
[  41% ] [90m[1m_update_scan_actions[22m | enelprof.png[39m[0m
[  41% ] [90m[1m_update_scan_actions[22m | enjinprof.png[39m[0m
[  41% ] [90m[1m_update_scan_actions[22m | enmuprof.png[39m[0m
[  41% ] [90m[1m_update_scan_actions[22m | eraserprof.png[39m[0m
[  41% ] [90m[1m_update_scan_actions[22m | eren1.png[39m[0m
[  41% ] [90m[1m_update_scan_actions[22m | eren2.png[39m[0m
[  41% ] [90m[1m_update_scan_actions[22m | eren3.png[39m[0m
[  41% ] [90m[1m_update_scan_actions[22m | eren4.png[39m[0m
[  41% ] [90m[1m_update_scan_actions[22m | eren5.png[39m[0m
[  41% ] [90m[1m_update_scan_actions[22m | eren6.png[39m[0m
[  41% ] [90m[1m_update_scan_actions[22m | eren7.png[39m[0m
[  41% ] [90m[1m_update_scan_actions[22m | eren8.png[39m[0m
[  41% ] [90m[1m_update_scan_actions[22m | erenprof.png[39m[0m
[  41% ] [90m[1m_update_scan_actions[22m | erenprof_2.png[39m[0m
[  41% ] [90m[1m_update_scan_actions[22m | eren_mastery1.png[39m[0m
[  41% ] [90m[1m_update_scan_actions[22m | eren_mastery2.png[39m[0m
[  41% ] [90m[1m_update_scan_actions[22m | eren_mastery3.png[39m[0m
[  41% ] [90m[1m_update_scan_actions[22m | eren_mastery4.png[39m[0m
[  41% ] [90m[1m_update_scan_actions[22m | eren_mastery5.png[39m[0m
[  41% ] [90m[1m_update_scan_actions[22m | eren_mastery6.png[39m[0m
[  42% ] [90m[1m_update_scan_actions[22m | eren_mastery7.png[39m[0m
[  42% ] [90m[1m_update_scan_actions[22m | eren_mastery8.png[39m[0m
[  42% ] [90m[1m_update_scan_actions[22m | profile_mastery_eren.png[39m[0m
[  42% ] [90m[1m_update_scan_actions[22m | erukaprof.png[39m[0m
[  42% ] [90m[1m_update_scan_actions[22m | erwinprof.png[39m[0m
[  42% ] [90m[1m_update_scan_actions[22m | alt_prof_erza.png[39m[0m
[  42% ] [90m[1m_update_scan_actions[22m | clear_heart.png[39m[0m
[  42% ] [90m[1m_update_scan_actions[22m | erza1.png[39m[0m
[  42% ] [90m[1m_update_scan_actions[22m | erza2.png[39m[0m
[  42% ] [90m[1m_update_scan_actions[22m | erza3.png[39m[0m
[  42% ] [90m[1m_update_scan_actions[22m | erza4.png[39m[0m
[  42% ] [90m[1m_update_scan_actions[22m | erzaprof.png[39m[0m
[  42% ] [90m[1m_update_scan_actions[22m | heavens_wheel.png[39m[0m
[  42% ] [90m[1m_update_scan_actions[22m | nakagamis.png[39m[0m
[  42% ] [90m[1m_update_scan_actions[22m | escanor1.png[39m[0m
[  42% ] [90m[1m_update_scan_actions[22m | escanor2.png[39m[0m
[  42% ] [90m[1m_update_scan_actions[22m | escanor3.png[39m[0m
[  42% ] [90m[1m_update_scan_actions[22m | escanor4.png[39m[0m
[  42% ] [90m[1m_update_scan_actions[22m | escanor5.png[39m[0m
[  42% ] [90m[1m_update_scan_actions[22m | escanor6.png[39m[0m
[  42% ] [90m[1m_update_scan_actions[22m | escanorprof.png[39m[0m
[  42% ] [90m[1m_update_scan_actions[22m | esdeath1.png[39m[0m
[  42% ] [90m[1m_update_scan_actions[22m | esdeath2.png[39m[0m
[  42% ] [90m[1m_update_scan_actions[22m | esdeath3.png[39m[0m
[  42% ] [90m[1m_update_scan_actions[22m | esdeath4.png[39m[0m
[  42% ] [90m[1m_update_scan_actions[22m | esdeath5.png[39m[0m
[  42% ] [90m[1m_update_scan_actions[22m | esdeathprof.png[39m[0m
[  42% ] [90m[1m_update_scan_actions[22m | estarossaprof.png[39m[0m
[  42% ] [90m[1m_update_scan_actions[22m | etemonprof.png[39m[0m
[  42% ] [90m[1m_update_scan_actions[22m | etoprof.png[39m[0m
[  42% ] [90m[1m_update_scan_actions[22m | eustassprof.png[39m[0m
[  42% ] [90m[1m_update_scan_actions[22m | evilnaturalwaterprof.png[39m[0m
[  42% ] [90m[1m_update_scan_actions[22m | excaliburprof.png[39m[0m
[  42% ] [90m[1m_update_scan_actions[22m | falcomonprof.png[39m[0m
[  42% ] [90m[1m_update_scan_actions[22m | feitanprof.png[39m[0m
[  43% ] [90m[1m_update_scan_actions[22m | feltprof.png[39m[0m
[  43% ] [90m[1m_update_scan_actions[22m | fern1.png[39m[0m
[  43% ] [90m[1m_update_scan_actions[22m | fern2.png[39m[0m
[  43% ] [90m[1m_update_scan_actions[22m | fern3.png[39m[0m
[  43% ] [90m[1m_update_scan_actions[22m | fern4.png[39m[0m
[  43% ] [90m[1m_update_scan_actions[22m | fern5.png[39m[0m
[  43% ] [90m[1m_update_scan_actions[22m | fernprof.png[39m[0m
[  43% ] [90m[1m_update_scan_actions[22m | finnprof.png[39m[0m
[  43% ] [90m[1m_update_scan_actions[22m | flashyprof.png[39m[0m
[  43% ] [90m[1m_update_scan_actions[22m | steinprof.png[39m[0m
[  43% ] [90m[1m_update_scan_actions[22m | alt_prof_frankenstein.png[39m[0m
[  43% ] [90m[1m_update_scan_actions[22m | frankenstein1.png[39m[0m
[  43% ] [90m[1m_update_scan_actions[22m | frankenstein2.png[39m[0m
[  43% ] [90m[1m_update_scan_actions[22m | frankenstein3.png[39m[0m
[  43% ] [90m[1m_update_scan_actions[22m | frankenstein4.png[39m[0m
[  43% ] [90m[1m_update_scan_actions[22m | frankensteinprof.png[39m[0m
[  43% ] [90m[1m_update_scan_actions[22m | franklinprof.png[39m[0m
[  43% ] [90m[1m_update_scan_actions[22m | frankyprof.png[39m[0m
[  43% ] [90m[1m_update_scan_actions[22m | fraudrinprof.png[39m[0m
[  43% ] [90m[1m_update_scan_actions[22m | fredericaprof.png[39m[0m
[  43% ] [90m[1m_update_scan_actions[22m | freedprof.png[39m[0m
[  43% ] [90m[1m_update_scan_actions[22m | frendaprof.png[39m[0m
[  43% ] [90m[1m_update_scan_actions[22m | alt_prof_frieren.png[39m[0m
[  43% ] [90m[1m_update_scan_actions[22m | frieren1.png[39m[0m
[  43% ] [90m[1m_update_scan_actions[22m | frieren2.png[39m[0m
[  43% ] [90m[1m_update_scan_actions[22m | frieren3.png[39m[0m
[  43% ] [90m[1m_update_scan_actions[22m | frieren4.png[39m[0m
[  43% ] [90m[1m_update_scan_actions[22m | frieren5.png[39m[0m
[  43% ] [90m[1m_update_scan_actions[22m | frieren6.png[39m[0m
[  43% ] [90m[1m_update_scan_actions[22m | frieren7.png[39m[0m
[  43% ] [90m[1m_update_scan_actions[22m | frierenprof.png[39m[0m
[  43% ] [90m[1m_update_scan_actions[22m | frieza1.png[39m[0m
[  43% ] [90m[1m_update_scan_actions[22m | frieza2.png[39m[0m
[  43% ] [90m[1m_update_scan_actions[22m | frieza3.png[39m[0m
[  43% ] [90m[1m_update_scan_actions[22m | frieza4.png[39m[0m
[  44% ] [90m[1m_update_scan_actions[22m | frieza5.png[39m[0m
[  44% ] [90m[1m_update_scan_actions[22m | frieza6.png[39m[0m
[  44% ] [90m[1m_update_scan_actions[22m | friezaprof.png[39m[0m
[  44% ] [90m[1m_update_scan_actions[22m | fuegoleonprof.png[39m[0m
[  44% ] [90m[1m_update_scan_actions[22m | fujitoraprof.png[39m[0m
[  44% ] [90m[1m_update_scan_actions[22m | tokoyami1.png[39m[0m
[  44% ] [90m[1m_update_scan_actions[22m | tokoyami2.png[39m[0m
[  44% ] [90m[1m_update_scan_actions[22m | tokoyami3.png[39m[0m
[  44% ] [90m[1m_update_scan_actions[22m | tokoyami4.png[39m[0m
[  44% ] [90m[1m_update_scan_actions[22m | tokoyami5.png[39m[0m
[  44% ] [90m[1m_update_scan_actions[22m | tokoyamiprof.png[39m[0m
[  44% ] [90m[1m_update_scan_actions[22m | furutaprof.png[39m[0m
[  44% ] [90m[1m_update_scan_actions[22m | alt_prof_megumi.png[39m[0m
[  44% ] [90m[1m_update_scan_actions[22m | megumi1.png[39m[0m
[  44% ] [90m[1m_update_scan_actions[22m | megumi2.png[39m[0m
[  44% ] [90m[1m_update_scan_actions[22m | megumi3.png[39m[0m
[  44% ] [90m[1m_update_scan_actions[22m | megumi4.png[39m[0m
[  44% ] [90m[1m_update_scan_actions[22m | megumi5.png[39m[0m
[  44% ] [90m[1m_update_scan_actions[22m | megumiprof.png[39m[0m
[  44% ] [90m[1m_update_scan_actions[22m | gaaraprof.png[39m[0m
[  44% ] [90m[1m_update_scan_actions[22m | gabiprof.png[39m[0m
[  44% ] [90m[1m_update_scan_actions[22m | gabiruprof.png[39m[0m
[  44% ] [90m[1m_update_scan_actions[22m | gabumonprof.png[39m[0m
[  44% ] [90m[1m_update_scan_actions[22m | gajeelprof.png[39m[0m
[  44% ] [90m[1m_update_scan_actions[22m | galandprof.png[39m[0m
[  44% ] [90m[1m_update_scan_actions[22m | 1.png[39m[0m
[  44% ] [90m[1m_update_scan_actions[22m | 2.png[39m[0m
[  44% ] [90m[1m_update_scan_actions[22m | 3.png[39m[0m
[  44% ] [90m[1m_update_scan_actions[22m | 4.png[39m[0m
[  44% ] [90m[1m_update_scan_actions[22m | 6.png[39m[0m
[  44% ] [90m[1m_update_scan_actions[22m | 7.png[39m[0m
[  44% ] [90m[1m_update_scan_actions[22m | gallant1.PNG[39m[0m
[  44% ] [90m[1m_update_scan_actions[22m | gallantmonprof.png[39m[0m
[  44% ] [90m[1m_update_scan_actions[22m | iraprof.png[39m[0m
[  44% ] [90m[1m_update_scan_actions[22m | gamefowlprof.png[39m[0m
[  45% ] [90m[1m_update_scan_actions[22m | gankoomonprof.png[39m[0m
[  45% ] [90m[1m_update_scan_actions[22m | ganta1.PNG[39m[0m
[  45% ] [90m[1m_update_scan_actions[22m | ganta2.png[39m[0m
[  45% ] [90m[1m_update_scan_actions[22m | ganta3.PNG[39m[0m
[  45% ] [90m[1m_update_scan_actions[22m | ganta4.png[39m[0m
[  45% ] [90m[1m_update_scan_actions[22m | ganta5.png[39m[0m
[  45% ] [90m[1m_update_scan_actions[22m | ganta.png[39m[0m
[  45% ] [90m[1m_update_scan_actions[22m | gantaprof.png[39m[0m
[  45% ] [90m[1m_update_scan_actions[22m | profile_mastery_ganta.png[39m[0m
[  45% ] [90m[1m_update_scan_actions[22m | garfielprof.png[39m[0m
[  45% ] [90m[1m_update_scan_actions[22m | garlicjrprof.png[39m[0m
[  45% ] [90m[1m_update_scan_actions[22m | garouprof.png[39m[0m
[  45% ] [90m[1m_update_scan_actions[22m | 4.png[39m[0m
[  45% ] [90m[1m_update_scan_actions[22m | 5.png[39m[0m
[  45% ] [90m[1m_update_scan_actions[22m | 6.png[39m[0m
[  45% ] [90m[1m_update_scan_actions[22m | 7.png[39m[0m
[  45% ] [90m[1m_update_scan_actions[22m | 9.png[39m[0m
[  45% ] [90m[1m_update_scan_actions[22m | 10.png[39m[0m
[  45% ] [90m[1m_update_scan_actions[22m | 11.png[39m[0m
[  45% ] [90m[1m_update_scan_actions[22m | 12.png[39m[0m
[  45% ] [90m[1m_update_scan_actions[22m | 13.png[39m[0m
[  45% ] [90m[1m_update_scan_actions[22m | 15.png[39m[0m
[  45% ] [90m[1m_update_scan_actions[22m | 16.png[39m[0m
[  45% ] [90m[1m_update_scan_actions[22m | 17.png[39m[0m
[  45% ] [90m[1m_update_scan_actions[22m | 18.png[39m[0m
[  45% ] [90m[1m_update_scan_actions[22m | 19.png[39m[0m
[  45% ] [90m[1m_update_scan_actions[22m | alt_prof_gatomon.png[39m[0m
[  45% ] [90m[1m_update_scan_actions[22m | gatomonaltprof2.png[39m[0m
[  45% ] [90m[1m_update_scan_actions[22m | gatomonaltprof.png[39m[0m
[  45% ] [90m[1m_update_scan_actions[22m | gatomonprof.png[39m[0m
[  45% ] [90m[1m_update_scan_actions[22m | geminisagaprof.png[39m[0m
[  45% ] [90m[1m_update_scan_actions[22m | genkaiprof.png[39m[0m
[  45% ] [90m[1m_update_scan_actions[22m | genkishiprof.png[39m[0m
[  45% ] [90m[1m_update_scan_actions[22m | genos1.png[39m[0m
[  45% ] [90m[1m_update_scan_actions[22m | genos2.png[39m[0m
[  46% ] [90m[1m_update_scan_actions[22m | genos3.png[39m[0m
[  46% ] [90m[1m_update_scan_actions[22m | genos4.png[39m[0m
[  46% ] [90m[1m_update_scan_actions[22m | genos5.png[39m[0m
[  46% ] [90m[1m_update_scan_actions[22m | genos6.png[39m[0m
[  46% ] [90m[1m_update_scan_actions[22m | genosprof.png[39m[0m
[  46% ] [90m[1m_update_scan_actions[22m | genos_mastery1.png[39m[0m
[  46% ] [90m[1m_update_scan_actions[22m | genos_mastery2.png[39m[0m
[  46% ] [90m[1m_update_scan_actions[22m | genos_mastery3.png[39m[0m
[  46% ] [90m[1m_update_scan_actions[22m | genos_mastery4.png[39m[0m
[  46% ] [90m[1m_update_scan_actions[22m | genos_mastery5.png[39m[0m
[  46% ] [90m[1m_update_scan_actions[22m | genos_mastery6.png[39m[0m
[  46% ] [90m[1m_update_scan_actions[22m | profile_mastery_genos.png[39m[0m
[  46% ] [90m[1m_update_scan_actions[22m | genthruprof.png[39m[0m
[  46% ] [90m[1m_update_scan_actions[22m | gandlbprof.png[39m[0m
[  46% ] [90m[1m_update_scan_actions[22m | genyaprof.png[39m[0m
[  46% ] [90m[1m_update_scan_actions[22m | geroprof.png[39m[0m
[  46% ] [90m[1m_update_scan_actions[22m | ghostprof.png[39m[0m
[  46% ] [90m[1m_update_scan_actions[22m | gigantomachiaprof.png[39m[0m
[  46% ] [90m[1m_update_scan_actions[22m | gildartsprof.png[39m[0m
[  46% ] [90m[1m_update_scan_actions[22m | gilgamesh1.png[39m[0m
[  46% ] [90m[1m_update_scan_actions[22m | gilgamesh2.png[39m[0m
[  46% ] [90m[1m_update_scan_actions[22m | gilgamesh3.png[39m[0m
[  46% ] [90m[1m_update_scan_actions[22m | gilgamesh4.png[39m[0m
[  46% ] [90m[1m_update_scan_actions[22m | gilgameshprof.png[39m[0m
[  46% ] [90m[1m_update_scan_actions[22m | profile_mastery_gilgamesh.png[39m[0m
[  46% ] [90m[1m_update_scan_actions[22m | gilthunderprof.png[39m[0m
[  46% ] [90m[1m_update_scan_actions[22m | ginyuprof.png[39m[0m
[  46% ] [90m[1m_update_scan_actions[22m | gloxiniaprof.png[39m[0m
[  46% ] [90m[1m_update_scan_actions[22m | serenaprof.png[39m[0m
[  46% ] [90m[1m_update_scan_actions[22m | alt_prof_gogeta.png[39m[0m
[  46% ] [90m[1m_update_scan_actions[22m | gogeta1.png[39m[0m
[  46% ] [90m[1m_update_scan_actions[22m | gogeta2.png[39m[0m
[  46% ] [90m[1m_update_scan_actions[22m | gogeta3.png[39m[0m
[  46% ] [90m[1m_update_scan_actions[22m | gogeta4.png[39m[0m
[  46% ] [90m[1m_update_scan_actions[22m | gogeta5.png[39m[0m
[  47% ] [90m[1m_update_scan_actions[22m | gogetaprof.png[39m[0m
[  47% ] [90m[1m_update_scan_actions[22m | gohan1.png[39m[0m
[  47% ] [90m[1m_update_scan_actions[22m | gohan2.png[39m[0m
[  47% ] [90m[1m_update_scan_actions[22m | gohan3.png[39m[0m
[  47% ] [90m[1m_update_scan_actions[22m | gohan4.png[39m[0m
[  47% ] [90m[1m_update_scan_actions[22m | gohan5.png[39m[0m
[  47% ] [90m[1m_update_scan_actions[22m | gohanprof.png[39m[0m
[  47% ] [90m[1m_update_scan_actions[22m | goku1.png[39m[0m
[  47% ] [90m[1m_update_scan_actions[22m | goku2.png[39m[0m
[  47% ] [90m[1m_update_scan_actions[22m | goku3.png[39m[0m
[  47% ] [90m[1m_update_scan_actions[22m | goku4.png[39m[0m
[  47% ] [90m[1m_update_scan_actions[22m | goku5.png[39m[0m
[  47% ] [90m[1m_update_scan_actions[22m | gokualtprof1.png[39m[0m
[  47% ] [90m[1m_update_scan_actions[22m | gokuprof.png[39m[0m
[  47% ] [90m[1m_update_scan_actions[22m | goku_mastery1.png[39m[0m
[  47% ] [90m[1m_update_scan_actions[22m | goku_mastery2.png[39m[0m
[  47% ] [90m[1m_update_scan_actions[22m | goku_mastery3.png[39m[0m
[  47% ] [90m[1m_update_scan_actions[22m | goku_mastery4.png[39m[0m
[  47% ] [90m[1m_update_scan_actions[22m | goku_mastery5.png[39m[0m
[  47% ] [90m[1m_update_scan_actions[22m | goku_mastery6.png[39m[0m
[  47% ] [90m[1m_update_scan_actions[22m | profile_mastery_goku.png[39m[0m
[  47% ] [90m[1m_update_scan_actions[22m | gomamonprof.png[39m[0m
[  47% ] [90m[1m_update_scan_actions[22m | gon1.png[39m[0m
[  47% ] [90m[1m_update_scan_actions[22m | gon2.png[39m[0m
[  47% ] [90m[1m_update_scan_actions[22m | gon3.png[39m[0m
[  47% ] [90m[1m_update_scan_actions[22m | gon4.png[39m[0m
[  47% ] [90m[1m_update_scan_actions[22m | gonprof.png[39m[0m
[  47% ] [90m[1m_update_scan_actions[22m | profile_mastery_gon.png[39m[0m
[  47% ] [90m[1m_update_scan_actions[22m | gotenprof.png[39m[0m
[  47% ] [90m[1m_update_scan_actions[22m | gotenksprof.png[39m[0m
[  47% ] [90m[1m_update_scan_actions[22m | gotohprof.png[39m[0m
[  47% ] [90m[1m_update_scan_actions[22m | gowtherprof.png[39m[0m
[  47% ] [90m[1m_update_scan_actions[22m | gray1.png[39m[0m
[  47% ] [90m[1m_update_scan_actions[22m | gray2.png[39m[0m
[  47% ] [90m[1m_update_scan_actions[22m | gray3.png[39m[0m
[  48% ] [90m[1m_update_scan_actions[22m | gray4.png[39m[0m
[  48% ] [90m[1m_update_scan_actions[22m | grayalt1.png[39m[0m
[  48% ] [90m[1m_update_scan_actions[22m | grayalt.png[39m[0m
[  48% ] [90m[1m_update_scan_actions[22m | graydisciple.png[39m[0m
[  48% ] [90m[1m_update_scan_actions[22m | grayicedshell.png[39m[0m
[  48% ] [90m[1m_update_scan_actions[22m | grayprof.png[39m[0m
[  48% ] [90m[1m_update_scan_actions[22m | grayunlimited.png[39m[0m
[  48% ] [90m[1m_update_scan_actions[22m | profile_mastery_gray.png[39m[0m
[  48% ] [90m[1m_update_scan_actions[22m | grayroadprof.png[39m[0m
[  48% ] [90m[1m_update_scan_actions[22m | griamoreprof.png[39m[0m
[  48% ] [90m[1m_update_scan_actions[22m | grimmjowprof.png[39m[0m
[  48% ] [90m[1m_update_scan_actions[22m | guilaprof.png[39m[0m
[  48% ] [90m[1m_update_scan_actions[22m | guilmonprof.png[39m[0m
[  48% ] [90m[1m_update_scan_actions[22m | guldoprof.png[39m[0m
[  48% ] [90m[1m_update_scan_actions[22m | crimsonprof.png[39m[0m
[  48% ] [90m[1m_update_scan_actions[22m | gyokkoprof.png[39m[0m
[  48% ] [90m[1m_update_scan_actions[22m | gyutaroprof.png[39m[0m
[  48% ] [90m[1m_update_scan_actions[22m | hadesrorprof.png[39m[0m
[  48% ] [90m[1m_update_scan_actions[22m | hanamiprof.png[39m[0m
[  48% ] [90m[1m_update_scan_actions[22m | hantenguprof.png[39m[0m
[  48% ] [90m[1m_update_scan_actions[22m | nuiprof.png[39m[0m
[  48% ] [90m[1m_update_scan_actions[22m | profile_mastery_sakura.png[39m[0m
[  48% ] [90m[1m_update_scan_actions[22m | sakura1.png[39m[0m
[  48% ] [90m[1m_update_scan_actions[22m | sakura2.jpg[39m[0m
[  48% ] [90m[1m_update_scan_actions[22m | sakura2.png[39m[0m
[  48% ] [90m[1m_update_scan_actions[22m | sakura3.png[39m[0m
[  48% ] [90m[1m_update_scan_actions[22m | sakura4.png[39m[0m
[  48% ] [90m[1m_update_scan_actions[22m | sakura5.png[39m[0m
[  48% ] [90m[1m_update_scan_actions[22m | sakura6.png[39m[0m
[  48% ] [90m[1m_update_scan_actions[22m | sakura7.png[39m[0m
[  48% ] [90m[1m_update_scan_actions[22m | sakuraprof.png[39m[0m
[  48% ] [90m[1m_update_scan_actions[22m | sakura_mastery1.png[39m[0m
[  48% ] [90m[1m_update_scan_actions[22m | sakura_mastery2.png[39m[0m
[  48% ] [90m[1m_update_scan_actions[22m | sakura_mastery3.png[39m[0m
[  48% ] [90m[1m_update_scan_actions[22m | sakura_mastery4.png[39m[0m
[  49% ] [90m[1m_update_scan_actions[22m | sakura_mastery5.png[39m[0m
[  49% ] [90m[1m_update_scan_actions[22m | sakura_mastery6.png[39m[0m
[  49% ] [90m[1m_update_scan_actions[22m | alt_prof_inosuke.png[39m[0m
[  49% ] [90m[1m_update_scan_actions[22m | inosuke1.png[39m[0m
[  49% ] [90m[1m_update_scan_actions[22m | inosuke2.png[39m[0m
[  49% ] [90m[1m_update_scan_actions[22m | inosuke3.png[39m[0m
[  49% ] [90m[1m_update_scan_actions[22m | inosuke4.png[39m[0m
[  49% ] [90m[1m_update_scan_actions[22m | inosukeprof.png[39m[0m
[  49% ] [90m[1m_update_scan_actions[22m | alt_prof_hashirama.png[39m[0m
[  49% ] [90m[1m_update_scan_actions[22m | hashirama1.png[39m[0m
[  49% ] [90m[1m_update_scan_actions[22m | hashirama2.png[39m[0m
[  49% ] [90m[1m_update_scan_actions[22m | hashirama3.png[39m[0m
[  49% ] [90m[1m_update_scan_actions[22m | hashirama4.png[39m[0m
[  49% ] [90m[1m_update_scan_actions[22m | hashirama5.png[39m[0m
[  49% ] [90m[1m_update_scan_actions[22m | hashiramaprof.png[39m[0m
[  49% ] [90m[1m_update_scan_actions[22m | hassanprof.png[39m[0m
[  49% ] [90m[1m_update_scan_actions[22m | alt_prof_hawkmon.png[39m[0m
[  49% ] [90m[1m_update_scan_actions[22m | hawkmon1.png[39m[0m
[  49% ] [90m[1m_update_scan_actions[22m | hawkmon2.png[39m[0m
[  49% ] [90m[1m_update_scan_actions[22m | hawkmon3.png[39m[0m
[  49% ] [90m[1m_update_scan_actions[22m | hawkmon4.png[39m[0m
[  49% ] [90m[1m_update_scan_actions[22m | hawkmon5.png[39m[0m
[  49% ] [90m[1m_update_scan_actions[22m | hawkmon6.png[39m[0m
[  49% ] [90m[1m_update_scan_actions[22m | hawkmon7.png[39m[0m
[  49% ] [90m[1m_update_scan_actions[22m | hawkmon8.png[39m[0m
[  49% ] [90m[1m_update_scan_actions[22m | hawkmon9.png[39m[0m
[  49% ] [90m[1m_update_scan_actions[22m | hawkmon10.png[39m[0m
[  49% ] [90m[1m_update_scan_actions[22m | hawkmon11.png[39m[0m
[  49% ] [90m[1m_update_scan_actions[22m | hawkmon12.png[39m[0m
[  49% ] [90m[1m_update_scan_actions[22m | hawkmonaltprof1.png[39m[0m
[  49% ] [90m[1m_update_scan_actions[22m | hawkmonaltprof2.png[39m[0m
[  49% ] [90m[1m_update_scan_actions[22m | hawkmonprof.png[39m[0m
[  49% ] [90m[1m_update_scan_actions[22m | hawksprof.png[39m[0m
[  49% ] [90m[1m_update_scan_actions[22m | akiprof.png[39m[0m
[  50% ] [90m[1m_update_scan_actions[22m | gokuderaprof.png[39m[0m
[  50% ] [90m[1m_update_scan_actions[22m | heathcliffprof.png[39m[0m
[  50% ] [90m[1m_update_scan_actions[22m | helbramprof.png[39m[0m
[  50% ] [90m[1m_update_scan_actions[22m | hendricksonprof.png[39m[0m
[  50% ] [90m[1m_update_scan_actions[22m | heraclesprof.png[39m[0m
[  50% ] [90m[1m_update_scan_actions[22m | herculeprof.png[39m[0m
[  50% ] [90m[1m_update_scan_actions[22m | herculesprof.png[39m[0m
[  50% ] [90m[1m_update_scan_actions[22m | hibari1.png[39m[0m
[  50% ] [90m[1m_update_scan_actions[22m | hibari2.png[39m[0m
[  50% ] [90m[1m_update_scan_actions[22m | hibari3.png[39m[0m
[  50% ] [90m[1m_update_scan_actions[22m | hibari4.png[39m[0m
[  50% ] [90m[1m_update_scan_actions[22m | hibari5.png[39m[0m
[  50% ] [90m[1m_update_scan_actions[22m | hibariprof.png[39m[0m
[  50% ] [90m[1m_update_scan_actions[22m | hibiki1.png[39m[0m
[  50% ] [90m[1m_update_scan_actions[22m | hibiki2.png[39m[0m
[  50% ] [90m[1m_update_scan_actions[22m | hibiki3.png[39m[0m
[  50% ] [90m[1m_update_scan_actions[22m | hibiki4.png[39m[0m
[  50% ] [90m[1m_update_scan_actions[22m | hibiki5.png[39m[0m
[  50% ] [90m[1m_update_scan_actions[22m | hibikiprof.png[39m[0m
[  50% ] [90m[1m_update_scan_actions[22m | hieiprof.png[39m[0m
[  50% ] [90m[1m_update_scan_actions[22m | kobeniprof.png[39m[0m
[  50% ] [90m[1m_update_scan_actions[22m | alt_prof_toga.png[39m[0m
[  50% ] [90m[1m_update_scan_actions[22m | toga1.png[39m[0m
[  50% ] [90m[1m_update_scan_actions[22m | toga2.png[39m[0m
[  50% ] [90m[1m_update_scan_actions[22m | toga3.png[39m[0m
[  50% ] [90m[1m_update_scan_actions[22m | toga4.png[39m[0m
[  50% ] [90m[1m_update_scan_actions[22m | toga5.png[39m[0m
[  50% ] [90m[1m_update_scan_actions[22m | toga6.png[39m[0m
[  50% ] [90m[1m_update_scan_actions[22m | togaprof.png[39m[0m
[  50% ] [90m[1m_update_scan_actions[22m | himmelprof.png[39m[0m
[  50% ] [90m[1m_update_scan_actions[22m | alt_prof_hinata.png[39m[0m
[  50% ] [90m[1m_update_scan_actions[22m | hinata1.png[39m[0m
[  50% ] [90m[1m_update_scan_actions[22m | hinata2.png[39m[0m
[  50% ] [90m[1m_update_scan_actions[22m | hinata3.png[39m[0m
[  50% ] [90m[1m_update_scan_actions[22m | hinata4.png[39m[0m
[  51% ] [90m[1m_update_scan_actions[22m | hinata5.png[39m[0m
[  51% ] [90m[1m_update_scan_actions[22m | hinataprof.png[39m[0m
[  51% ] [90m[1m_update_scan_actions[22m | shinoa1.png[39m[0m
[  51% ] [90m[1m_update_scan_actions[22m | shinoa2.png[39m[0m
[  51% ] [90m[1m_update_scan_actions[22m | shinoa3.png[39m[0m
[  51% ] [90m[1m_update_scan_actions[22m | shinoa4.png[39m[0m
[  51% ] [90m[1m_update_scan_actions[22m | shinoa5.png[39m[0m
[  51% ] [90m[1m_update_scan_actions[22m | shinoaprof.png[39m[0m
[  51% ] [90m[1m_update_scan_actions[22m | hirudegarnprof.png[39m[0m
[  51% ] [90m[1m_update_scan_actions[22m | alt_prof_hisoka.png[39m[0m
[  51% ] [90m[1m_update_scan_actions[22m | hisoka1.png[39m[0m
[  51% ] [90m[1m_update_scan_actions[22m | hisoka2.png[39m[0m
[  51% ] [90m[1m_update_scan_actions[22m | hisoka3.png[39m[0m
[  51% ] [90m[1m_update_scan_actions[22m | hisoka4.png[39m[0m
[  51% ] [90m[1m_update_scan_actions[22m | hisoka5.png[39m[0m
[  51% ] [90m[1m_update_scan_actions[22m | hisoka6.png[39m[0m
[  51% ] [90m[1m_update_scan_actions[22m | hisokaprof.png[39m[0m
[  51% ] [90m[1m_update_scan_actions[22m | shinsoprof.png[39m[0m
[  51% ] [90m[1m_update_scan_actions[22m | hiyoriprof.png[39m[0m
[  51% ] [90m[1m_update_scan_actions[22m | homuraprof.png[39m[0m
[  51% ] [90m[1m_update_scan_actions[22m | horohoro1.png[39m[0m
[  51% ] [90m[1m_update_scan_actions[22m | horohoro2.png[39m[0m
[  51% ] [90m[1m_update_scan_actions[22m | horohoro3.png[39m[0m
[  51% ] [90m[1m_update_scan_actions[22m | horohoro4.png[39m[0m
[  51% ] [90m[1m_update_scan_actions[22m | horohoro5.png[39m[0m
[  51% ] [90m[1m_update_scan_actions[22m | horohoro6.png[39m[0m
[  51% ] [90m[1m_update_scan_actions[22m | horohoro7.png[39m[0m
[  51% ] [90m[1m_update_scan_actions[22m | horohoroprof.png[39m[0m
[  51% ] [90m[1m_update_scan_actions[22m | kisameprof.png[39m[0m
[  51% ] [90m[1m_update_scan_actions[22m | howzerprof.png[39m[0m
[  51% ] [90m[1m_update_scan_actions[22m | hummingbirdprof.png[39m[0m
[  51% ] [90m[1m_update_scan_actions[22m | hyougaprof.png[39m[0m
[  51% ] [90m[1m_update_scan_actions[22m | ichibe1.png[39m[0m
[  51% ] [90m[1m_update_scan_actions[22m | ichibe2.png[39m[0m
[  51% ] [90m[1m_update_scan_actions[22m | ichibe3.png[39m[0m
[  52% ] [90m[1m_update_scan_actions[22m | ichibe4.png[39m[0m
[  52% ] [90m[1m_update_scan_actions[22m | ichibe5.png[39m[0m
[  52% ] [90m[1m_update_scan_actions[22m | ichibe6.png[39m[0m
[  52% ] [90m[1m_update_scan_actions[22m | ichibeprof.png[39m[0m
[  52% ] [90m[1m_update_scan_actions[22m | ichimaruprof.png[39m[0m
[  52% ] [90m[1m_update_scan_actions[22m | ikkakuprof.png[39m[0m
[  52% ] [90m[1m_update_scan_actions[22m | ikkiprof.png[39m[0m
[  52% ] [90m[1m_update_scan_actions[22m | immortalprof.png[39m[0m
[  52% ] [90m[1m_update_scan_actions[22m | impmon1.png[39m[0m
[  52% ] [90m[1m_update_scan_actions[22m | impmon2.png[39m[0m
[  52% ] [90m[1m_update_scan_actions[22m | impmon3.png[39m[0m
[  52% ] [90m[1m_update_scan_actions[22m | impmon4.png[39m[0m
[  52% ] [90m[1m_update_scan_actions[22m | impmon5.png[39m[0m
[  52% ] [90m[1m_update_scan_actions[22m | impmon6.png[39m[0m
[  52% ] [90m[1m_update_scan_actions[22m | impmonaltprof.png[39m[0m
[  52% ] [90m[1m_update_scan_actions[22m | impmonprof.png[39m[0m
[  52% ] [90m[1m_update_scan_actions[22m | innocentprof.png[39m[0m
[  52% ] [90m[1m_update_scan_actions[22m | inoprof.png[39m[0m
[  52% ] [90m[1m_update_scan_actions[22m | inuyasha1.png[39m[0m
[  52% ] [90m[1m_update_scan_actions[22m | inuyasha2.png[39m[0m
[  52% ] [90m[1m_update_scan_actions[22m | inuyasha3.png[39m[0m
[  52% ] [90m[1m_update_scan_actions[22m | inuyasha4.png[39m[0m
[  52% ] [90m[1m_update_scan_actions[22m | inuyasha5.png[39m[0m
[  52% ] [90m[1m_update_scan_actions[22m | inuyashademon.png[39m[0m
[  52% ] [90m[1m_update_scan_actions[22m | inuyashahuman.png[39m[0m
[  52% ] [90m[1m_update_scan_actions[22m | inuyashaprof.png[39m[0m
[  52% ] [90m[1m_update_scan_actions[22m | invincible1.png[39m[0m
[  52% ] [90m[1m_update_scan_actions[22m | invincible2.png[39m[0m
[  52% ] [90m[1m_update_scan_actions[22m | invincible3.png[39m[0m
[  52% ] [90m[1m_update_scan_actions[22m | invincible4.png[39m[0m
[  52% ] [90m[1m_update_scan_actions[22m | invincible5.png[39m[0m
[  52% ] [90m[1m_update_scan_actions[22m | invincible6.png[39m[0m
[  52% ] [90m[1m_update_scan_actions[22m | invincibleprof.png[39m[0m
[  52% ] [90m[1m_update_scan_actions[22m | invincible_mastery1.png[39m[0m
[  52% ] [90m[1m_update_scan_actions[22m | invincible_mastery2.png[39m[0m
[  53% ] [90m[1m_update_scan_actions[22m | invincible_mastery3.png[39m[0m
[  53% ] [90m[1m_update_scan_actions[22m | invincible_mastery4.png[39m[0m
[  53% ] [90m[1m_update_scan_actions[22m | invincible_mastery5.png[39m[0m
[  53% ] [90m[1m_update_scan_actions[22m | invincible_mastery6.png[39m[0m
[  53% ] [90m[1m_update_scan_actions[22m | profile_mastery_invincible.png[39m[0m
[  53% ] [90m[1m_update_scan_actions[22m | irisprof.png[39m[0m
[  53% ] [90m[1m_update_scan_actions[22m | irisprof.png[39m[0m
[  53% ] [90m[1m_update_scan_actions[22m | irohprof.png[39m[0m
[  53% ] [90m[1m_update_scan_actions[22m | neteroprof.png[39m[0m
[  53% ] [90m[1m_update_scan_actions[22m | profile_mastery_uryu.png[39m[0m
[  53% ] [90m[1m_update_scan_actions[22m | uryu1.png[39m[0m
[  53% ] [90m[1m_update_scan_actions[22m | uryu2.png[39m[0m
[  53% ] [90m[1m_update_scan_actions[22m | uryu3.png[39m[0m
[  53% ] [90m[1m_update_scan_actions[22m | uryu4.png[39m[0m
[  53% ] [90m[1m_update_scan_actions[22m | uryu5.png[39m[0m
[  53% ] [90m[1m_update_scan_actions[22m | uryuuprof.png[39m[0m
[  53% ] [90m[1m_update_scan_actions[22m | ishizuprof.png[39m[0m
[  53% ] [90m[1m_update_scan_actions[22m | ishtarprof.png[39m[0m
[  53% ] [90m[1m_update_scan_actions[22m | iskanderprof.png[39m[0m
[  53% ] [90m[1m_update_scan_actions[22m | itachi1.png[39m[0m
[  53% ] [90m[1m_update_scan_actions[22m | itachi2.png[39m[0m
[  53% ] [90m[1m_update_scan_actions[22m | itachi3.png[39m[0m
[  53% ] [90m[1m_update_scan_actions[22m | itachi4.png[39m[0m
[  53% ] [90m[1m_update_scan_actions[22m | itachi5.png[39m[0m
[  53% ] [90m[1m_update_scan_actions[22m | itachi6.png[39m[0m
[  53% ] [90m[1m_update_scan_actions[22m | itachi7.png[39m[0m
[  53% ] [90m[1m_update_scan_actions[22m | itachialtprof.png[39m[0m
[  53% ] [90m[1m_update_scan_actions[22m | itachiprof.png[39m[0m
[  53% ] [90m[1m_update_scan_actions[22m | alt_prof_yuji.png[39m[0m
[  53% ] [90m[1m_update_scan_actions[22m | yuji1.png[39m[0m
[  53% ] [90m[1m_update_scan_actions[22m | yuji2.png[39m[0m
[  53% ] [90m[1m_update_scan_actions[22m | yuji3.png[39m[0m
[  53% ] [90m[1m_update_scan_actions[22m | yuji4.png[39m[0m
[  53% ] [90m[1m_update_scan_actions[22m | yuji5.png[39m[0m
[  53% ] [90m[1m_update_scan_actions[22m | yujiprof.png[39m[0m
[  54% ] [90m[1m_update_scan_actions[22m | midoriya1.png[39m[0m
[  54% ] [90m[1m_update_scan_actions[22m | midoriya2.png[39m[0m
[  54% ] [90m[1m_update_scan_actions[22m | midoriya3.png[39m[0m
[  54% ] [90m[1m_update_scan_actions[22m | midoriya4.png[39m[0m
[  54% ] [90m[1m_update_scan_actions[22m | midoriya5.png[39m[0m
[  54% ] [90m[1m_update_scan_actions[22m | midoriyaprof.png[39m[0m
[  54% ] [90m[1m_update_scan_actions[22m | midoriyaprof_2.png[39m[0m
[  54% ] [90m[1m_update_scan_actions[22m | profile_mastery_midoriya.png[39m[0m
[  54% ] [90m[1m_update_scan_actions[22m | jabberprof.png[39m[0m
[  54% ] [90m[1m_update_scan_actions[22m | jackhanmaprof.png[39m[0m
[  54% ] [90m[1m_update_scan_actions[22m | jack1.png[39m[0m
[  54% ] [90m[1m_update_scan_actions[22m | jack2.png[39m[0m
[  54% ] [90m[1m_update_scan_actions[22m | jack3.png[39m[0m
[  54% ] [90m[1m_update_scan_actions[22m | jack4.png[39m[0m
[  54% ] [90m[1m_update_scan_actions[22m | jackalt1.png[39m[0m
[  54% ] [90m[1m_update_scan_actions[22m | jackprof.png[39m[0m
[  54% ] [90m[1m_update_scan_actions[22m | profile_mastery_jack.png[39m[0m
[  54% ] [90m[1m_update_scan_actions[22m | jacktheripperprof.png[39m[0m
[  54% ] [90m[1m_update_scan_actions[22m | jackrorprof.png[39m[0m
[  54% ] [90m[1m_update_scan_actions[22m | jaden1.png[39m[0m
[  54% ] [90m[1m_update_scan_actions[22m | jaden2.png[39m[0m
[  54% ] [90m[1m_update_scan_actions[22m | jaden3.png[39m[0m
[  54% ] [90m[1m_update_scan_actions[22m | jaden4.png[39m[0m
[  54% ] [90m[1m_update_scan_actions[22m | jaden5.png[39m[0m
[  54% ] [90m[1m_update_scan_actions[22m | jaden6.png[39m[0m
[  54% ] [90m[1m_update_scan_actions[22m | jaden7.png[39m[0m
[  54% ] [90m[1m_update_scan_actions[22m | jaden8.png[39m[0m
[  54% ] [90m[1m_update_scan_actions[22m | jaden9.png[39m[0m
[  54% ] [90m[1m_update_scan_actions[22m | jadenprof.png[39m[0m
[  54% ] [90m[1m_update_scan_actions[22m | janembaprof.png[39m[0m
[  54% ] [90m[1m_update_scan_actions[22m | jeanne1.png[39m[0m
[  54% ] [90m[1m_update_scan_actions[22m | jeanne2.png[39m[0m
[  54% ] [90m[1m_update_scan_actions[22m | jeanne3.png[39m[0m
[  54% ] [90m[1m_update_scan_actions[22m | jeanne4.png[39m[0m
[  54% ] [90m[1m_update_scan_actions[22m | jeanne5.png[39m[0m
[  55% ] [90m[1m_update_scan_actions[22m | jeanne6.png[39m[0m
[  55% ] [90m[1m_update_scan_actions[22m | jeanneprof.png[39m[0m
[  55% ] [90m[1m_update_scan_actions[22m | jeannefateprof.png[39m[0m
[  55% ] [90m[1m_update_scan_actions[22m | jeiceprof.png[39m[0m
[  55% ] [90m[1m_update_scan_actions[22m | jellalprof.png[39m[0m
[  55% ] [90m[1m_update_scan_actions[22m | jerichoprof.png[39m[0m
[  55% ] [90m[1m_update_scan_actions[22m | jesse1.png[39m[0m
[  55% ] [90m[1m_update_scan_actions[22m | jesse2.png[39m[0m
[  55% ] [90m[1m_update_scan_actions[22m | jesse3.png[39m[0m
[  55% ] [90m[1m_update_scan_actions[22m | jesse4.png[39m[0m
[  55% ] [90m[1m_update_scan_actions[22m | jesse5.png[39m[0m
[  55% ] [90m[1m_update_scan_actions[22m | jesseprof.png[39m[0m
[  55% ] [90m[1m_update_scan_actions[22m | jirenprof.png[39m[0m
[  55% ] [90m[1m_update_scan_actions[22m | joeyprof.png[39m[0m
[  55% ] [90m[1m_update_scan_actions[22m | jogoprof.png[39m[0m
[  55% ] [90m[1m_update_scan_actions[22m | johnbacchusprof.png[39m[0m
[  55% ] [90m[1m_update_scan_actions[22m | jokerprof.png[39m[0m
[  55% ] [90m[1m_update_scan_actions[22m | eucliusprof.png[39m[0m
[  55% ] [90m[1m_update_scan_actions[22m | juliusprof.png[39m[0m
[  55% ] [90m[1m_update_scan_actions[22m | juraprof.png[39m[0m
[  55% ] [90m[1m_update_scan_actions[22m | ukitakeprof.png[39m[0m
[  55% ] [90m[1m_update_scan_actions[22m | juuzouprof.png[39m[0m
[  55% ] [90m[1m_update_scan_actions[22m | juviaprof.png[39m[0m
[  55% ] [90m[1m_update_scan_actions[22m | kagomeprof.png[39m[0m
[  55% ] [90m[1m_update_scan_actions[22m | kaguraprof.png[39m[0m
[  55% ] [90m[1m_update_scan_actions[22m | kaguyaprof.png[39m[0m
[  55% ] [90m[1m_update_scan_actions[22m | kaidouprof.png[39m[0m
[  55% ] [90m[1m_update_scan_actions[22m | kakashi1.png[39m[0m
[  55% ] [90m[1m_update_scan_actions[22m | kakashi2.png[39m[0m
[  55% ] [90m[1m_update_scan_actions[22m | kakashi3.jpg[39m[0m
[  55% ] [90m[1m_update_scan_actions[22m | kakashi4.png[39m[0m
[  55% ] [90m[1m_update_scan_actions[22m | kakashi5.png[39m[0m
[  55% ] [90m[1m_update_scan_actions[22m | kakashiprof.png[39m[0m
[  55% ] [90m[1m_update_scan_actions[22m | kakuzuprof.png[39m[0m
[  55% ] [90m[1m_update_scan_actions[22m | kaldoprof.png[39m[0m
[  56% ] [90m[1m_update_scan_actions[22m | 4.png[39m[0m
[  56% ] [90m[1m_update_scan_actions[22m | 5.png[39m[0m
[  56% ] [90m[1m_update_scan_actions[22m | alt_prof_nezuko.png[39m[0m
[  56% ] [90m[1m_update_scan_actions[22m | nezuko1.png[39m[0m
[  56% ] [90m[1m_update_scan_actions[22m | nezuko2.png[39m[0m
[  56% ] [90m[1m_update_scan_actions[22m | nezuko3.png[39m[0m
[  56% ] [90m[1m_update_scan_actions[22m | nezukoprof.png[39m[0m
[  56% ] [90m[1m_update_scan_actions[22m | profile_mastery_tanjiro.png[39m[0m
[  56% ] [90m[1m_update_scan_actions[22m | tanjiro1.png[39m[0m
[  56% ] [90m[1m_update_scan_actions[22m | tanjiro2.png[39m[0m
[  56% ] [90m[1m_update_scan_actions[22m | tanjiro3.png[39m[0m
[  56% ] [90m[1m_update_scan_actions[22m | tanjiro4.png[39m[0m
[  56% ] [90m[1m_update_scan_actions[22m | tanjiro5.png[39m[0m
[  56% ] [90m[1m_update_scan_actions[22m | tanjiro6.png[39m[0m
[  56% ] [90m[1m_update_scan_actions[22m | tanjiro7.png[39m[0m
[  56% ] [90m[1m_update_scan_actions[22m | tanjiro8.png[39m[0m
[  56% ] [90m[1m_update_scan_actions[22m | tanjiroprof.png[39m[0m
[  56% ] [90m[1m_update_scan_actions[22m | tanjiro_mastery1.png[39m[0m
[  56% ] [90m[1m_update_scan_actions[22m | tanjiro_mastery2.png[39m[0m
[  56% ] [90m[1m_update_scan_actions[22m | tanjiro_mastery3.png[39m[0m
[  56% ] [90m[1m_update_scan_actions[22m | tanjiro_mastery4.png[39m[0m
[  56% ] [90m[1m_update_scan_actions[22m | tanjiro_mastery5.png[39m[0m
[  56% ] [90m[1m_update_scan_actions[22m | tanjiro_mastery6.png[39m[0m
[  56% ] [90m[1m_update_scan_actions[22m | tanjiro_mastery7.png[39m[0m
[  56% ] [90m[1m_update_scan_actions[22m | tanjiro_mastery8.png[39m[0m
[  56% ] [90m[1m_update_scan_actions[22m | kamadoprof.png[39m[0m
[  56% ] [90m[1m_update_scan_actions[22m | toumaprof.png[39m[0m
[  56% ] [90m[1m_update_scan_actions[22m | kamuiprof.png[39m[0m
[  56% ] [90m[1m_update_scan_actions[22m | tousenprof.png[39m[0m
[  56% ] [90m[1m_update_scan_actions[22m | kaneki1.png[39m[0m
[  56% ] [90m[1m_update_scan_actions[22m | kaneki2.png[39m[0m
[  56% ] [90m[1m_update_scan_actions[22m | kaneki3.png[39m[0m
[  56% ] [90m[1m_update_scan_actions[22m | kaneki4.png[39m[0m
[  56% ] [90m[1m_update_scan_actions[22m | kanekiprof.png[39m[0m
[  56% ] [90m[1m_update_scan_actions[22m | ken_mastery1.png[39m[0m
[  57% ] [90m[1m_update_scan_actions[22m | ken_mastery2.png[39m[0m
[  57% ] [90m[1m_update_scan_actions[22m | ken_mastery3.png[39m[0m
[  57% ] [90m[1m_update_scan_actions[22m | ken_mastery4.png[39m[0m
[  57% ] [90m[1m_update_scan_actions[22m | profile_mastery_ken.png[39m[0m
[  57% ] [90m[1m_update_scan_actions[22m | kankuroprof.png[39m[0m
[  57% ] [90m[1m_update_scan_actions[22m | hanayamaprof.png[39m[0m
[  57% ] [90m[1m_update_scan_actions[22m | karasuprof.png[39m[0m
[  57% ] [90m[1m_update_scan_actions[22m | karnaprof.png[39m[0m
[  57% ] [90m[1m_update_scan_actions[22m | karyuudoprof.png[39m[0m
[  57% ] [90m[1m_update_scan_actions[22m | kastroprof.png[39m[0m
[  57% ] [90m[1m_update_scan_actions[22m | miwaprof.png[39m[0m
[  57% ] [90m[1m_update_scan_actions[22m | kataraprof.png[39m[0m
[  57% ] [90m[1m_update_scan_actions[22m | bakugo1.png[39m[0m
[  57% ] [90m[1m_update_scan_actions[22m | bakugo2.png[39m[0m
[  57% ] [90m[1m_update_scan_actions[22m | bakugo3.png[39m[0m
[  57% ] [90m[1m_update_scan_actions[22m | bakugo4.png[39m[0m
[  57% ] [90m[1m_update_scan_actions[22m | bakugo5.png[39m[0m
[  57% ] [90m[1m_update_scan_actions[22m | bakugo6.png[39m[0m
[  57% ] [90m[1m_update_scan_actions[22m | bakugouprof.png[39m[0m
[  57% ] [90m[1m_update_scan_actions[22m | bakugouprofold.png[39m[0m
[  57% ] [90m[1m_update_scan_actions[22m | profile_mastery_bakugo.png[39m[0m
[  57% ] [90m[1m_update_scan_actions[22m | kazemonprof.png[39m[0m
[  57% ] [90m[1m_update_scan_actions[22m | keigoprof.png[39m[0m
[  57% ] [90m[1m_update_scan_actions[22m | kennyprof.png[39m[0m
[  57% ] [90m[1m_update_scan_actions[22m | kenpachiprof.png[39m[0m
[  57% ] [90m[1m_update_scan_actions[22m | kenseiprof.png[39m[0m
[  57% ] [90m[1m_update_scan_actions[22m | kentoprof.png[39m[0m
[  57% ] [90m[1m_update_scan_actions[22m | keramonprof.png[39m[0m
[  57% ] [90m[1m_update_scan_actions[22m | kibaprof.png[39m[0m
[  57% ] [90m[1m_update_scan_actions[22m | kidbuuprof.png[39m[0m
[  57% ] [90m[1m_update_scan_actions[22m | kidgokuprof.png[39m[0m
[  57% ] [90m[1m_update_scan_actions[22m | kidomnimanprof.png[39m[0m
[  57% ] [90m[1m_update_scan_actions[22m | kidtrunksprof.png[39m[0m
[  57% ] [90m[1m_update_scan_actions[22m | kikyoinuyashaprof.png[39m[0m
[  57% ] [90m[1m_update_scan_actions[22m | kikyoprof.png[39m[0m
[  58% ] [90m[1m_update_scan_actions[22m | killcannonprof.png[39m[0m
[  58% ] [90m[1m_update_scan_actions[22m | killerbeeprof.png[39m[0m
[  58% ] [90m[1m_update_scan_actions[22m | killua1.png[39m[0m
[  58% ] [90m[1m_update_scan_actions[22m | killua2.png[39m[0m
[  58% ] [90m[1m_update_scan_actions[22m | killua3.png[39m[0m
[  58% ] [90m[1m_update_scan_actions[22m | killua4.png[39m[0m
[  58% ] [90m[1m_update_scan_actions[22m | killuaprof.png[39m[0m
[  58% ] [90m[1m_update_scan_actions[22m | profile_mastery_killua.png[39m[0m
[  58% ] [90m[1m_update_scan_actions[22m | kimeramonprof.png[39m[0m
[  58% ] [90m[1m_update_scan_actions[22m | king1.png[39m[0m
[  58% ] [90m[1m_update_scan_actions[22m | king2.png[39m[0m
[  58% ] [90m[1m_update_scan_actions[22m | king3.png[39m[0m
[  58% ] [90m[1m_update_scan_actions[22m | king4.png[39m[0m
[  58% ] [90m[1m_update_scan_actions[22m | king5.png[39m[0m
[  58% ] [90m[1m_update_scan_actions[22m | king6.png[39m[0m
[  58% ] [90m[1m_update_scan_actions[22m | king.png[39m[0m
[  58% ] [90m[1m_update_scan_actions[22m | profile_mastery_king.png[39m[0m
[  58% ] [90m[1m_update_scan_actions[22m | kingopmprof.png[39m[0m
[  58% ] [90m[1m_update_scan_actions[22m | kingcoldprof.png[39m[0m
[  58% ] [90m[1m_update_scan_actions[22m | kirikaprof.png[39m[0m
[  58% ] [90m[1m_update_scan_actions[22m | kirioprof.png[39m[0m
[  58% ] [90m[1m_update_scan_actions[22m | kiritoprof.png[39m[0m
[  58% ] [90m[1m_update_scan_actions[22m | kishinprof.png[39m[0m
[  58% ] [90m[1m_update_scan_actions[22m | arimaprof.png[39m[0m
[  58% ] [90m[1m_update_scan_actions[22m | kitara1.png[39m[0m
[  58% ] [90m[1m_update_scan_actions[22m | kitara2.png[39m[0m
[  58% ] [90m[1m_update_scan_actions[22m | kitara3.png[39m[0m
[  58% ] [90m[1m_update_scan_actions[22m | kitara4.png[39m[0m
[  58% ] [90m[1m_update_scan_actions[22m | kitaraprof.png[39m[0m
[  58% ] [90m[1m_update_scan_actions[22m | kiteprof.png[39m[0m
[  58% ] [90m[1m_update_scan_actions[22m | kizaruprof.png[39m[0m
[  58% ] [90m[1m_update_scan_actions[22m | kleinprof.png[39m[0m
[  58% ] [90m[1m_update_scan_actions[22m | knovprof.png[39m[0m
[  58% ] [90m[1m_update_scan_actions[22m | knuckleprof.png[39m[0m
[  58% ] [90m[1m_update_scan_actions[22m | knuckledusterprof.png[39m[0m
[  59% ] [90m[1m_update_scan_actions[22m | kohakuprof.png[39m[0m
[  59% ] [90m[1m_update_scan_actions[22m | crawlerprof.png[39m[0m
[  59% ] [90m[1m_update_scan_actions[22m | mechamaruprof.png[39m[0m
[  59% ] [90m[1m_update_scan_actions[22m | komamuraprof.png[39m[0m
[  59% ] [90m[1m_update_scan_actions[22m | konanprof.png[39m[0m
[  59% ] [90m[1m_update_scan_actions[22m | kongouprof.png[39m[0m
[  59% ] [90m[1m_update_scan_actions[22m | alt_prof_koro.png[39m[0m
[  59% ] [90m[1m_update_scan_actions[22m | korosensei1.png[39m[0m
[  59% ] [90m[1m_update_scan_actions[22m | korosensei2.png[39m[0m
[  59% ] [90m[1m_update_scan_actions[22m | korosensei3.png[39m[0m
[  59% ] [90m[1m_update_scan_actions[22m | korosensei4.png[39m[0m
[  59% ] [90m[1m_update_scan_actions[22m | korosensei5.png[39m[0m
[  59% ] [90m[1m_update_scan_actions[22m | korosenseiprof.png[39m[0m
[  59% ] [90m[1m_update_scan_actions[22m | korra1.png[39m[0m
[  59% ] [90m[1m_update_scan_actions[22m | korra2.png[39m[0m
[  59% ] [90m[1m_update_scan_actions[22m | korra3.png[39m[0m
[  59% ] [90m[1m_update_scan_actions[22m | korra4.png[39m[0m
[  59% ] [90m[1m_update_scan_actions[22m | korra5.png[39m[0m
[  59% ] [90m[1m_update_scan_actions[22m | korra6.png[39m[0m
[  59% ] [90m[1m_update_scan_actions[22m | korra7.png[39m[0m
[  59% ] [90m[1m_update_scan_actions[22m | korra8.png[39m[0m
[  59% ] [90m[1m_update_scan_actions[22m | korra9.png[39m[0m
[  59% ] [90m[1m_update_scan_actions[22m | korra10.png[39m[0m
[  59% ] [90m[1m_update_scan_actions[22m | korra11.png[39m[0m
[  59% ] [90m[1m_update_scan_actions[22m | korraprof2.png[39m[0m
[  59% ] [90m[1m_update_scan_actions[22m | korraprof.png[39m[0m
[  59% ] [90m[1m_update_scan_actions[22m | mitoriprof.png[39m[0m
[  59% ] [90m[1m_update_scan_actions[22m | kudamonprof.png[39m[0m
[  59% ] [90m[1m_update_scan_actions[22m | kuinprof.png[39m[0m
[  59% ] [90m[1m_update_scan_actions[22m | kumamonprof.png[39m[0m
[  59% ] [90m[1m_update_scan_actions[22m | kuramaprof.png[39m[0m
[  59% ] [90m[1m_update_scan_actions[22m | kurapika1.png[39m[0m
[  59% ] [90m[1m_update_scan_actions[22m | kurapika2.png[39m[0m
[  59% ] [90m[1m_update_scan_actions[22m | kurapika3.png[39m[0m
[  59% ] [90m[1m_update_scan_actions[22m | kurapika4.png[39m[0m
[  60% ] [90m[1m_update_scan_actions[22m | kurapika5.png[39m[0m
[  60% ] [90m[1m_update_scan_actions[22m | kurapikaprof.png[39m[0m
[  60% ] [90m[1m_update_scan_actions[22m | profile_mastery_kurapika.png[39m[0m
[  60% ] [90m[1m_update_scan_actions[22m | kureoprof.png[39m[0m
[  60% ] [90m[1m_update_scan_actions[22m | kurogiriprof.png[39m[0m
[  60% ] [90m[1m_update_scan_actions[22m | kuroko1.png[39m[0m
[  60% ] [90m[1m_update_scan_actions[22m | kuroko2.png[39m[0m
[  60% ] [90m[1m_update_scan_actions[22m | kuroko3.png[39m[0m
[  60% ] [90m[1m_update_scan_actions[22m | kuroko4.png[39m[0m
[  60% ] [90m[1m_update_scan_actions[22m | kurokoprof.png[39m[0m
[  60% ] [90m[1m_update_scan_actions[22m | profile_mastery_kuroko.png[39m[0m
[  60% ] [90m[1m_update_scan_actions[22m | kuromeprof.png[39m[0m
[  60% ] [90m[1m_update_scan_actions[22m | alt_prof_ichigo.png[39m[0m
[  60% ] [90m[1m_update_scan_actions[22m | ichigo1.png[39m[0m
[  60% ] [90m[1m_update_scan_actions[22m | ichigo2.png[39m[0m
[  60% ] [90m[1m_update_scan_actions[22m | ichigo3.png[39m[0m
[  60% ] [90m[1m_update_scan_actions[22m | ichigo4.png[39m[0m
[  60% ] [90m[1m_update_scan_actions[22m | ichigo5.png[39m[0m
[  60% ] [90m[1m_update_scan_actions[22m | ichigo6.png[39m[0m
[  60% ] [90m[1m_update_scan_actions[22m | ichigo7.png[39m[0m
[  60% ] [90m[1m_update_scan_actions[22m | ichigo8.png[39m[0m
[  60% ] [90m[1m_update_scan_actions[22m | ichigo9.png[39m[0m
[  60% ] [90m[1m_update_scan_actions[22m | ichigoprof.png[39m[0m
[  60% ] [90m[1m_update_scan_actions[22m | ichigoprof_2.png[39m[0m
[  60% ] [90m[1m_update_scan_actions[22m | ichigoprof_3.png[39m[0m
[  60% ] [90m[1m_update_scan_actions[22m | kurotsuchi1.png[39m[0m
[  60% ] [90m[1m_update_scan_actions[22m | kurotsuchi2.png[39m[0m
[  60% ] [90m[1m_update_scan_actions[22m | kurotsuchi3.png[39m[0m
[  60% ] [90m[1m_update_scan_actions[22m | kurotsuchi4.png[39m[0m
[  60% ] [90m[1m_update_scan_actions[22m | kurotsuchi5.png[39m[0m
[  60% ] [90m[1m_update_scan_actions[22m | kurotsuchi6.png[39m[0m
[  60% ] [90m[1m_update_scan_actions[22m | kurotsuchi7.png[39m[0m
[  60% ] [90m[1m_update_scan_actions[22m | kurotsuchi8.png[39m[0m
[  60% ] [90m[1m_update_scan_actions[22m | kurotsuchiprof.png[39m[0m
[  60% ] [90m[1m_update_scan_actions[22m | kuwabaraprof.png[39m[0m
[  61% ] [90m[1m_update_scan_actions[22m | profile_mastery_rengoku.png[39m[0m
[  61% ] [90m[1m_update_scan_actions[22m | rengoku1.png[39m[0m
[  61% ] [90m[1m_update_scan_actions[22m | rengoku2.png[39m[0m
[  61% ] [90m[1m_update_scan_actions[22m | rengoku3.png[39m[0m
[  61% ] [90m[1m_update_scan_actions[22m | rengoku4.png[39m[0m
[  61% ] [90m[1m_update_scan_actions[22m | rengoku5.png[39m[0m
[  61% ] [90m[1m_update_scan_actions[22m | rengoku6.png[39m[0m
[  61% ] [90m[1m_update_scan_actions[22m | rengoku7.png[39m[0m
[  61% ] [90m[1m_update_scan_actions[22m | rengoku8.png[39m[0m
[  61% ] [90m[1m_update_scan_actions[22m | rengokuprof.png[39m[0m
[  61% ] [90m[1m_update_scan_actions[22m | kyokaprof.png[39m[0m
[  61% ] [90m[1m_update_scan_actions[22m | jiroprof.png[39m[0m
[  61% ] [90m[1m_update_scan_actions[22m | kyokoprof.png[39m[0m
[  61% ] [90m[1m_update_scan_actions[22m | pucelle1.png[39m[0m
[  61% ] [90m[1m_update_scan_actions[22m | pucelle2.png[39m[0m
[  61% ] [90m[1m_update_scan_actions[22m | pucelle3.png[39m[0m
[  61% ] [90m[1m_update_scan_actions[22m | pucelle4.png[39m[0m
[  61% ] [90m[1m_update_scan_actions[22m | pucelleprof.png[39m[0m
[  61% ] [90m[1m_update_scan_actions[22m | ladydevimon1.png[39m[0m
[  61% ] [90m[1m_update_scan_actions[22m | ladydevimon2.png[39m[0m
[  61% ] [90m[1m_update_scan_actions[22m | ladydevimon3.png[39m[0m
[  61% ] [90m[1m_update_scan_actions[22m | ladydevimon4.png[39m[0m
[  61% ] [90m[1m_update_scan_actions[22m | ladydevimon5.png[39m[0m
[  61% ] [90m[1m_update_scan_actions[22m | ladydevimonprof.png[39m[0m
[  61% ] [90m[1m_update_scan_actions[22m | lalmirchprof.png[39m[0m
[  61% ] [90m[1m_update_scan_actions[22m | lamboaltprof1.png[39m[0m
[  61% ] [90m[1m_update_scan_actions[22m | lamboaltprof2.png[39m[0m
[  61% ] [90m[1m_update_scan_actions[22m | lamboprof.png[39m[0m
[  61% ] [90m[1m_update_scan_actions[22m | lanceprof.png[39m[0m
[  61% ] [90m[1m_update_scan_actions[22m | laxusprof.png[39m[0m
[  61% ] [90m[1m_update_scan_actions[22m | lemonprof.png[39m[0m
[  61% ] [90m[1m_update_scan_actions[22m | leomonprof.png[39m[0m
[  61% ] [90m[1m_update_scan_actions[22m | leonardoprof.png[39m[0m
[  61% ] [90m[1m_update_scan_actions[22m | leoneprof.png[39m[0m
[  61% ] [90m[1m_update_scan_actions[22m | leonidasprof.png[39m[0m
[  62% ] [90m[1m_update_scan_actions[22m | leonidasrorprof.png[39m[0m
[  62% ] [90m[1m_update_scan_actions[22m | leviathanprof.png[39m[0m
[  62% ] [90m[1m_update_scan_actions[22m | levi1.png[39m[0m
[  62% ] [90m[1m_update_scan_actions[22m | levi2.png[39m[0m
[  62% ] [90m[1m_update_scan_actions[22m | levi3.png[39m[0m
[  62% ] [90m[1m_update_scan_actions[22m | levi4.png[39m[0m
[  62% ] [90m[1m_update_scan_actions[22m | levi5.png[39m[0m
[  62% ] [90m[1m_update_scan_actions[22m | leviprof.png[39m[0m
[  62% ] [90m[1m_update_scan_actions[22m | levyprof.png[39m[0m
[  62% ] [90m[1m_update_scan_actions[22m | lichtprof.png[39m[0m
[  62% ] [90m[1m_update_scan_actions[22m | gammaprof.png[39m[0m
[  62% ] [90m[1m_update_scan_actions[22m | maxprof.png[39m[0m
[  62% ] [90m[1m_update_scan_actions[22m | liltottoprof.png[39m[0m
[  62% ] [90m[1m_update_scan_actions[22m | lobomonprof.png[39m[0m
[  62% ] [90m[1m_update_scan_actions[22m | lokiprof.png[39m[0m
[  62% ] [90m[1m_update_scan_actions[22m | lubuprof.png[39m[0m
[  62% ] [90m[1m_update_scan_actions[22m | luckprof.png[39m[0m
[  62% ] [90m[1m_update_scan_actions[22m | lucy1.png[39m[0m
[  62% ] [90m[1m_update_scan_actions[22m | lucy2.png[39m[0m
[  62% ] [90m[1m_update_scan_actions[22m | lucy3.png[39m[0m
[  62% ] [90m[1m_update_scan_actions[22m | lucy4.png[39m[0m
[  62% ] [90m[1m_update_scan_actions[22m | lucyalt1.png[39m[0m
[  62% ] [90m[1m_update_scan_actions[22m | lucyprof.png[39m[0m
[  62% ] [90m[1m_update_scan_actions[22m | profile_mastery_lucy.png[39m[0m
[  62% ] [90m[1m_update_scan_actions[22m | ludocielprof.png[39m[0m
[  62% ] [90m[1m_update_scan_actions[22m | luppiprof.png[39m[0m
[  62% ] [90m[1m_update_scan_actions[22m | lussuriaprof.png[39m[0m
[  62% ] [90m[1m_update_scan_actions[22m | lyeprof.png[39m[0m
[  62% ] [90m[1m_update_scan_actions[22m | lyonprof.png[39m[0m
[  62% ] [90m[1m_update_scan_actions[22m | alt_prof_machinedramon.png[39m[0m
[  62% ] [90m[1m_update_scan_actions[22m | machinedramon1.png[39m[0m
[  62% ] [90m[1m_update_scan_actions[22m | machinedramon2.png[39m[0m
[  62% ] [90m[1m_update_scan_actions[22m | machinedramon3.png[39m[0m
[  62% ] [90m[1m_update_scan_actions[22m | machinedramon4.png[39m[0m
[  62% ] [90m[1m_update_scan_actions[22m | machinedramon5.png[39m[0m
[  63% ] [90m[1m_update_scan_actions[22m | machinedramonprof.png[39m[0m
[  63% ] [90m[1m_update_scan_actions[22m | madoka1.png[39m[0m
[  63% ] [90m[1m_update_scan_actions[22m | madoka2.png[39m[0m
[  63% ] [90m[1m_update_scan_actions[22m | madoka3.png[39m[0m
[  63% ] [90m[1m_update_scan_actions[22m | madoka4.png[39m[0m
[  63% ] [90m[1m_update_scan_actions[22m | madoka5.png[39m[0m
[  63% ] [90m[1m_update_scan_actions[22m | madokaprof.png[39m[0m
[  63% ] [90m[1m_update_scan_actions[22m | profile_mastery_madoka.png[39m[0m
[  63% ] [90m[1m_update_scan_actions[22m | magnaprof.png[39m[0m
[  63% ] [90m[1m_update_scan_actions[22m | magnamonprof.png[39m[0m
[  63% ] [90m[1m_update_scan_actions[22m | mahitoprof.png[39m[0m
[  63% ] [90m[1m_update_scan_actions[22m | maiprof.png[39m[0m
[  63% ] [90m[1m_update_scan_actions[22m | maizeninprof.png[39m[0m
[  63% ] [90m[1m_update_scan_actions[22m | majinbuuprof.png[39m[0m
[  63% ] [90m[1m_update_scan_actions[22m | maka1.png[39m[0m
[  63% ] [90m[1m_update_scan_actions[22m | maka2.png[39m[0m
[  63% ] [90m[1m_update_scan_actions[22m | maka2alt.png[39m[0m
[  63% ] [90m[1m_update_scan_actions[22m | maka3.png[39m[0m
[  63% ] [90m[1m_update_scan_actions[22m | maka4.png[39m[0m
[  63% ] [90m[1m_update_scan_actions[22m | maka5.png[39m[0m
[  63% ] [90m[1m_update_scan_actions[22m | maka6.png[39m[0m
[  63% ] [90m[1m_update_scan_actions[22m | maka.png[39m[0m
[  63% ] [90m[1m_update_scan_actions[22m | makapassive.png[39m[0m
[  63% ] [90m[1m_update_scan_actions[22m | makaprof.png[39m[0m
[  63% ] [90m[1m_update_scan_actions[22m | profile_mastery_maka.png[39m[0m
[  63% ] [90m[1m_update_scan_actions[22m | makiffprof.png[39m[0m
[  63% ] [90m[1m_update_scan_actions[22m | makiprof.png[39m[0m
[  63% ] [90m[1m_update_scan_actions[22m | makimaprof.png[39m[0m
[  63% ] [90m[1m_update_scan_actions[22m | makoprof.png[39m[0m
[  63% ] [90m[1m_update_scan_actions[22m | alt_prof_mami.png[39m[0m
[  63% ] [90m[1m_update_scan_actions[22m | mami1.png[39m[0m
[  63% ] [90m[1m_update_scan_actions[22m | mami2.png[39m[0m
[  63% ] [90m[1m_update_scan_actions[22m | mami3.png[39m[0m
[  63% ] [90m[1m_update_scan_actions[22m | mami4.png[39m[0m
[  63% ] [90m[1m_update_scan_actions[22m | mami5.png[39m[0m
[  64% ] [90m[1m_update_scan_actions[22m | mami6.png[39m[0m
[  64% ] [90m[1m_update_scan_actions[22m | mamiprof.png[39m[0m
[  64% ] [90m[1m_update_scan_actions[22m | mammonprof.png[39m[0m
[  64% ] [90m[1m_update_scan_actions[22m | marco1.png[39m[0m
[  64% ] [90m[1m_update_scan_actions[22m | marco2.png[39m[0m
[  64% ] [90m[1m_update_scan_actions[22m | marco3.png[39m[0m
[  64% ] [90m[1m_update_scan_actions[22m | marco4.png[39m[0m
[  64% ] [90m[1m_update_scan_actions[22m | marco5.png[39m[0m
[  64% ] [90m[1m_update_scan_actions[22m | marco6.png[39m[0m
[  64% ] [90m[1m_update_scan_actions[22m | marcoprof.png[39m[0m
[  64% ] [90m[1m_update_scan_actions[22m | ikusubaprof.png[39m[0m
[  64% ] [90m[1m_update_scan_actions[22m | mardgeerprof.png[39m[0m
[  64% ] [90m[1m_update_scan_actions[22m | mariaprof.png[39m[0m
[  64% ] [90m[1m_update_scan_actions[22m | marikprof.png[39m[0m
[  64% ] [90m[1m_update_scan_actions[22m | blackbeardprof.png[39m[0m
[  64% ] [90m[1m_update_scan_actions[22m | marikprof.png[39m[0m
[  64% ] [90m[1m_update_scan_actions[22m | mashburnedead1.png[39m[0m
[  64% ] [90m[1m_update_scan_actions[22m | mashburnedead2.png[39m[0m
[  64% ] [90m[1m_update_scan_actions[22m | mashburnedead3.png[39m[0m
[  64% ] [90m[1m_update_scan_actions[22m | mashburnedead4.png[39m[0m
[  64% ] [90m[1m_update_scan_actions[22m | mashburnedead5.png[39m[0m
[  64% ] [90m[1m_update_scan_actions[22m | mashburnedeadprof.png[39m[0m
[  64% ] [90m[1m_update_scan_actions[22m | alt_prof_mash.png[39m[0m
[  64% ] [90m[1m_update_scan_actions[22m | mash1.png[39m[0m
[  64% ] [90m[1m_update_scan_actions[22m | mash2.png[39m[0m
[  64% ] [90m[1m_update_scan_actions[22m | mash3.png[39m[0m
[  64% ] [90m[1m_update_scan_actions[22m | mash4.png[39m[0m
[  64% ] [90m[1m_update_scan_actions[22m | mash5.png[39m[0m
[  64% ] [90m[1m_update_scan_actions[22m | mash6.png[39m[0m
[  64% ] [90m[1m_update_scan_actions[22m | mashprof.png[39m[0m
[  64% ] [90m[1m_update_scan_actions[22m | mashiroprof.png[39m[0m
[  64% ] [90m[1m_update_scan_actions[22m | maskprof.png[39m[0m
[  64% ] [90m[1m_update_scan_actions[22m | maulertwinsprof.png[39m[0m
[  64% ] [90m[1m_update_scan_actions[22m | mavis1.png[39m[0m
[  64% ] [90m[1m_update_scan_actions[22m | mavis2.png[39m[0m
[  65% ] [90m[1m_update_scan_actions[22m | mavis3.png[39m[0m
[  65% ] [90m[1m_update_scan_actions[22m | mavis4.png[39m[0m
[  65% ] [90m[1m_update_scan_actions[22m | mavis5.png[39m[0m
[  65% ] [90m[1m_update_scan_actions[22m | mavis6.png[39m[0m
[  65% ] [90m[1m_update_scan_actions[22m | mavisprof.png[39m[0m
[  65% ] [90m[1m_update_scan_actions[22m | pegasus1.png[39m[0m
[  65% ] [90m[1m_update_scan_actions[22m | pegasus2.png[39m[0m
[  65% ] [90m[1m_update_scan_actions[22m | pegasus3.png[39m[0m
[  65% ] [90m[1m_update_scan_actions[22m | pegasus4.png[39m[0m
[  65% ] [90m[1m_update_scan_actions[22m | pegasus5.png[39m[0m
[  65% ] [90m[1m_update_scan_actions[22m | pegasusprof.png[39m[0m
[  65% ] [90m[1m_update_scan_actions[22m | medeaprof.png[39m[0m
[  65% ] [90m[1m_update_scan_actions[22m | medusafateprof.png[39m[0m
[  65% ] [90m[1m_update_scan_actions[22m | alt_prof_megumin.png[39m[0m
[  65% ] [90m[1m_update_scan_actions[22m | megumin1.png[39m[0m
[  65% ] [90m[1m_update_scan_actions[22m | megumin2.png[39m[0m
[  65% ] [90m[1m_update_scan_actions[22m | megumin3.png[39m[0m
[  65% ] [90m[1m_update_scan_actions[22m | megumin4.png[39m[0m
[  65% ] [90m[1m_update_scan_actions[22m | meguminprof.png[39m[0m
[  65% ] [90m[1m_update_scan_actions[22m | meihatsumeprof.png[39m[0m
[  65% ] [90m[1m_update_scan_actions[22m | meimeiprof.png[39m[0m
[  65% ] [90m[1m_update_scan_actions[22m | meiprof.png[39m[0m
[  65% ] [90m[1m_update_scan_actions[22m | meicoomonprof.png[39m[0m
[  65% ] [90m[1m_update_scan_actions[22m | meiliprof.png[39m[0m
[  65% ] [90m[1m_update_scan_actions[22m | meliodas1.png[39m[0m
[  65% ] [90m[1m_update_scan_actions[22m | meliodas2.png[39m[0m
[  65% ] [90m[1m_update_scan_actions[22m | meliodas3.png[39m[0m
[  65% ] [90m[1m_update_scan_actions[22m | meliodas4.png[39m[0m
[  65% ] [90m[1m_update_scan_actions[22m | meliodas5.png[39m[0m
[  65% ] [90m[1m_update_scan_actions[22m | meliodas6.png[39m[0m
[  65% ] [90m[1m_update_scan_actions[22m | meliodas.png[39m[0m
[  65% ] [90m[1m_update_scan_actions[22m | profile_mastery_meliodas.png[39m[0m
[  65% ] [90m[1m_update_scan_actions[22m | menthuthuyoupprof.png[39m[0m
[  65% ] [90m[1m_update_scan_actions[22m | meredyprof.png[39m[0m
[  65% ] [90m[1m_update_scan_actions[22m | mereoleonaprof.png[39m[0m
[  66% ] [90m[1m_update_scan_actions[22m | merlinprof.png[39m[0m
[  66% ] [90m[1m_update_scan_actions[22m | meruemprof.png[39m[0m
[  66% ] [90m[1m_update_scan_actions[22m | metalbatprof.png[39m[0m
[  66% ] [90m[1m_update_scan_actions[22m | metalseadramonprof.png[39m[0m
[  66% ] [90m[1m_update_scan_actions[22m | midnightprof.png[39m[0m
[  66% ] [90m[1m_update_scan_actions[22m | midnightftprof.png[39m[0m
[  66% ] [90m[1m_update_scan_actions[22m | mifuneprof.png[39m[0m
[  66% ] [90m[1m_update_scan_actions[22m | guyprof.png[39m[0m
[  66% ] [90m[1m_update_scan_actions[22m | alt_prof_mikasa.png[39m[0m
[  66% ] [90m[1m_update_scan_actions[22m | mikasa1.png[39m[0m
[  66% ] [90m[1m_update_scan_actions[22m | mikasa2.png[39m[0m
[  66% ] [90m[1m_update_scan_actions[22m | mikasa3.png[39m[0m
[  66% ] [90m[1m_update_scan_actions[22m | mikasa4.png[39m[0m
[  66% ] [90m[1m_update_scan_actions[22m | mikasa5.png[39m[0m
[  66% ] [90m[1m_update_scan_actions[22m | mikasaprof.png[39m[0m
[  66% ] [90m[1m_update_scan_actions[22m | minprof.png[39m[0m
[  66% ] [90m[1m_update_scan_actions[22m | mine1.png[39m[0m
[  66% ] [90m[1m_update_scan_actions[22m | mine2.png[39m[0m
[  66% ] [90m[1m_update_scan_actions[22m | mine3.png[39m[0m
[  66% ] [90m[1m_update_scan_actions[22m | mine4.png[39m[0m
[  66% ] [90m[1m_update_scan_actions[22m | mineprof.png[39m[0m
[  66% ] [90m[1m_update_scan_actions[22m | minene1.png[39m[0m
[  66% ] [90m[1m_update_scan_actions[22m | minene2.png[39m[0m
[  66% ] [90m[1m_update_scan_actions[22m | minene3.png[39m[0m
[  66% ] [90m[1m_update_scan_actions[22m | minene4.png[39m[0m
[  66% ] [90m[1m_update_scan_actions[22m | minene5.png[39m[0m
[  66% ] [90m[1m_update_scan_actions[22m | minene6.png[39m[0m
[  66% ] [90m[1m_update_scan_actions[22m | mineneprof.png[39m[0m
[  66% ] [90m[1m_update_scan_actions[22m | minervaprof.png[39m[0m
[  66% ] [90m[1m_update_scan_actions[22m | mirajaneprof.png[39m[0m
[  66% ] [90m[1m_update_scan_actions[22m | mirioprof.png[39m[0m
[  66% ] [90m[1m_update_scan_actions[22m | mirkoprof.png[39m[0m
[  66% ] [90m[1m_update_scan_actions[22m | mirokuprof.png[39m[0m
[  66% ] [90m[1m_update_scan_actions[22m | mastery_misaka1.png[39m[0m
[  67% ] [90m[1m_update_scan_actions[22m | mastery_misaka2.png[39m[0m
[  67% ] [90m[1m_update_scan_actions[22m | mastery_misaka3.png[39m[0m
[  67% ] [90m[1m_update_scan_actions[22m | mastery_misaka4.png[39m[0m
[  67% ] [90m[1m_update_scan_actions[22m | mastery_misaka5.png[39m[0m
[  67% ] [90m[1m_update_scan_actions[22m | mastery_misaka6.png[39m[0m
[  67% ] [90m[1m_update_scan_actions[22m | mastery_misakaprof.png[39m[0m
[  67% ] [90m[1m_update_scan_actions[22m | misaka1.png[39m[0m
[  67% ] [90m[1m_update_scan_actions[22m | misaka2.png[39m[0m
[  67% ] [90m[1m_update_scan_actions[22m | misaka3.png[39m[0m
[  67% ] [90m[1m_update_scan_actions[22m | misaka4.png[39m[0m
[  67% ] [90m[1m_update_scan_actions[22m | misakaalt1.png[39m[0m
[  67% ] [90m[1m_update_scan_actions[22m | misakaalt2.png[39m[0m
[  67% ] [90m[1m_update_scan_actions[22m | misakaalt3.png[39m[0m
[  67% ] [90m[1m_update_scan_actions[22m | misakaaltprof1.png[39m[0m
[  67% ] [90m[1m_update_scan_actions[22m | misakaprof.png[39m[0m
[  67% ] [90m[1m_update_scan_actions[22m | mitsuriprof.png[39m[0m
[  67% ] [90m[1m_update_scan_actions[22m | mockingbirdprof.png[39m[0m
[  67% ] [90m[1m_update_scan_actions[22m | nishimiyaprof.png[39m[0m
[  67% ] [90m[1m_update_scan_actions[22m | yaoyorozuprof.png[39m[0m
[  67% ] [90m[1m_update_scan_actions[22m | luffy1.png[39m[0m
[  67% ] [90m[1m_update_scan_actions[22m | luffy2.png[39m[0m
[  67% ] [90m[1m_update_scan_actions[22m | luffy3.png[39m[0m
[  67% ] [90m[1m_update_scan_actions[22m | luffy4.png[39m[0m
[  67% ] [90m[1m_update_scan_actions[22m | luffy5.png[39m[0m
[  67% ] [90m[1m_update_scan_actions[22m | luffyprof.png[39m[0m
[  67% ] [90m[1m_update_scan_actions[22m | luffy_mastery1.png[39m[0m
[  67% ] [90m[1m_update_scan_actions[22m | luffy_mastery2.png[39m[0m
[  67% ] [90m[1m_update_scan_actions[22m | luffy_mastery3.png[39m[0m
[  67% ] [90m[1m_update_scan_actions[22m | luffy_mastery4.png[39m[0m
[  67% ] [90m[1m_update_scan_actions[22m | luffy_mastery5.png[39m[0m
[  67% ] [90m[1m_update_scan_actions[22m | profile_mastery_luffy.png[39m[0m
[  67% ] [90m[1m_update_scan_actions[22m | monodramonprof.png[39m[0m
[  67% ] [90m[1m_update_scan_actions[22m | monspeetprof.png[39m[0m
[  67% ] [90m[1m_update_scan_actions[22m | monstergirlprof.png[39m[0m
[  67% ] [90m[1m_update_scan_actions[22m | mordredprof.png[39m[0m
[  68% ] [90m[1m_update_scan_actions[22m | morelprof.png[39m[0m
[  68% ] [90m[1m_update_scan_actions[22m | compressprof.png[39m[0m
[  68% ] [90m[1m_update_scan_actions[22m | mtladyprof.png[39m[0m
[  68% ] [90m[1m_update_scan_actions[22m | shizuriprof.png[39m[0m
[  68% ] [90m[1m_update_scan_actions[22m | alt_prof_muichiro.png[39m[0m
[  68% ] [90m[1m_update_scan_actions[22m | muichiro1.png[39m[0m
[  68% ] [90m[1m_update_scan_actions[22m | muichiro2.png[39m[0m
[  68% ] [90m[1m_update_scan_actions[22m | muichiro3.png[39m[0m
[  68% ] [90m[1m_update_scan_actions[22m | muichiro4.png[39m[0m
[  68% ] [90m[1m_update_scan_actions[22m | muichiro5.png[39m[0m
[  68% ] [90m[1m_update_scan_actions[22m | muichiro6.png[39m[0m
[  68% ] [90m[1m_update_scan_actions[22m | muichiroprof.png[39m[0m
[  68% ] [90m[1m_update_scan_actions[22m | multipaulprof.png[39m[0m
[  68% ] [90m[1m_update_scan_actions[22m | muscularprof.png[39m[0m
[  68% ] [90m[1m_update_scan_actions[22m | muzanprof.png[39m[0m
[  68% ] [90m[1m_update_scan_actions[22m | 1.png[39m[0m
[  68% ] [90m[1m_update_scan_actions[22m | 9.png[39m[0m
[  68% ] [90m[1m_update_scan_actions[22m | alt_prof_myotismon.png[39m[0m
[  68% ] [90m[1m_update_scan_actions[22m | myotismon1.png[39m[0m
[  68% ] [90m[1m_update_scan_actions[22m | myotismon2.png[39m[0m
[  68% ] [90m[1m_update_scan_actions[22m | myotismon3.png[39m[0m
[  68% ] [90m[1m_update_scan_actions[22m | myotismon4.png[39m[0m
[  68% ] [90m[1m_update_scan_actions[22m | myotismonprof.png[39m[0m
[  68% ] [90m[1m_update_scan_actions[22m | mystoganprof.png[39m[0m
[  68% ] [90m[1m_update_scan_actions[22m | nagatoprof.png[39m[0m
[  68% ] [90m[1m_update_scan_actions[22m | alt_prof_nagisa.png[39m[0m
[  68% ] [90m[1m_update_scan_actions[22m | nagisa1.png[39m[0m
[  68% ] [90m[1m_update_scan_actions[22m | nagisa2.png[39m[0m
[  68% ] [90m[1m_update_scan_actions[22m | nagisa3.png[39m[0m
[  68% ] [90m[1m_update_scan_actions[22m | nagisa4.png[39m[0m
[  68% ] [90m[1m_update_scan_actions[22m | nagisa5.png[39m[0m
[  68% ] [90m[1m_update_scan_actions[22m | nagisa6.png[39m[0m
[  68% ] [90m[1m_update_scan_actions[22m | nagisaprof.png[39m[0m
[  68% ] [90m[1m_update_scan_actions[22m | namiprof.png[39m[0m
[  68% ] [90m[1m_update_scan_actions[22m | minatoprof.png[39m[0m
[  69% ] [90m[1m_update_scan_actions[22m | naobitoprof.png[39m[0m
[  69% ] [90m[1m_update_scan_actions[22m | nappaprof.png[39m[0m
[  69% ] [90m[1m_update_scan_actions[22m | naruto1.png[39m[0m
[  69% ] [90m[1m_update_scan_actions[22m | naruto2.png[39m[0m
[  69% ] [90m[1m_update_scan_actions[22m | naruto3.png[39m[0m
[  69% ] [90m[1m_update_scan_actions[22m | naruto4.png[39m[0m
[  69% ] [90m[1m_update_scan_actions[22m | narutoprof.png[39m[0m
[  69% ] [90m[1m_update_scan_actions[22m | narutoprof_2.png[39m[0m
[  69% ] [90m[1m_update_scan_actions[22m | naruto_mastery1.png[39m[0m
[  69% ] [90m[1m_update_scan_actions[22m | naruto_mastery2.png[39m[0m
[  69% ] [90m[1m_update_scan_actions[22m | naruto_mastery3.png[39m[0m
[  69% ] [90m[1m_update_scan_actions[22m | naruto_mastery4.png[39m[0m
[  69% ] [90m[1m_update_scan_actions[22m | naruto_mastery5.png[39m[0m
[  69% ] [90m[1m_update_scan_actions[22m | naruto_mastery6.png[39m[0m
[  69% ] [90m[1m_update_scan_actions[22m | naruto_portrait_shocked.png[39m[0m
[  69% ] [90m[1m_update_scan_actions[22m | profile_mastery_naruto.png[39m[0m
[  69% ] [90m[1m_update_scan_actions[22m | natsu1.png[39m[0m
[  69% ] [90m[1m_update_scan_actions[22m | natsu2.png[39m[0m
[  69% ] [90m[1m_update_scan_actions[22m | natsu3.png[39m[0m
[  69% ] [90m[1m_update_scan_actions[22m | natsu4.png[39m[0m
[  69% ] [90m[1m_update_scan_actions[22m | natsu5.png[39m[0m
[  69% ] [90m[1m_update_scan_actions[22m | natsuprof.png[39m[0m
[  69% ] [90m[1m_update_scan_actions[22m | natsux.png[39m[0m
[  69% ] [90m[1m_update_scan_actions[22m | profile_mastery_natsu.png[39m[0m
[  69% ] [90m[1m_update_scan_actions[22m | neferpitou1.png[39m[0m
[  69% ] [90m[1m_update_scan_actions[22m | neferpitou2.png[39m[0m
[  69% ] [90m[1m_update_scan_actions[22m | neferpitou3.png[39m[0m
[  69% ] [90m[1m_update_scan_actions[22m | neferpitou4.png[39m[0m
[  69% ] [90m[1m_update_scan_actions[22m | neferpitou5.png[39m[0m
[  69% ] [90m[1m_update_scan_actions[22m | neferpitouprof.png[39m[0m
[  69% ] [90m[1m_update_scan_actions[22m | profile_mastery_neferpitou.png[39m[0m
[  69% ] [90m[1m_update_scan_actions[22m | neiruprof.png[39m[0m
[  69% ] [90m[1m_update_scan_actions[22m | nejiprof.jpg[39m[0m
[  69% ] [90m[1m_update_scan_actions[22m | nejireprof.png[39m[0m
[  69% ] [90m[1m_update_scan_actions[22m | nel1.png[39m[0m
[  70% ] [90m[1m_update_scan_actions[22m | nel2.png[39m[0m
[  70% ] [90m[1m_update_scan_actions[22m | nel3.png[39m[0m
[  70% ] [90m[1m_update_scan_actions[22m | nel4.png[39m[0m
[  70% ] [90m[1m_update_scan_actions[22m | nel5.png[39m[0m
[  70% ] [90m[1m_update_scan_actions[22m | nelaltprof.png[39m[0m
[  70% ] [90m[1m_update_scan_actions[22m | nelprof.png[39m[0m
[  70% ] [90m[1m_update_scan_actions[22m | robinprof.png[39m[0m
[  70% ] [90m[1m_update_scan_actions[22m | nighteyeprof.png[39m[0m
[  70% ] [90m[1m_update_scan_actions[22m | teslaprof.png[39m[0m
[  70% ] [90m[1m_update_scan_actions[22m | alt_prof_nimaiya.png[39m[0m
[  70% ] [90m[1m_update_scan_actions[22m | nimaiya1.png[39m[0m
[  70% ] [90m[1m_update_scan_actions[22m | nimaiya2.png[39m[0m
[  70% ] [90m[1m_update_scan_actions[22m | nimaiya3.png[39m[0m
[  70% ] [90m[1m_update_scan_actions[22m | nimaiya4.png[39m[0m
[  70% ] [90m[1m_update_scan_actions[22m | nimaiyaprof.png[39m[0m
[  70% ] [90m[1m_update_scan_actions[22m | oetsuprof.png[39m[0m
[  70% ] [90m[1m_update_scan_actions[22m | nishioprof.png[39m[0m
[  70% ] [90m[1m_update_scan_actions[22m | nnoitraprof.png[39m[0m
[  70% ] [90m[1m_update_scan_actions[22m | alt_prof_nobara.png[39m[0m
[  70% ] [90m[1m_update_scan_actions[22m | nobara1.png[39m[0m
[  70% ] [90m[1m_update_scan_actions[22m | nobara2.png[39m[0m
[  70% ] [90m[1m_update_scan_actions[22m | nobara3.png[39m[0m
[  70% ] [90m[1m_update_scan_actions[22m | nobara4.png[39m[0m
[  70% ] [90m[1m_update_scan_actions[22m | nobara5.png[39m[0m
[  70% ] [90m[1m_update_scan_actions[22m | nobaraprof.png[39m[0m
[  70% ] [90m[1m_update_scan_actions[22m | nobunagaprof.png[39m[0m
[  70% ] [90m[1m_update_scan_actions[22m | noelle1.png[39m[0m
[  70% ] [90m[1m_update_scan_actions[22m | noelle2.png[39m[0m
[  70% ] [90m[1m_update_scan_actions[22m | noelle3.png[39m[0m
[  70% ] [90m[1m_update_scan_actions[22m | noelle4.png[39m[0m
[  70% ] [90m[1m_update_scan_actions[22m | noelle5.png[39m[0m
[  70% ] [90m[1m_update_scan_actions[22m | noelle6.png[39m[0m
[  70% ] [90m[1m_update_scan_actions[22m | noelle.png[39m[0m
[  70% ] [90m[1m_update_scan_actions[22m | profile_mastery_noelle.png[39m[0m
[  70% ] [90m[1m_update_scan_actions[22m | nonon1.png[39m[0m
[  71% ] [90m[1m_update_scan_actions[22m | nonon2.png[39m[0m
[  71% ] [90m[1m_update_scan_actions[22m | nonon3.png[39m[0m
[  71% ] [90m[1m_update_scan_actions[22m | nonon4.png[39m[0m
[  71% ] [90m[1m_update_scan_actions[22m | nonon5.png[39m[0m
[  71% ] [90m[1m_update_scan_actions[22m | nonon6.png[39m[0m
[  71% ] [90m[1m_update_scan_actions[22m | Nonon.png[39m[0m
[  71% ] [90m[1m_update_scan_actions[22m | profile_mastery_nonon.png[39m[0m
[  71% ] [90m[1m_update_scan_actions[22m | kamoprof.png[39m[0m
[  71% ] [90m[1m_update_scan_actions[22m | nozelprof.png[39m[0m
[  71% ] [90m[1m_update_scan_actions[22m | nuovashenronprof.png[39m[0m
[  71% ] [90m[1m_update_scan_actions[22m | nyauprof.png[39m[0m
[  71% ] [90m[1m_update_scan_actions[22m | alt_prof_uraraka.png[39m[0m
[  71% ] [90m[1m_update_scan_actions[22m | uraraka1.png[39m[0m
[  71% ] [90m[1m_update_scan_actions[22m | uraraka2.png[39m[0m
[  71% ] [90m[1m_update_scan_actions[22m | uraraka3.png[39m[0m
[  71% ] [90m[1m_update_scan_actions[22m | uraraka4.png[39m[0m
[  71% ] [90m[1m_update_scan_actions[22m | uraraka5.png[39m[0m
[  71% ] [90m[1m_update_scan_actions[22m | uraraka6.png[39m[0m
[  71% ] [90m[1m_update_scan_actions[22m | urarakaprof.png[39m[0m
[  71% ] [90m[1m_update_scan_actions[22m | agatha_bloodrose_portrait.png[39m[0m
[  71% ] [90m[1m_update_scan_actions[22m | archibald_von_zanderville_portrait.png[39m[0m
[  71% ] [90m[1m_update_scan_actions[22m | ashen_rose_portrait.png[39m[0m
[  71% ] [90m[1m_update_scan_actions[22m | augur.png[39m[0m
[  71% ] [90m[1m_update_scan_actions[22m | ayana.png[39m[0m
[  71% ] [90m[1m_update_scan_actions[22m | ayana_portrait.png[39m[0m
[  71% ] [90m[1m_update_scan_actions[22m | blackknight.png[39m[0m
[  71% ] [90m[1m_update_scan_actions[22m | black_knight_portrait.png[39m[0m
[  71% ] [90m[1m_update_scan_actions[22m | cerberus_portrait.png[39m[0m
[  71% ] [90m[1m_update_scan_actions[22m | daughter_of_river_portrait.png[39m[0m
[  71% ] [90m[1m_update_scan_actions[22m | dusken_lily_portrait.png[39m[0m
[  71% ] [90m[1m_update_scan_actions[22m | elleren_portrait.png[39m[0m
[  71% ] [90m[1m_update_scan_actions[22m | experiment_88_portrait.png[39m[0m
[  71% ] [90m[1m_update_scan_actions[22m | frigid_winter_portrait.png[39m[0m
[  71% ] [90m[1m_update_scan_actions[22m | fukurou_the_exile_portrait.png[39m[0m
[  71% ] [90m[1m_update_scan_actions[22m | gaia.png[39m[0m
[  72% ] [90m[1m_update_scan_actions[22m | gaia_worldsoul_portrait.png[39m[0m
[  72% ] [90m[1m_update_scan_actions[22m | goldgleam_portrait.png[39m[0m
[  72% ] [90m[1m_update_scan_actions[22m | gommar.png[39m[0m
[  72% ] [90m[1m_update_scan_actions[22m | gommar_portrait.png[39m[0m
[  72% ] [90m[1m_update_scan_actions[22m | great_white_stag_portrait.png[39m[0m
[  72% ] [90m[1m_update_scan_actions[22m | inquisitor_matthias_portrait.png[39m[0m
[  72% ] [90m[1m_update_scan_actions[22m | jagram_storyteller_portrait.png[39m[0m
[  72% ] [90m[1m_update_scan_actions[22m | laria.png[39m[0m
[  72% ] [90m[1m_update_scan_actions[22m | laria_portrait.png[39m[0m
[  72% ] [90m[1m_update_scan_actions[22m | laughterinshadowportrait.png[39m[0m
[  72% ] [90m[1m_update_scan_actions[22m | magnus_portrait.png[39m[0m
[  72% ] [90m[1m_update_scan_actions[22m | marcus_blackblade_portrait.png[39m[0m
[  72% ] [90m[1m_update_scan_actions[22m | margrave_portrait.png[39m[0m
[  72% ] [90m[1m_update_scan_actions[22m | mistwing_portrait.png[39m[0m
[  72% ] [90m[1m_update_scan_actions[22m | necrolord_alistair_portrait.png[39m[0m
[  72% ] [90m[1m_update_scan_actions[22m | psymon.png[39m[0m
[  72% ] [90m[1m_update_scan_actions[22m | psymon_portrait.png[39m[0m
[  72% ] [90m[1m_update_scan_actions[22m | pyrrha.png[39m[0m
[  72% ] [90m[1m_update_scan_actions[22m | pyrrha_portrait.png[39m[0m
[  72% ] [90m[1m_update_scan_actions[22m | rachnid_portrait.png[39m[0m
[  72% ] [90m[1m_update_scan_actions[22m | raza_portrait.PNG[39m[0m
[  72% ] [90m[1m_update_scan_actions[22m | river.PNG[39m[0m
[  72% ] [90m[1m_update_scan_actions[22m | saya.png[39m[0m
[  72% ] [90m[1m_update_scan_actions[22m | saya_portrait.png[39m[0m
[  72% ] [90m[1m_update_scan_actions[22m | scream_in_storm_portrait.png[39m[0m
[  72% ] [90m[1m_update_scan_actions[22m | thane_bjorn_portrait.png[39m[0m
[  72% ] [90m[1m_update_scan_actions[22m | the_augur_portrait.png[39m[0m
[  72% ] [90m[1m_update_scan_actions[22m | the_water_bearer_portrait.png[39m[0m
[  72% ] [90m[1m_update_scan_actions[22m | thresgaaz_portrait.png[39m[0m
[  72% ] [90m[1m_update_scan_actions[22m | titanic_shadestalk_portrait.png[39m[0m
[  72% ] [90m[1m_update_scan_actions[22m | zephyrex_portrait.png[39m[0m
[  72% ] [90m[1m_update_scan_actions[22m | omniman1.png[39m[0m
[  72% ] [90m[1m_update_scan_actions[22m | omniman2.png[39m[0m
[  72% ] [90m[1m_update_scan_actions[22m | omniman3.png[39m[0m
[  72% ] [90m[1m_update_scan_actions[22m | omniman4.png[39m[0m
[  73% ] [90m[1m_update_scan_actions[22m | omniman5.png[39m[0m
[  73% ] [90m[1m_update_scan_actions[22m | omnimanprof.png[39m[0m
[  73% ] [90m[1m_update_scan_actions[22m | omniman_mastery1.png[39m[0m
[  73% ] [90m[1m_update_scan_actions[22m | omniman_mastery2.png[39m[0m
[  73% ] [90m[1m_update_scan_actions[22m | omniman_mastery3.png[39m[0m
[  73% ] [90m[1m_update_scan_actions[22m | omniman_mastery4.png[39m[0m
[  73% ] [90m[1m_update_scan_actions[22m | omniman_mastery5.png[39m[0m
[  73% ] [90m[1m_update_scan_actions[22m | profile_mastery_omniman.png[39m[0m
[  73% ] [90m[1m_update_scan_actions[22m | alt_prof_omnimon.png[39m[0m
[  73% ] [90m[1m_update_scan_actions[22m | omnimon1.png[39m[0m
[  73% ] [90m[1m_update_scan_actions[22m | omnimon2.png[39m[0m
[  73% ] [90m[1m_update_scan_actions[22m | omnimon3.png[39m[0m
[  73% ] [90m[1m_update_scan_actions[22m | omnimon4.png[39m[0m
[  73% ] [90m[1m_update_scan_actions[22m | omnimon5.png[39m[0m
[  73% ] [90m[1m_update_scan_actions[22m | omnimonprof.png[39m[0m
[  73% ] [90m[1m_update_scan_actions[22m | oonokiprof.png[39m[0m
[  73% ] [90m[1m_update_scan_actions[22m | orgaprof.png[39m[0m
[  73% ] [90m[1m_update_scan_actions[22m | orihime1.png[39m[0m
[  73% ] [90m[1m_update_scan_actions[22m | orihime2.png[39m[0m
[  73% ] [90m[1m_update_scan_actions[22m | orihime3.png[39m[0m
[  73% ] [90m[1m_update_scan_actions[22m | orihime4.png[39m[0m
[  73% ] [90m[1m_update_scan_actions[22m | orihimeprof.png[39m[0m
[  73% ] [90m[1m_update_scan_actions[22m | orochiprof.png[39m[0m
[  73% ] [90m[1m_update_scan_actions[22m | orochimaruprof.png[39m[0m
[  73% ] [90m[1m_update_scan_actions[22m | orterprof.png[39m[0m
[  73% ] [90m[1m_update_scan_actions[22m | ozaiprof.png[39m[0m
[  73% ] [90m[1m_update_scan_actions[22m | palmonprof.png[39m[0m
[  73% ] [90m[1m_update_scan_actions[22m | panprof.png[39m[0m
[  73% ] [90m[1m_update_scan_actions[22m | pandaprof.png[39m[0m
[  73% ] [90m[1m_update_scan_actions[22m | pandoraprof.png[39m[0m
[  73% ] [90m[1m_update_scan_actions[22m | patamonprof.png[39m[0m
[  73% ] [90m[1m_update_scan_actions[22m | pattyprof.png[39m[0m
[  73% ] [90m[1m_update_scan_actions[22m | peronaprof.png[39m[0m
[  73% ] [90m[1m_update_scan_actions[22m | petelgeuseprof.png[39m[0m
[  73% ] [90m[1m_update_scan_actions[22m | phinksprof.png[39m[0m
[  74% ] [90m[1m_update_scan_actions[22m | piccolo1.png[39m[0m
[  74% ] [90m[1m_update_scan_actions[22m | piccolo2.png[39m[0m
[  74% ] [90m[1m_update_scan_actions[22m | piccolo3.png[39m[0m
[  74% ] [90m[1m_update_scan_actions[22m | piccolo4.png[39m[0m
[  74% ] [90m[1m_update_scan_actions[22m | piccolo5.png[39m[0m
[  74% ] [90m[1m_update_scan_actions[22m | piccoloprof.png[39m[0m
[  74% ] [90m[1m_update_scan_actions[22m | pieckprof.png[39m[0m
[  74% ] [90m[1m_update_scan_actions[22m | piedmonprof.png[39m[0m
[  74% ] [90m[1m_update_scan_actions[22m | pikachu1.png[39m[0m
[  74% ] [90m[1m_update_scan_actions[22m | pikachu2.png[39m[0m
[  74% ] [90m[1m_update_scan_actions[22m | pikachu3.png[39m[0m
[  74% ] [90m[1m_update_scan_actions[22m | pikachu4.png[39m[0m
[  74% ] [90m[1m_update_scan_actions[22m | pikachu5.png[39m[0m
[  74% ] [90m[1m_update_scan_actions[22m | pikachuprof.png[39m[0m
[  74% ] [90m[1m_update_scan_actions[22m | pikkonprof.png[39m[0m
[  74% ] [90m[1m_update_scan_actions[22m | popstepprof.png[39m[0m
[  74% ] [90m[1m_update_scan_actions[22m | porcoprof.png[39m[0m
[  74% ] [90m[1m_update_scan_actions[22m | poseidonprof.png[39m[0m
[  74% ] [90m[1m_update_scan_actions[22m | power1.png[39m[0m
[  74% ] [90m[1m_update_scan_actions[22m | power2.png[39m[0m
[  74% ] [90m[1m_update_scan_actions[22m | power3.png[39m[0m
[  74% ] [90m[1m_update_scan_actions[22m | power4.png[39m[0m
[  74% ] [90m[1m_update_scan_actions[22m | power5.png[39m[0m
[  74% ] [90m[1m_update_scan_actions[22m | powerprof.png[39m[0m
[  74% ] [90m[1m_update_scan_actions[22m | powerplexprof.png[39m[0m
[  74% ] [90m[1m_update_scan_actions[22m | hadesprof.png[39m[0m
[  74% ] [90m[1m_update_scan_actions[22m | micprof.png[39m[0m
[  74% ] [90m[1m_update_scan_actions[22m | priscillaprof.png[39m[0m
[  74% ] [90m[1m_update_scan_actions[22m | puppetmonprof.png[39m[0m
[  74% ] [90m[1m_update_scan_actions[22m | puripuriprof.png[39m[0m
[  74% ] [90m[1m_update_scan_actions[22m | huangprof.png[39m[0m
[  74% ] [90m[1m_update_scan_actions[22m | nehelleniaprof.png[39m[0m
[  74% ] [90m[1m_update_scan_actions[22m | quetzalcoatlprof.png[39m[0m
[  74% ] [90m[1m_update_scan_actions[22m | rabaprof.png[39m[0m
[  74% ] [90m[1m_update_scan_actions[22m | racerprof.png[39m[0m
[  75% ] [90m[1m_update_scan_actions[22m | raditzprof.png[39m[0m
[  75% ] [90m[1m_update_scan_actions[22m | rakanprof.png[39m[0m
[  75% ] [90m[1m_update_scan_actions[22m | ramprof.png[39m[0m
[  75% ] [90m[1m_update_scan_actions[22m | rasielprof.png[39m[0m
[  75% ] [90m[1m_update_scan_actions[22m | rayneprof.png[39m[0m
[  75% ] [90m[1m_update_scan_actions[22m | razorprof.png[39m[0m
[  75% ] [90m[1m_update_scan_actions[22m | redestroprof.png[39m[0m
[  75% ] [90m[1m_update_scan_actions[22m | recoomeprof.png[39m[0m
[  75% ] [90m[1m_update_scan_actions[22m | regulusprof.png[39m[0m
[  75% ] [90m[1m_update_scan_actions[22m | reinerprof.png[39m[0m
[  75% ] [90m[1m_update_scan_actions[22m | reinhardprof.png[39m[0m
[  75% ] [90m[1m_update_scan_actions[22m | reisukeprof.png[39m[0m
[  75% ] [90m[1m_update_scan_actions[22m | remprof.png[39m[0m
[  75% ] [90m[1m_update_scan_actions[22m | alt_prof_renamon.png[39m[0m
[  75% ] [90m[1m_update_scan_actions[22m | renamon1.png[39m[0m
[  75% ] [90m[1m_update_scan_actions[22m | renamon2.png[39m[0m
[  75% ] [90m[1m_update_scan_actions[22m | renamon3.png[39m[0m
[  75% ] [90m[1m_update_scan_actions[22m | renamon4.png[39m[0m
[  75% ] [90m[1m_update_scan_actions[22m | renamon5.png[39m[0m
[  75% ] [90m[1m_update_scan_actions[22m | renamonaltprof.png[39m[0m
[  75% ] [90m[1m_update_scan_actions[22m | renamonprof.png[39m[0m
[  75% ] [90m[1m_update_scan_actions[22m | retsuprof.png[39m[0m
[  75% ] [90m[1m_update_scan_actions[22m | unohanaprof.png[39m[0m
[  75% ] [90m[1m_update_scan_actions[22m | rexprof.png[39m[0m
[  75% ] [90m[1m_update_scan_actions[22m | rezeprof.png[39m[0m
[  75% ] [90m[1m_update_scan_actions[22m | rikaprof.png[39m[0m
[  75% ] [90m[1m_update_scan_actions[22m | profile_mastery_rimuru.png[39m[0m
[  75% ] [90m[1m_update_scan_actions[22m | rimuru1.png[39m[0m
[  75% ] [90m[1m_update_scan_actions[22m | rimuru2.png[39m[0m
[  75% ] [90m[1m_update_scan_actions[22m | rimuru3.png[39m[0m
[  75% ] [90m[1m_update_scan_actions[22m | rimuru4.png[39m[0m
[  75% ] [90m[1m_update_scan_actions[22m | rimuru5.png[39m[0m
[  75% ] [90m[1m_update_scan_actions[22m | rimuru6.png[39m[0m
[  75% ] [90m[1m_update_scan_actions[22m | rimuru7.png[39m[0m
[  75% ] [90m[1m_update_scan_actions[22m | rimuru8.png[39m[0m
[  76% ] [90m[1m_update_scan_actions[22m | rimuru9.png[39m[0m
[  76% ] [90m[1m_update_scan_actions[22m | rimuruprof2.png[39m[0m
[  76% ] [90m[1m_update_scan_actions[22m | rimuruprof3.png[39m[0m
[  76% ] [90m[1m_update_scan_actions[22m | rimuruprof.png[39m[0m
[  76% ] [90m[1m_update_scan_actions[22m | rinprof.png[39m[0m
[  76% ] [90m[1m_update_scan_actions[22m | riyoprof.png[39m[0m
[  76% ] [90m[1m_update_scan_actions[22m | rizeprof.png[39m[0m
[  76% ] [90m[1m_update_scan_actions[22m | alt_prof_rob.png[39m[0m
[  76% ] [90m[1m_update_scan_actions[22m | lucciprof.png[39m[0m
[  76% ] [90m[1m_update_scan_actions[22m | rob1.png[39m[0m
[  76% ] [90m[1m_update_scan_actions[22m | rob2.png[39m[0m
[  76% ] [90m[1m_update_scan_actions[22m | rob3.png[39m[0m
[  76% ] [90m[1m_update_scan_actions[22m | rob4.png[39m[0m
[  76% ] [90m[1m_update_scan_actions[22m | rob5.png[39m[0m
[  76% ] [90m[1m_update_scan_actions[22m | rob6.png[39m[0m
[  76% ] [90m[1m_update_scan_actions[22m | rob7.png[39m[0m
[  76% ] [90m[1m_update_scan_actions[22m | rob8.png[39m[0m
[  76% ] [90m[1m_update_scan_actions[22m | rob9.png[39m[0m
[  76% ] [90m[1m_update_scan_actions[22m | rob_altprof.png[39m[0m
[  76% ] [90m[1m_update_scan_actions[22m | robotprof.png[39m[0m
[  76% ] [90m[1m_update_scan_actions[22m | leeprof.png[39m[0m
[  76% ] [90m[1m_update_scan_actions[22m | rogueprof.png[39m[0m
[  76% ] [90m[1m_update_scan_actions[22m | profile_mastery_zoro.png[39m[0m
[  76% ] [90m[1m_update_scan_actions[22m | zoro1.png[39m[0m
[  76% ] [90m[1m_update_scan_actions[22m | zoro2.png[39m[0m
[  76% ] [90m[1m_update_scan_actions[22m | zoro3.png[39m[0m
[  76% ] [90m[1m_update_scan_actions[22m | zoro4.png[39m[0m
[  76% ] [90m[1m_update_scan_actions[22m | zoro5.png[39m[0m
[  76% ] [90m[1m_update_scan_actions[22m | zoro6.png[39m[0m
[  76% ] [90m[1m_update_scan_actions[22m | zoro7.png[39m[0m
[  76% ] [90m[1m_update_scan_actions[22m | zoroprof.png[39m[0m
[  76% ] [90m[1m_update_scan_actions[22m | zoroprof_2.png[39m[0m
[  76% ] [90m[1m_update_scan_actions[22m | zoro_mastery1.png[39m[0m
[  76% ] [90m[1m_update_scan_actions[22m | zoro_mastery2.png[39m[0m
[  76% ] [90m[1m_update_scan_actions[22m | zoro_mastery3.png[39m[0m
[  77% ] [90m[1m_update_scan_actions[22m | zoro_mastery4.png[39m[0m
[  77% ] [90m[1m_update_scan_actions[22m | zoro_mastery5.png[39m[0m
[  77% ] [90m[1m_update_scan_actions[22m | zoro_mastery6.png[39m[0m
[  77% ] [90m[1m_update_scan_actions[22m | zoro_mastery7.png[39m[0m
[  77% ] [90m[1m_update_scan_actions[22m | roseprof.png[39m[0m
[  77% ] [90m[1m_update_scan_actions[22m | roshiprof.png[39m[0m
[  77% ] [90m[1m_update_scan_actions[22m | roswaalprof.png[39m[0m
[  77% ] [90m[1m_update_scan_actions[22m | rudoprof.png[39m[0m
[  77% ] [90m[1m_update_scan_actions[22m | rufusprof.png[39m[0m
[  77% ] [90m[1m_update_scan_actions[22m | ruiprof.png[39m[0m
[  77% ] [90m[1m_update_scan_actions[22m | rukiaprof.png[39m[0m
[  77% ] [90m[1m_update_scan_actions[22m | ruler1.png[39m[0m
[  77% ] [90m[1m_update_scan_actions[22m | ruler2.png[39m[0m
[  77% ] [90m[1m_update_scan_actions[22m | ruler3.png[39m[0m
[  77% ] [90m[1m_update_scan_actions[22m | ruler4.png[39m[0m
[  77% ] [90m[1m_update_scan_actions[22m | rulerprof.png[39m[0m
[  77% ] [90m[1m_update_scan_actions[22m | ryohprof.png[39m[0m
[  77% ] [90m[1m_update_scan_actions[22m | profile_mastery_ryohei.png[39m[0m
[  77% ] [90m[1m_update_scan_actions[22m | ryohei1.png[39m[0m
[  77% ] [90m[1m_update_scan_actions[22m | ryohei2.png[39m[0m
[  77% ] [90m[1m_update_scan_actions[22m | ryohei3.png[39m[0m
[  77% ] [90m[1m_update_scan_actions[22m | ryohei4.png[39m[0m
[  77% ] [90m[1m_update_scan_actions[22m | ryoheiprof.png[39m[0m
[  77% ] [90m[1m_update_scan_actions[22m | alt_prof_sukuna.png[39m[0m
[  77% ] [90m[1m_update_scan_actions[22m | sukuna1.png[39m[0m
[  77% ] [90m[1m_update_scan_actions[22m | sukuna2.png[39m[0m
[  77% ] [90m[1m_update_scan_actions[22m | sukuna3.png[39m[0m
[  77% ] [90m[1m_update_scan_actions[22m | sukuna4.png[39m[0m
[  77% ] [90m[1m_update_scan_actions[22m | sukuna5.png[39m[0m
[  77% ] [90m[1m_update_scan_actions[22m | sukunaprof.png[39m[0m
[  77% ] [90m[1m_update_scan_actions[22m | profile_mastery_ryuko.png[39m[0m
[  77% ] [90m[1m_update_scan_actions[22m | ryuko1.png[39m[0m
[  77% ] [90m[1m_update_scan_actions[22m | ryuko2.png[39m[0m
[  77% ] [90m[1m_update_scan_actions[22m | ryuko3.png[39m[0m
[  77% ] [90m[1m_update_scan_actions[22m | ryuko4.png[39m[0m
[  78% ] [90m[1m_update_scan_actions[22m | ryuko5.png[39m[0m
[  78% ] [90m[1m_update_scan_actions[22m | ryuko.png[39m[0m
[  78% ] [90m[1m_update_scan_actions[22m | excalibur.png[39m[0m
[  78% ] [90m[1m_update_scan_actions[22m | mastery_saber1.png[39m[0m
[  78% ] [90m[1m_update_scan_actions[22m | mastery_saber2.png[39m[0m
[  78% ] [90m[1m_update_scan_actions[22m | mastery_saber3.png[39m[0m
[  78% ] [90m[1m_update_scan_actions[22m | mastery_saber4.png[39m[0m
[  78% ] [90m[1m_update_scan_actions[22m | profile_mastery_saber.png[39m[0m
[  78% ] [90m[1m_update_scan_actions[22m | saber1.png[39m[0m
[  78% ] [90m[1m_update_scan_actions[22m | saber2.png[39m[0m
[  78% ] [90m[1m_update_scan_actions[22m | saber3.png[39m[0m
[  78% ] [90m[1m_update_scan_actions[22m | saber4.png[39m[0m
[  78% ] [90m[1m_update_scan_actions[22m | saberprof.png[39m[0m
[  78% ] [90m[1m_update_scan_actions[22m | saboprof.png[39m[0m
[  78% ] [90m[1m_update_scan_actions[22m | saiprof.png[39m[0m
[  78% ] [90m[1m_update_scan_actions[22m | ceresprof.png[39m[0m
[  78% ] [90m[1m_update_scan_actions[22m | chibimoonprof.png[39m[0m
[  78% ] [90m[1m_update_scan_actions[22m | alt_prof_jupiter.png[39m[0m
[  78% ] [90m[1m_update_scan_actions[22m | jupiter1.png[39m[0m
[  78% ] [90m[1m_update_scan_actions[22m | jupiter2.png[39m[0m
[  78% ] [90m[1m_update_scan_actions[22m | jupiter3.png[39m[0m
[  78% ] [90m[1m_update_scan_actions[22m | jupiter4.png[39m[0m
[  78% ] [90m[1m_update_scan_actions[22m | jupiter5.png[39m[0m
[  78% ] [90m[1m_update_scan_actions[22m | jupiterprof.png[39m[0m
[  78% ] [90m[1m_update_scan_actions[22m | alt_prof_mars.png[39m[0m
[  78% ] [90m[1m_update_scan_actions[22m | mars1.png[39m[0m
[  78% ] [90m[1m_update_scan_actions[22m | mars2.png[39m[0m
[  78% ] [90m[1m_update_scan_actions[22m | mars3.png[39m[0m
[  78% ] [90m[1m_update_scan_actions[22m | mars4.png[39m[0m
[  78% ] [90m[1m_update_scan_actions[22m | marsprof.png[39m[0m
[  78% ] [90m[1m_update_scan_actions[22m | sailormarsprof.png[39m[0m
[  78% ] [90m[1m_update_scan_actions[22m | sailormarsprofolder.png[39m[0m
[  78% ] [90m[1m_update_scan_actions[22m | mercury1.png[39m[0m
[  78% ] [90m[1m_update_scan_actions[22m | mercury2.png[39m[0m
[  78% ] [90m[1m_update_scan_actions[22m | mercury3.png[39m[0m
[  79% ] [90m[1m_update_scan_actions[22m | mercury4.png[39m[0m
[  79% ] [90m[1m_update_scan_actions[22m | mercuryprof.png[39m[0m
[  79% ] [90m[1m_update_scan_actions[22m | sailormoonprof.png[39m[0m
[  79% ] [90m[1m_update_scan_actions[22m | sailorneptuneprof.png[39m[0m
[  79% ] [90m[1m_update_scan_actions[22m | sailorplutoprof.png[39m[0m
[  79% ] [90m[1m_update_scan_actions[22m | alt_prof_saturn.png[39m[0m
[  79% ] [90m[1m_update_scan_actions[22m | saturn1.png[39m[0m
[  79% ] [90m[1m_update_scan_actions[22m | saturn2.png[39m[0m
[  79% ] [90m[1m_update_scan_actions[22m | saturn3.png[39m[0m
[  79% ] [90m[1m_update_scan_actions[22m | saturn4.png[39m[0m
[  79% ] [90m[1m_update_scan_actions[22m | saturn5.png[39m[0m
[  79% ] [90m[1m_update_scan_actions[22m | saturnprof.png[39m[0m
[  79% ] [90m[1m_update_scan_actions[22m | starfighterprof.png[39m[0m
[  79% ] [90m[1m_update_scan_actions[22m | starhealerprof.png[39m[0m
[  79% ] [90m[1m_update_scan_actions[22m | starmakerprof.png[39m[0m
[  79% ] [90m[1m_update_scan_actions[22m | uranus1.png[39m[0m
[  79% ] [90m[1m_update_scan_actions[22m | uranus2.png[39m[0m
[  79% ] [90m[1m_update_scan_actions[22m | uranus3.png[39m[0m
[  79% ] [90m[1m_update_scan_actions[22m | uranus4.png[39m[0m
[  79% ] [90m[1m_update_scan_actions[22m | uranus5.png[39m[0m
[  79% ] [90m[1m_update_scan_actions[22m | uranusprof.png[39m[0m
[  79% ] [90m[1m_update_scan_actions[22m | venus1.png[39m[0m
[  79% ] [90m[1m_update_scan_actions[22m | venus2.png[39m[0m
[  79% ] [90m[1m_update_scan_actions[22m | venus3.png[39m[0m
[  79% ] [90m[1m_update_scan_actions[22m | venus4.png[39m[0m
[  79% ] [90m[1m_update_scan_actions[22m | venus5.png[39m[0m
[  79% ] [90m[1m_update_scan_actions[22m | venusprof.png[39m[0m
[  79% ] [90m[1m_update_scan_actions[22m | profile_mastery_saitama.png[39m[0m
[  79% ] [90m[1m_update_scan_actions[22m | saitama1.png[39m[0m
[  79% ] [90m[1m_update_scan_actions[22m | saitama2.png[39m[0m
[  79% ] [90m[1m_update_scan_actions[22m | saitama3.png[39m[0m
[  79% ] [90m[1m_update_scan_actions[22m | saitama4.png[39m[0m
[  79% ] [90m[1m_update_scan_actions[22m | saitama5.png[39m[0m
[  79% ] [90m[1m_update_scan_actions[22m | saitama7.png[39m[0m
[  79% ] [90m[1m_update_scan_actions[22m | saitamaprof.png[39m[0m
[  80% ] [90m[1m_update_scan_actions[22m | saitama_mastery1.png[39m[0m
[  80% ] [90m[1m_update_scan_actions[22m | saitama_mastery2.png[39m[0m
[  80% ] [90m[1m_update_scan_actions[22m | saitama_mastery3.png[39m[0m
[  80% ] [90m[1m_update_scan_actions[22m | saitama_mastery4.png[39m[0m
[  80% ] [90m[1m_update_scan_actions[22m | saitama_mastery5.png[39m[0m
[  80% ] [90m[1m_update_scan_actions[22m | saitama_mastery6.png[39m[0m
[  80% ] [90m[1m_update_scan_actions[22m | saitama_mastery7.png[39m[0m
[  80% ] [90m[1m_update_scan_actions[22m | naruhaprof.png[39m[0m
[  80% ] [90m[1m_update_scan_actions[22m | sanjiprof.png[39m[0m
[  80% ] [90m[1m_update_scan_actions[22m | sarielprof.png[39m[0m
[  80% ] [90m[1m_update_scan_actions[22m | kojiroprof.png[39m[0m
[  80% ] [90m[1m_update_scan_actions[22m | sasoriprof.png[39m[0m
[  80% ] [90m[1m_update_scan_actions[22m | profile_mastery_sasuke.png[39m[0m
[  80% ] [90m[1m_update_scan_actions[22m | sasuke1.jpg[39m[0m
[  80% ] [90m[1m_update_scan_actions[22m | sasuke1.png[39m[0m
[  80% ] [90m[1m_update_scan_actions[22m | sasuke2.png[39m[0m
[  80% ] [90m[1m_update_scan_actions[22m | sasuke3.png[39m[0m
[  80% ] [90m[1m_update_scan_actions[22m | sasuke4.png[39m[0m
[  80% ] [90m[1m_update_scan_actions[22m | sasuke5.png[39m[0m
[  80% ] [90m[1m_update_scan_actions[22m | sasuke6.png[39m[0m
[  80% ] [90m[1m_update_scan_actions[22m | sasukeprof.png[39m[0m
[  80% ] [90m[1m_update_scan_actions[22m | sasukeprof_2.png[39m[0m
[  80% ] [90m[1m_update_scan_actions[22m | sasuke_mastery1.png[39m[0m
[  80% ] [90m[1m_update_scan_actions[22m | sasuke_mastery2.png[39m[0m
[  80% ] [90m[1m_update_scan_actions[22m | sasuke_mastery3.png[39m[0m
[  80% ] [90m[1m_update_scan_actions[22m | sasuke_mastery4.png[39m[0m
[  80% ] [90m[1m_update_scan_actions[22m | sasuke_mastery5.png[39m[0m
[  80% ] [90m[1m_update_scan_actions[22m | sasuke_mastery6.png[39m[0m
[  80% ] [90m[1m_update_scan_actions[22m | satellaprof.png[39m[0m
[  80% ] [90m[1m_update_scan_actions[22m | gojo1.png[39m[0m
[  80% ] [90m[1m_update_scan_actions[22m | gojo2.png[39m[0m
[  80% ] [90m[1m_update_scan_actions[22m | gojo3.png[39m[0m
[  80% ] [90m[1m_update_scan_actions[22m | gojo4.png[39m[0m
[  80% ] [90m[1m_update_scan_actions[22m | gojo5.png[39m[0m
[  80% ] [90m[1m_update_scan_actions[22m | gojoprof.png[39m[0m
[  81% ] [90m[1m_update_scan_actions[22m | profile_mastery_satsuki.png[39m[0m
[  81% ] [90m[1m_update_scan_actions[22m | satsuki1.png[39m[0m
[  81% ] [90m[1m_update_scan_actions[22m | satsuki2.png[39m[0m
[  81% ] [90m[1m_update_scan_actions[22m | satsuki3.png[39m[0m
[  81% ] [90m[1m_update_scan_actions[22m | satsuki4.png[39m[0m
[  81% ] [90m[1m_update_scan_actions[22m | satsuki5.png[39m[0m
[  81% ] [90m[1m_update_scan_actions[22m | satsuki.png[39m[0m
[  81% ] [90m[1m_update_scan_actions[22m | profile_mastery_tsuna.png[39m[0m
[  81% ] [90m[1m_update_scan_actions[22m | tsunayoshi1.png[39m[0m
[  81% ] [90m[1m_update_scan_actions[22m | tsunayoshi2.png[39m[0m
[  81% ] [90m[1m_update_scan_actions[22m | tsunayoshi3.png[39m[0m
[  81% ] [90m[1m_update_scan_actions[22m | tsunayoshi4.png[39m[0m
[  81% ] [90m[1m_update_scan_actions[22m | tsunayoshiprof.png[39m[0m
[  81% ] [90m[1m_update_scan_actions[22m | profile_mastery_sayaka.png[39m[0m
[  81% ] [90m[1m_update_scan_actions[22m | sayaka1.png[39m[0m
[  81% ] [90m[1m_update_scan_actions[22m | sayaka2.png[39m[0m
[  81% ] [90m[1m_update_scan_actions[22m | sayaka3.png[39m[0m
[  81% ] [90m[1m_update_scan_actions[22m | sayaka4.png[39m[0m
[  81% ] [90m[1m_update_scan_actions[22m | sayaka5.png[39m[0m
[  81% ] [90m[1m_update_scan_actions[22m | sayaka6.png[39m[0m
[  81% ] [90m[1m_update_scan_actions[22m | sayaka7.png[39m[0m
[  81% ] [90m[1m_update_scan_actions[22m | sayakaprof.png[39m[0m
[  81% ] [90m[1m_update_scan_actions[22m | seilahprof.png[39m[0m
[  81% ] [90m[1m_update_scan_actions[22m | seiyaprof.png[39m[0m
[  81% ] [90m[1m_update_scan_actions[22m | alt_prof_semiramis.png[39m[0m
[  81% ] [90m[1m_update_scan_actions[22m | semiramis1.png[39m[0m
[  81% ] [90m[1m_update_scan_actions[22m | semiramis2.png[39m[0m
[  81% ] [90m[1m_update_scan_actions[22m | semiramis3.png[39m[0m
[  81% ] [90m[1m_update_scan_actions[22m | semiramis4.png[39m[0m
[  81% ] [90m[1m_update_scan_actions[22m | semiramis5.png[39m[0m
[  81% ] [90m[1m_update_scan_actions[22m | semiramisprof.png[39m[0m
[  81% ] [90m[1m_update_scan_actions[22m | semiuprof.png[39m[0m
[  81% ] [90m[1m_update_scan_actions[22m | senjumaruprof.png[39m[0m
[  81% ] [90m[1m_update_scan_actions[22m | shinobuprof.png[39m[0m
[  81% ] [90m[1m_update_scan_actions[22m | seryuprof.png[39m[0m
[  82% ] [90m[1m_update_scan_actions[22m | sesshomaruprof.png[39m[0m
[  82% ] [90m[1m_update_scan_actions[22m | kaiba1.png[39m[0m
[  82% ] [90m[1m_update_scan_actions[22m | kaiba2.png[39m[0m
[  82% ] [90m[1m_update_scan_actions[22m | kaiba3.png[39m[0m
[  82% ] [90m[1m_update_scan_actions[22m | kaiba4.png[39m[0m
[  82% ] [90m[1m_update_scan_actions[22m | kaiba5.png[39m[0m
[  82% ] [90m[1m_update_scan_actions[22m | kaiba6.png[39m[0m
[  82% ] [90m[1m_update_scan_actions[22m | kaibaprof.png[39m[0m
[  82% ] [90m[1m_update_scan_actions[22m | shaiapoufprof.png[39m[0m
[  82% ] [90m[1m_update_scan_actions[22m | shalnarkprof.png[39m[0m
[  82% ] [90m[1m_update_scan_actions[22m | shapesmithprof.png[39m[0m
[  82% ] [90m[1m_update_scan_actions[22m | profile_mastery_sheele.png[39m[0m
[  82% ] [90m[1m_update_scan_actions[22m | sheele1.png[39m[0m
[  82% ] [90m[1m_update_scan_actions[22m | sheele2.png[39m[0m
[  82% ] [90m[1m_update_scan_actions[22m | sheele3.png[39m[0m
[  82% ] [90m[1m_update_scan_actions[22m | sheele4.png[39m[0m
[  82% ] [90m[1m_update_scan_actions[22m | sheeleprof.png[39m[0m
[  82% ] [90m[1m_update_scan_actions[22m | sherriaprof.png[39m[0m
[  82% ] [90m[1m_update_scan_actions[22m | kaienprof.png[39m[0m
[  82% ] [90m[1m_update_scan_actions[22m | shikamaruprof.png[39m[0m
[  82% ] [90m[1m_update_scan_actions[22m | shikiprof.png[39m[0m
[  82% ] [90m[1m_update_scan_actions[22m | shinjiprof.png[39m[0m
[  82% ] [90m[1m_update_scan_actions[22m | shinoprof.png[39m[0m
[  82% ] [90m[1m_update_scan_actions[22m | alt_prof_shinra.png[39m[0m
[  82% ] [90m[1m_update_scan_actions[22m | shinra1.png[39m[0m
[  82% ] [90m[1m_update_scan_actions[22m | shinra2.png[39m[0m
[  82% ] [90m[1m_update_scan_actions[22m | shinra3.png[39m[0m
[  82% ] [90m[1m_update_scan_actions[22m | shinra4.png[39m[0m
[  82% ] [90m[1m_update_scan_actions[22m | shinra5.png[39m[0m
[  82% ] [90m[1m_update_scan_actions[22m | shinra.png[39m[0m
[  82% ] [90m[1m_update_scan_actions[22m | shirabeprof.png[39m[0m
[  82% ] [90m[1m_update_scan_actions[22m | mastery_shiroprof.png[39m[0m
[  82% ] [90m[1m_update_scan_actions[22m | shiro1.png[39m[0m
[  82% ] [90m[1m_update_scan_actions[22m | shiro2.png[39m[0m
[  82% ] [90m[1m_update_scan_actions[22m | shiro3.png[39m[0m
[  83% ] [90m[1m_update_scan_actions[22m | shiro4.png[39m[0m
[  83% ] [90m[1m_update_scan_actions[22m | shiro5.png[39m[0m
[  83% ] [90m[1m_update_scan_actions[22m | shiro.png[39m[0m
[  83% ] [90m[1m_update_scan_actions[22m | shiroprof.png[39m[0m
[  83% ] [90m[1m_update_scan_actions[22m | shiryuuprof.png[39m[0m
[  83% ] [90m[1m_update_scan_actions[22m | shivaprof.png[39m[0m
[  83% ] [90m[1m_update_scan_actions[22m | shizukuprof.png[39m[0m
[  83% ] [90m[1m_update_scan_actions[22m | alt_prof_shokuho.png[39m[0m
[  83% ] [90m[1m_update_scan_actions[22m | shokuhou1.png[39m[0m
[  83% ] [90m[1m_update_scan_actions[22m | shokuhou2.png[39m[0m
[  83% ] [90m[1m_update_scan_actions[22m | shokuhou3.png[39m[0m
[  83% ] [90m[1m_update_scan_actions[22m | shokuhou4.png[39m[0m
[  83% ] [90m[1m_update_scan_actions[22m | shokuhouprof.png[39m[0m
[  83% ] [90m[1m_update_scan_actions[22m | shootprof.png[39m[0m
[  83% ] [90m[1m_update_scan_actions[22m | todoroki1.png[39m[0m
[  83% ] [90m[1m_update_scan_actions[22m | todoroki2.png[39m[0m
[  83% ] [90m[1m_update_scan_actions[22m | todoroki3.png[39m[0m
[  83% ] [90m[1m_update_scan_actions[22m | todoroki4.png[39m[0m
[  83% ] [90m[1m_update_scan_actions[22m | todoroki5.png[39m[0m
[  83% ] [90m[1m_update_scan_actions[22m | todorokiprof.png[39m[0m
[  83% ] [90m[1m_update_scan_actions[22m | shouprof.png[39m[0m
[  83% ] [90m[1m_update_scan_actions[22m | shunprof.png[39m[0m
[  83% ] [90m[1m_update_scan_actions[22m | kyourakuprof.png[39m[0m
[  83% ] [90m[1m_update_scan_actions[22m | shuuprof.png[39m[0m
[  83% ] [90m[1m_update_scan_actions[22m | siegprof.png[39m[0m
[  83% ] [90m[1m_update_scan_actions[22m | silverfang.png[39m[0m
[  83% ] [90m[1m_update_scan_actions[22m | silverprof.png[39m[0m
[  83% ] [90m[1m_update_scan_actions[22m | hayhaprof.png[39m[0m
[  83% ] [90m[1m_update_scan_actions[22m | siriusprof.png[39m[0m
[  83% ] [90m[1m_update_scan_actions[22m | skullgreymonprof.png[39m[0m
[  83% ] [90m[1m_update_scan_actions[22m | smokerprof.png[39m[0m
[  83% ] [90m[1m_update_scan_actions[22m | snowwhite1.png[39m[0m
[  83% ] [90m[1m_update_scan_actions[22m | snowwhite2.png[39m[0m
[  83% ] [90m[1m_update_scan_actions[22m | snowwhite3.png[39m[0m
[  84% ] [90m[1m_update_scan_actions[22m | snowwhite4.png[39m[0m
[  84% ] [90m[1m_update_scan_actions[22m | snowwhiteprof.png[39m[0m
[  84% ] [90m[1m_update_scan_actions[22m | alt_prof_gunha.png[39m[0m
[  84% ] [90m[1m_update_scan_actions[22m | gunha1.png[39m[0m
[  84% ] [90m[1m_update_scan_actions[22m | gunha2.png[39m[0m
[  84% ] [90m[1m_update_scan_actions[22m | gunha3.png[39m[0m
[  84% ] [90m[1m_update_scan_actions[22m | gunha4.png[39m[0m
[  84% ] [90m[1m_update_scan_actions[22m | gunha5.png[39m[0m
[  84% ] [90m[1m_update_scan_actions[22m | gunhaprof.png[39m[0m
[  84% ] [90m[1m_update_scan_actions[22m | sogiitaprof.png[39m[0m
[  84% ] [90m[1m_update_scan_actions[22m | soifonprof.png[39m[0m
[  84% ] [90m[1m_update_scan_actions[22m | okitaprof.png[39m[0m
[  84% ] [90m[1m_update_scan_actions[22m | solomonprof.png[39m[0m
[  84% ] [90m[1m_update_scan_actions[22m | profile_mastery_soul.png[39m[0m
[  84% ] [90m[1m_update_scan_actions[22m | soul1.png[39m[0m
[  84% ] [90m[1m_update_scan_actions[22m | soul2.png[39m[0m
[  84% ] [90m[1m_update_scan_actions[22m | soul3.png[39m[0m
[  84% ] [90m[1m_update_scan_actions[22m | soul4.PNG[39m[0m
[  84% ] [90m[1m_update_scan_actions[22m | soul.png[39m[0m
[  84% ] [90m[1m_update_scan_actions[22m | soulpassive.png[39m[0m
[  84% ] [90m[1m_update_scan_actions[22m | soulprof.png[39m[0m
[  84% ] [90m[1m_update_scan_actions[22m | spinnerprof.png[39m[0m
[  84% ] [90m[1m_update_scan_actions[22m | squirtle1.png[39m[0m
[  84% ] [90m[1m_update_scan_actions[22m | squirtle2.png[39m[0m
[  84% ] [90m[1m_update_scan_actions[22m | squirtle3.png[39m[0m
[  84% ] [90m[1m_update_scan_actions[22m | squirtle4.png[39m[0m
[  84% ] [90m[1m_update_scan_actions[22m | squirtle5.png[39m[0m
[  84% ] [90m[1m_update_scan_actions[22m | squirtle6.png[39m[0m
[  84% ] [90m[1m_update_scan_actions[22m | squirtle7.png[39m[0m
[  84% ] [90m[1m_update_scan_actions[22m | squirtleprof.png[39m[0m
[  84% ] [90m[1m_update_scan_actions[22m | stainprof.png[39m[0m
[  84% ] [90m[1m_update_scan_actions[22m | stark1.png[39m[0m
[  84% ] [90m[1m_update_scan_actions[22m | stark2.png[39m[0m
[  84% ] [90m[1m_update_scan_actions[22m | stark3.png[39m[0m
[  84% ] [90m[1m_update_scan_actions[22m | stark4.png[39m[0m
[  85% ] [90m[1m_update_scan_actions[22m | stark5.png[39m[0m
[  85% ] [90m[1m_update_scan_actions[22m | stark6.png[39m[0m
[  85% ] [90m[1m_update_scan_actions[22m | stark7.png[39m[0m
[  85% ] [90m[1m_update_scan_actions[22m | starkprof.png[39m[0m
[  85% ] [90m[1m_update_scan_actions[22m | stingprof.png[39m[0m
[  85% ] [90m[1m_update_scan_actions[22m | subaruprof.png[39m[0m
[  85% ] [90m[1m_update_scan_actions[22m | suguruprof.png[39m[0m
[  85% ] [90m[1m_update_scan_actions[22m | blue_section_background.png[39m[0m
[  85% ] [90m[1m_update_scan_actions[22m | blue_section_image.png[39m[0m
[  85% ] [90m[1m_update_scan_actions[22m | green_section_background.png[39m[0m
[  85% ] [90m[1m_update_scan_actions[22m | green_section_image.png[39m[0m
[  85% ] [90m[1m_update_scan_actions[22m | jinwoo1.png[39m[0m
[  85% ] [90m[1m_update_scan_actions[22m | jinwoo2.png[39m[0m
[  85% ] [90m[1m_update_scan_actions[22m | jinwoo3.png[39m[0m
[  85% ] [90m[1m_update_scan_actions[22m | jinwoo4.png[39m[0m
[  85% ] [90m[1m_update_scan_actions[22m | jinwoo5.png[39m[0m
[  85% ] [90m[1m_update_scan_actions[22m | jinwoo6.png[39m[0m
[  85% ] [90m[1m_update_scan_actions[22m | jinwoo7.png[39m[0m
[  85% ] [90m[1m_update_scan_actions[22m | jinwoo8.png[39m[0m
[  85% ] [90m[1m_update_scan_actions[22m | jinwoo9.png[39m[0m
[  85% ] [90m[1m_update_scan_actions[22m | jinwoo10.png[39m[0m
[  85% ] [90m[1m_update_scan_actions[22m | jinwoo11.png[39m[0m
[  85% ] [90m[1m_update_scan_actions[22m | jinwoo12.png[39m[0m
[  85% ] [90m[1m_update_scan_actions[22m | jinwooprof.png[39m[0m
[  85% ] [90m[1m_update_scan_actions[22m | red_section_background.png[39m[0m
[  85% ] [90m[1m_update_scan_actions[22m | red_section_image.png[39m[0m
[  85% ] [90m[1m_update_scan_actions[22m | white_section_background.png[39m[0m
[  85% ] [90m[1m_update_scan_actions[22m | white_section_image.png[39m[0m
[  85% ] [90m[1m_update_scan_actions[22m | alt_prof_squalo.png[39m[0m
[  85% ] [90m[1m_update_scan_actions[22m | squalo1.png[39m[0m
[  85% ] [90m[1m_update_scan_actions[22m | squalo2.png[39m[0m
[  85% ] [90m[1m_update_scan_actions[22m | squalo3.png[39m[0m
[  85% ] [90m[1m_update_scan_actions[22m | squalo4.png[39m[0m
[  85% ] [90m[1m_update_scan_actions[22m | squaloprof.png[39m[0m
[  85% ] [90m[1m_update_scan_actions[22m | supremekaiprof.png[39m[0m
[  86% ] [90m[1m_update_scan_actions[22m | susanooprof.png[39m[0m
[  86% ] [90m[1m_update_scan_actions[22m | susanoororprof.png[39m[0m
[  86% ] [90m[1m_update_scan_actions[22m | susanoomonprof.png[39m[0m
[  86% ] [90m[1m_update_scan_actions[22m | synshenronprof.png[39m[0m
[  86% ] [90m[1m_update_scan_actions[22m | szayelprof.png[39m[0m
[  86% ] [90m[1m_update_scan_actions[22m | takaoprof.png[39m[0m
[  86% ] [90m[1m_update_scan_actions[22m | takehisaprof.png[39m[0m
[  86% ] [90m[1m_update_scan_actions[22m | takizawaprof.png[39m[0m
[  86% ] [90m[1m_update_scan_actions[22m | amajikiprof.png[39m[0m
[  86% ] [90m[1m_update_scan_actions[22m | profile_mastery_tamaki.png[39m[0m
[  86% ] [90m[1m_update_scan_actions[22m | tamaki1.png[39m[0m
[  86% ] [90m[1m_update_scan_actions[22m | tamaki2.png[39m[0m
[  86% ] [90m[1m_update_scan_actions[22m | tamaki3.png[39m[0m
[  86% ] [90m[1m_update_scan_actions[22m | tamaki4.png[39m[0m
[  86% ] [90m[1m_update_scan_actions[22m | tamaki5.png[39m[0m
[  86% ] [90m[1m_update_scan_actions[22m | tamaki.png[39m[0m
[  86% ] [90m[1m_update_scan_actions[22m | tamakiprof.png[39m[0m
[  86% ] [90m[1m_update_scan_actions[22m | raidenprof.png[39m[0m
[  86% ] [90m[1m_update_scan_actions[22m | tamsyprof.png[39m[0m
[  86% ] [90m[1m_update_scan_actions[22m | taoprof.png[39m[0m
[  86% ] [90m[1m_update_scan_actions[22m | tarmielprof.png[39m[0m
[  86% ] [90m[1m_update_scan_actions[22m | profile_mastery_tatsumaki.png[39m[0m
[  86% ] [90m[1m_update_scan_actions[22m | tatsumaki1.png[39m[0m
[  86% ] [90m[1m_update_scan_actions[22m | tatsumaki2.png[39m[0m
[  86% ] [90m[1m_update_scan_actions[22m | tatsumaki3.png[39m[0m
[  86% ] [90m[1m_update_scan_actions[22m | tatsumaki4.png[39m[0m
[  86% ] [90m[1m_update_scan_actions[22m | tatsumaki5.png[39m[0m
[  86% ] [90m[1m_update_scan_actions[22m | tatsumaki6.png[39m[0m
[  86% ] [90m[1m_update_scan_actions[22m | tatsumakiprof.png[39m[0m
[  86% ] [90m[1m_update_scan_actions[22m | tatsumaki_mastery1.png[39m[0m
[  86% ] [90m[1m_update_scan_actions[22m | tatsumaki_mastery2.png[39m[0m
[  86% ] [90m[1m_update_scan_actions[22m | tatsumaki_mastery3.png[39m[0m
[  86% ] [90m[1m_update_scan_actions[22m | tatsumaki_mastery4.png[39m[0m
[  86% ] [90m[1m_update_scan_actions[22m | tatsumaki_mastery5.png[39m[0m
[  86% ] [90m[1m_update_scan_actions[22m | tatsumaki_mastery6.png[39m[0m
[  87% ] [90m[1m_update_scan_actions[22m | profile_mastery_tatsumi.png[39m[0m
[  87% ] [90m[1m_update_scan_actions[22m | tatsumi1.png[39m[0m
[  87% ] [90m[1m_update_scan_actions[22m | tatsumi2.png[39m[0m
[  87% ] [90m[1m_update_scan_actions[22m | tatsumi3.png[39m[0m
[  87% ] [90m[1m_update_scan_actions[22m | tatsumi4.png[39m[0m
[  87% ] [90m[1m_update_scan_actions[22m | tatsumiprof.png[39m[0m
[  87% ] [90m[1m_update_scan_actions[22m | temariprof.png[39m[0m
[  87% ] [90m[1m_update_scan_actions[22m | uzui1.png[39m[0m
[  87% ] [90m[1m_update_scan_actions[22m | uzui2.png[39m[0m
[  87% ] [90m[1m_update_scan_actions[22m | uzui3.png[39m[0m
[  87% ] [90m[1m_update_scan_actions[22m | uzui4.png[39m[0m
[  87% ] [90m[1m_update_scan_actions[22m | uzui5.png[39m[0m
[  87% ] [90m[1m_update_scan_actions[22m | uzuiprof.png[39m[0m
[  87% ] [90m[1m_update_scan_actions[22m | tentenprof.png[39m[0m
[  87% ] [90m[1m_update_scan_actions[22m | tentomonprof.png[39m[0m
[  87% ] [90m[1m_update_scan_actions[22m | idaprof.png[39m[0m
[  87% ] [90m[1m_update_scan_actions[22m | teresaprof.png[39m[0m
[  87% ] [90m[1m_update_scan_actions[22m | alt.png[39m[0m
[  87% ] [90m[1m_update_scan_actions[22m | lizandpatty1.png[39m[0m
[  87% ] [90m[1m_update_scan_actions[22m | lizandpatty2.png[39m[0m
[  87% ] [90m[1m_update_scan_actions[22m | lizandpatty3.png[39m[0m
[  87% ] [90m[1m_update_scan_actions[22m | lizandpatty4.png[39m[0m
[  87% ] [90m[1m_update_scan_actions[22m | lizandpatty5.png[39m[0m
[  87% ] [90m[1m_update_scan_actions[22m | lizandpatty6.png[39m[0m
[  87% ] [90m[1m_update_scan_actions[22m | lizandpatty7.png[39m[0m
[  87% ] [90m[1m_update_scan_actions[22m | lizprof.png[39m[0m
[  87% ] [90m[1m_update_scan_actions[22m | pattyprof.png[39m[0m
[  87% ] [90m[1m_update_scan_actions[22m | thomasprof.png[39m[0m
[  87% ] [90m[1m_update_scan_actions[22m | thorprof.png[39m[0m
[  87% ] [90m[1m_update_scan_actions[22m | thraggprof.png[39m[0m
[  87% ] [90m[1m_update_scan_actions[22m | halibel1.png[39m[0m
[  87% ] [90m[1m_update_scan_actions[22m | halibel2.png[39m[0m
[  87% ] [90m[1m_update_scan_actions[22m | halibel3.png[39m[0m
[  87% ] [90m[1m_update_scan_actions[22m | halibel4.png[39m[0m
[  87% ] [90m[1m_update_scan_actions[22m | halibel5.png[39m[0m
[  88% ] [90m[1m_update_scan_actions[22m | halibel6.png[39m[0m
[  88% ] [90m[1m_update_scan_actions[22m | halibel7.png[39m[0m
[  88% ] [90m[1m_update_scan_actions[22m | halibelaltprof.png[39m[0m
[  88% ] [90m[1m_update_scan_actions[22m | halibelprof.png[39m[0m
[  88% ] [90m[1m_update_scan_actions[22m | tienprof.png[39m[0m
[  88% ] [90m[1m_update_scan_actions[22m | nidaimeprof.png[39m[0m
[  88% ] [90m[1m_update_scan_actions[22m | todoprof.png[39m[0m
[  88% ] [90m[1m_update_scan_actions[22m | mirioprof.png[39m[0m
[  88% ] [90m[1m_update_scan_actions[22m | toguroprof.png[39m[0m
[  88% ] [90m[1m_update_scan_actions[22m | toji1.png[39m[0m
[  88% ] [90m[1m_update_scan_actions[22m | toji2.png[39m[0m
[  88% ] [90m[1m_update_scan_actions[22m | toji3.png[39m[0m
[  88% ] [90m[1m_update_scan_actions[22m | toji4.png[39m[0m
[  88% ] [90m[1m_update_scan_actions[22m | toji5.png[39m[0m
[  88% ] [90m[1m_update_scan_actions[22m | tojiprof.png[39m[0m
[  88% ] [90m[1m_update_scan_actions[22m | shigarakiprof.png[39m[0m
[  88% ] [90m[1m_update_scan_actions[22m | chopperprof.png[39m[0m
[  88% ] [90m[1m_update_scan_actions[22m | alttophprof.png[39m[0m
[  88% ] [90m[1m_update_scan_actions[22m | alt_prof_toph.png[39m[0m
[  88% ] [90m[1m_update_scan_actions[22m | toph1.png[39m[0m
[  88% ] [90m[1m_update_scan_actions[22m | toph2.png[39m[0m
[  88% ] [90m[1m_update_scan_actions[22m | toph3.png[39m[0m
[  88% ] [90m[1m_update_scan_actions[22m | toph4.png[39m[0m
[  88% ] [90m[1m_update_scan_actions[22m | toph5.png[39m[0m
[  88% ] [90m[1m_update_scan_actions[22m | tophprof.png[39m[0m
[  88% ] [90m[1m_update_scan_actions[22m | toshiroprof.png[39m[0m
[  88% ] [90m[1m_update_scan_actions[22m | toudou1.png[39m[0m
[  88% ] [90m[1m_update_scan_actions[22m | toudou2.png[39m[0m
[  88% ] [90m[1m_update_scan_actions[22m | toudou3.png[39m[0m
[  88% ] [90m[1m_update_scan_actions[22m | toudou4.png[39m[0m
[  88% ] [90m[1m_update_scan_actions[22m | toudou5.png[39m[0m
[  88% ] [90m[1m_update_scan_actions[22m | toudouprof.png[39m[0m
[  88% ] [90m[1m_update_scan_actions[22m | lawprof.png[39m[0m
[  88% ] [90m[1m_update_scan_actions[22m | kasuganoprof.png[39m[0m
[  88% ] [90m[1m_update_scan_actions[22m | alt_prof_tsubaki.png[39m[0m
[  89% ] [90m[1m_update_scan_actions[22m | tsubaki1.png[39m[0m
[  89% ] [90m[1m_update_scan_actions[22m | tsubaki2.png[39m[0m
[  89% ] [90m[1m_update_scan_actions[22m | tsubaki3.png[39m[0m
[  89% ] [90m[1m_update_scan_actions[22m | tsubaki4.png[39m[0m
[  89% ] [90m[1m_update_scan_actions[22m | tsubaki5.png[39m[0m
[  89% ] [90m[1m_update_scan_actions[22m | tsubaki6.png[39m[0m
[  89% ] [90m[1m_update_scan_actions[22m | tsubakiprof.png[39m[0m
[  89% ] [90m[1m_update_scan_actions[22m | tsubasa1.png[39m[0m
[  89% ] [90m[1m_update_scan_actions[22m | tsubasa2.png[39m[0m
[  89% ] [90m[1m_update_scan_actions[22m | tsubasa3.png[39m[0m
[  89% ] [90m[1m_update_scan_actions[22m | tsubasa4.png[39m[0m
[  89% ] [90m[1m_update_scan_actions[22m | tsubasa5.png[39m[0m
[  89% ] [90m[1m_update_scan_actions[22m | tsubasa6.png[39m[0m
[  89% ] [90m[1m_update_scan_actions[22m | tsubasaprof.png[39m[0m
[  89% ] [90m[1m_update_scan_actions[22m | tsunadeprof.png[39m[0m
[  89% ] [90m[1m_update_scan_actions[22m | tsuyu1.png[39m[0m
[  89% ] [90m[1m_update_scan_actions[22m | tsuyu2.png[39m[0m
[  89% ] [90m[1m_update_scan_actions[22m | tsuyu3.png[39m[0m
[  89% ] [90m[1m_update_scan_actions[22m | tsuyu4.png[39m[0m
[  89% ] [90m[1m_update_scan_actions[22m | tsuyuprof.png[39m[0m
[  89% ] [90m[1m_update_scan_actions[22m | tuxedomaskprof.png[39m[0m
[  89% ] [90m[1m_update_scan_actions[22m | twiceprof.png[39m[0m
[  89% ] [90m[1m_update_scan_actions[22m | itachiprof.png[39m[0m
[  89% ] [90m[1m_update_scan_actions[22m | madaraprof.png[39m[0m
[  89% ] [90m[1m_update_scan_actions[22m | obitoprof.png[39m[0m
[  89% ] [90m[1m_update_scan_actions[22m | ultearprof.png[39m[0m
[  89% ] [90m[1m_update_scan_actions[22m | uniprof.png[39m[0m
[  89% ] [90m[1m_update_scan_actions[22m | urahara1.png[39m[0m
[  89% ] [90m[1m_update_scan_actions[22m | urahara2.png[39m[0m
[  89% ] [90m[1m_update_scan_actions[22m | urahara3.png[39m[0m
[  89% ] [90m[1m_update_scan_actions[22m | urahara4.png[39m[0m
[  89% ] [90m[1m_update_scan_actions[22m | urahara5.png[39m[0m
[  89% ] [90m[1m_update_scan_actions[22m | uraharaprof.png[39m[0m
[  89% ] [90m[1m_update_scan_actions[22m | yusukeprof.png[39m[0m
[  89% ] [90m[1m_update_scan_actions[22m | ushiwakamaruprof.png[39m[0m
[  90% ] [90m[1m_update_scan_actions[22m | profile_mastery_usopp.png[39m[0m
[  90% ] [90m[1m_update_scan_actions[22m | usopp1.PNG[39m[0m
[  90% ] [90m[1m_update_scan_actions[22m | usopp2.PNG[39m[0m
[  90% ] [90m[1m_update_scan_actions[22m | usopp3.png[39m[0m
[  90% ] [90m[1m_update_scan_actions[22m | usopp4.png[39m[0m
[  90% ] [90m[1m_update_scan_actions[22m | usopp5.PNG[39m[0m
[  90% ] [90m[1m_update_scan_actions[22m | usoppprof.PNG[39m[0m
[  90% ] [90m[1m_update_scan_actions[22m | uvoginprof.png[39m[0m
[  90% ] [90m[1m_update_scan_actions[22m | borushikiprof.png[39m[0m
[  90% ] [90m[1m_update_scan_actions[22m | boruto1.png[39m[0m
[  90% ] [90m[1m_update_scan_actions[22m | boruto2.png[39m[0m
[  90% ] [90m[1m_update_scan_actions[22m | boruto3.png[39m[0m
[  90% ] [90m[1m_update_scan_actions[22m | boruto4.png[39m[0m
[  90% ] [90m[1m_update_scan_actions[22m | boruto5.png[39m[0m
[  90% ] [90m[1m_update_scan_actions[22m | boruto6.png[39m[0m
[  90% ] [90m[1m_update_scan_actions[22m | boruto7.png[39m[0m
[  90% ] [90m[1m_update_scan_actions[22m | borutoprof.png[39m[0m
[  90% ] [90m[1m_update_scan_actions[22m | veemonprof.png[39m[0m
[  90% ] [90m[1m_update_scan_actions[22m | profile_mastery_vegeta.png[39m[0m
[  90% ] [90m[1m_update_scan_actions[22m | vegeta1.png[39m[0m
[  90% ] [90m[1m_update_scan_actions[22m | vegeta2.png[39m[0m
[  90% ] [90m[1m_update_scan_actions[22m | vegeta3.png[39m[0m
[  90% ] [90m[1m_update_scan_actions[22m | vegeta4.png[39m[0m
[  90% ] [90m[1m_update_scan_actions[22m | vegeta.png[39m[0m
[  90% ] [90m[1m_update_scan_actions[22m | vegeta_mastery1.png[39m[0m
[  90% ] [90m[1m_update_scan_actions[22m | vegeta_mastery2.png[39m[0m
[  90% ] [90m[1m_update_scan_actions[22m | vegeta_mastery3.png[39m[0m
[  90% ] [90m[1m_update_scan_actions[22m | vegeta_mastery4.png[39m[0m
[  90% ] [90m[1m_update_scan_actions[22m | veldora1.png[39m[0m
[  90% ] [90m[1m_update_scan_actions[22m | veldora2.png[39m[0m
[  90% ] [90m[1m_update_scan_actions[22m | veldora3.png[39m[0m
[  90% ] [90m[1m_update_scan_actions[22m | veldora4.png[39m[0m
[  90% ] [90m[1m_update_scan_actions[22m | veldora5.png[39m[0m
[  90% ] [90m[1m_update_scan_actions[22m | veldorisprof.png[39m[0m
[  90% ] [90m[1m_update_scan_actions[22m | vessel1.png[39m[0m
[  91% ] [90m[1m_update_scan_actions[22m | vessel2.png[39m[0m
[  91% ] [90m[1m_update_scan_actions[22m | vessel3.png[39m[0m
[  91% ] [90m[1m_update_scan_actions[22m | vessel4.png[39m[0m
[  91% ] [90m[1m_update_scan_actions[22m | vessel5.png[39m[0m
[  91% ] [90m[1m_update_scan_actions[22m | vessel6.png[39m[0m
[  91% ] [90m[1m_update_scan_actions[22m | vesselprof.png[39m[0m
[  91% ] [90m[1m_update_scan_actions[22m | vladprof.png[39m[0m
[  91% ] [90m[1m_update_scan_actions[22m | watchdogprof.png[39m[0m
[  91% ] [90m[1m_update_scan_actions[22m | wendyprof.png[39m[0m
[  91% ] [90m[1m_update_scan_actions[22m | whitebeardprof.png[39m[0m
[  91% ] [90m[1m_update_scan_actions[22m | williamprof.png[39m[0m
[  91% ] [90m[1m_update_scan_actions[22m | wonderweissprof.png[39m[0m
[  91% ] [90m[1m_update_scan_actions[22m | wormmonprof.png[39m[0m
[  91% ] [90m[1m_update_scan_actions[22m | profile_mastery_xanxus.png[39m[0m
[  91% ] [90m[1m_update_scan_actions[22m | xanxus1.png[39m[0m
[  91% ] [90m[1m_update_scan_actions[22m | xanxus2.png[39m[0m
[  91% ] [90m[1m_update_scan_actions[22m | xanxus3.png[39m[0m
[  91% ] [90m[1m_update_scan_actions[22m | xanxus4.png[39m[0m
[  91% ] [90m[1m_update_scan_actions[22m | xanxus5.png[39m[0m
[  91% ] [90m[1m_update_scan_actions[22m | xanxuspassive.png[39m[0m
[  91% ] [90m[1m_update_scan_actions[22m | xanxusprof.png[39m[0m
[  91% ] [90m[1m_update_scan_actions[22m | yachiruprof.png[39m[0m
[  91% ] [90m[1m_update_scan_actions[22m | oomoriprof.png[39m[0m
[  91% ] [90m[1m_update_scan_actions[22m | kabutoprof.png[39m[0m
[  91% ] [90m[1m_update_scan_actions[22m | genryuusaiprof.png[39m[0m
[  91% ] [90m[1m_update_scan_actions[22m | profile_mastery_yamamoto.png[39m[0m
[  91% ] [90m[1m_update_scan_actions[22m | yamamoto1.png[39m[0m
[  91% ] [90m[1m_update_scan_actions[22m | yamamoto2.png[39m[0m
[  91% ] [90m[1m_update_scan_actions[22m | yamamoto3.png[39m[0m
[  91% ] [90m[1m_update_scan_actions[22m | yamamoto4.png[39m[0m
[  91% ] [90m[1m_update_scan_actions[22m | yamamotoalt1.png[39m[0m
[  91% ] [90m[1m_update_scan_actions[22m | yamamotoalt2.png[39m[0m
[  91% ] [90m[1m_update_scan_actions[22m | yamamotoprof.png[39m[0m
[  91% ] [90m[1m_update_scan_actions[22m | yamchaprof.png[39m[0m
[  91% ] [90m[1m_update_scan_actions[22m | yamiprof.png[39m[0m
[  92% ] [90m[1m_update_scan_actions[22m | yammyprof.png[39m[0m
[  92% ] [90m[1m_update_scan_actions[22m | chadprof.png[39m[0m
[  92% ] [90m[1m_update_scan_actions[22m | yomiprof.png[39m[0m
[  92% ] [90m[1m_update_scan_actions[22m | yomotsuprof.png[39m[0m
[  92% ] [90m[1m_update_scan_actions[22m | yoruichi1.png[39m[0m
[  92% ] [90m[1m_update_scan_actions[22m | yoruichi2.png[39m[0m
[  92% ] [90m[1m_update_scan_actions[22m | yoruichi3.png[39m[0m
[  92% ] [90m[1m_update_scan_actions[22m | yoruichi4.png[39m[0m
[  92% ] [90m[1m_update_scan_actions[22m | yoruichi5.png[39m[0m
[  92% ] [90m[1m_update_scan_actions[22m | yoruichialtprof.png[39m[0m
[  92% ] [90m[1m_update_scan_actions[22m | yoruichiprof.png[39m[0m
[  92% ] [90m[1m_update_scan_actions[22m | yubel1.png[39m[0m
[  92% ] [90m[1m_update_scan_actions[22m | yubel2.png[39m[0m
[  92% ] [90m[1m_update_scan_actions[22m | yubel3.png[39m[0m
[  92% ] [90m[1m_update_scan_actions[22m | yubel4.png[39m[0m
[  92% ] [90m[1m_update_scan_actions[22m | yubel5.png[39m[0m
[  92% ] [90m[1m_update_scan_actions[22m | yubel6.png[39m[0m
[  92% ] [90m[1m_update_scan_actions[22m | yubelprof.png[39m[0m
[  92% ] [90m[1m_update_scan_actions[22m | yugi1.png[39m[0m
[  92% ] [90m[1m_update_scan_actions[22m | yugi2.png[39m[0m
[  92% ] [90m[1m_update_scan_actions[22m | yugi3.png[39m[0m
[  92% ] [90m[1m_update_scan_actions[22m | yugi4.png[39m[0m
[  92% ] [90m[1m_update_scan_actions[22m | yugi5.png[39m[0m
[  92% ] [90m[1m_update_scan_actions[22m | yugi6.png[39m[0m
[  92% ] [90m[1m_update_scan_actions[22m | yugi7.png[39m[0m
[  92% ] [90m[1m_update_scan_actions[22m | yugiprof.png[39m[0m
[  92% ] [90m[1m_update_scan_actions[22m | kurenaiprof.png[39m[0m
[  92% ] [90m[1m_update_scan_actions[22m | yuiprof.png[39m[0m
[  92% ] [90m[1m_update_scan_actions[22m | yujirohanmaprof.png[39m[0m
[  92% ] [90m[1m_update_scan_actions[22m | yukinoprof.png[39m[0m
[  92% ] [90m[1m_update_scan_actions[22m | yukinoriprof.png[39m[0m
[  92% ] [90m[1m_update_scan_actions[22m | yukioprof.png[39m[0m
[  92% ] [90m[1m_update_scan_actions[22m | yukiteruprof.png[39m[0m
[  92% ] [90m[1m_update_scan_actions[22m | yumichikaprof.png[39m[0m
[  92% ] [90m[1m_update_scan_actions[22m | rakko1.png[39m[0m
[  93% ] [90m[1m_update_scan_actions[22m | rakko2.png[39m[0m
[  93% ] [90m[1m_update_scan_actions[22m | rakko3.png[39m[0m
[  93% ] [90m[1m_update_scan_actions[22m | rakko4.png[39m[0m
[  93% ] [90m[1m_update_scan_actions[22m | rakko5.png[39m[0m
[  93% ] [90m[1m_update_scan_actions[22m | rakkoprof.png[39m[0m
[  93% ] [90m[1m_update_scan_actions[22m | gasai1.png[39m[0m
[  93% ] [90m[1m_update_scan_actions[22m | gasai2.png[39m[0m
[  93% ] [90m[1m_update_scan_actions[22m | gasai3.png[39m[0m
[  93% ] [90m[1m_update_scan_actions[22m | gasai4.png[39m[0m
[  93% ] [90m[1m_update_scan_actions[22m | gasai5.png[39m[0m
[  93% ] [90m[1m_update_scan_actions[22m | gasai6.png[39m[0m
[  93% ] [90m[1m_update_scan_actions[22m | gasaiprof.png[39m[0m
[  93% ] [90m[1m_update_scan_actions[22m | yunogasaiprof.png[39m[0m
[  93% ] [90m[1m_update_scan_actions[22m | profile_mastery_yuno.png[39m[0m
[  93% ] [90m[1m_update_scan_actions[22m | yuno1.png[39m[0m
[  93% ] [90m[1m_update_scan_actions[22m | yuno2.png[39m[0m
[  93% ] [90m[1m_update_scan_actions[22m | yuno3.png[39m[0m
[  93% ] [90m[1m_update_scan_actions[22m | yuno4.png[39m[0m
[  93% ] [90m[1m_update_scan_actions[22m | yuno5.png[39m[0m
[  93% ] [90m[1m_update_scan_actions[22m | yuno6.png[39m[0m
[  93% ] [90m[1m_update_scan_actions[22m | yuno7.png[39m[0m
[  93% ] [90m[1m_update_scan_actions[22m | yuno.png[39m[0m
[  93% ] [90m[1m_update_scan_actions[22m | yutaprof.png[39m[0m
[  93% ] [90m[1m_update_scan_actions[22m | zakuroprof.png[39m[0m
[  93% ] [90m[1m_update_scan_actions[22m | zancrowprof.png[39m[0m
[  93% ] [90m[1m_update_scan_actions[22m | zankaprof.png[39m[0m
[  93% ] [90m[1m_update_scan_actions[22m | zarakiprof.png[39m[0m
[  93% ] [90m[1m_update_scan_actions[22m | zaratrasprof.png[39m[0m
[  93% ] [90m[1m_update_scan_actions[22m | zarbonprof.png[39m[0m
[  93% ] [90m[1m_update_scan_actions[22m | zazanprof.png[39m[0m
[  93% ] [90m[1m_update_scan_actions[22m | zekeprof.png[39m[0m
[  93% ] [90m[1m_update_scan_actions[22m | zeldrisprof.png[39m[0m
[  93% ] [90m[1m_update_scan_actions[22m | zerefprof.png[39m[0m
[  93% ] [90m[1m_update_scan_actions[22m | zerofukuprof.png[39m[0m
[  93% ] [90m[1m_update_scan_actions[22m | zeusprof.png[39m[0m
[  94% ] [90m[1m_update_scan_actions[22m | zodylprof.png[39m[0m
[  94% ] [90m[1m_update_scan_actions[22m | zombiemanprof.png[39m[0m
[  94% ] [90m[1m_update_scan_actions[22m | zommariprof.png[39m[0m
[  94% ] [90m[1m_update_scan_actions[22m | zukoprof.png[39m[0m
[  94% ] [90m[1m_update_scan_actions[22m | banished.png[39m[0m
[  94% ] [90m[1m_update_scan_actions[22m | blue_energy.png[39m[0m
[  94% ] [90m[1m_update_scan_actions[22m | cosmetics_icon.png[39m[0m
[  94% ] [90m[1m_update_scan_actions[22m | dead.png[39m[0m
[  94% ] [90m[1m_update_scan_actions[22m | demon_slayer_mission_icon.png[39m[0m
[  94% ] [90m[1m_update_scan_actions[22m | examplebackground.png[39m[0m
[  94% ] [90m[1m_update_scan_actions[22m | examplecharselectbackground.png[39m[0m
[  94% ] [90m[1m_update_scan_actions[22m | franklinprof.png[39m[0m
[  94% ] [90m[1m_update_scan_actions[22m | green_energy.png[39m[0m
[  94% ] [90m[1m_update_scan_actions[22m | label_HP.png[39m[0m
[  94% ] [90m[1m_update_scan_actions[22m | label_HP_bg.png[39m[0m
[  94% ] [90m[1m_update_scan_actions[22m | left_button.png[39m[0m
[  94% ] [90m[1m_update_scan_actions[22m | lifebar_bg.png[39m[0m
[  94% ] [90m[1m_update_scan_actions[22m | lifebar_fill.png[39m[0m
[  94% ] [90m[1m_update_scan_actions[22m | mastery_icon.png[39m[0m
[  94% ] [90m[1m_update_scan_actions[22m | mission_icon.png[39m[0m
[  94% ] [90m[1m_update_scan_actions[22m | naruto_mission_icon.png[39m[0m
[  94% ] [90m[1m_update_scan_actions[22m | natsufist.PNG[39m[0m
[  94% ] [90m[1m_update_scan_actions[22m | oldlifebar.png[39m[0m
[  94% ] [90m[1m_update_scan_actions[22m | onepiece_mission_icon.png[39m[0m
[  94% ] [90m[1m_update_scan_actions[22m | placeholder_icon.png[39m[0m
[  94% ] [90m[1m_update_scan_actions[22m | player_data_icon.png[39m[0m
[  94% ] [90m[1m_update_scan_actions[22m | profile_mastery_touka.png[39m[0m
[  94% ] [90m[1m_update_scan_actions[22m | random_energy.png[39m[0m
[  94% ] [90m[1m_update_scan_actions[22m | red_energy.png[39m[0m
[  94% ] [90m[1m_update_scan_actions[22m | right_button.png[39m[0m
[  94% ] [90m[1m_update_scan_actions[22m | select.png[39m[0m
[  94% ] [90m[1m_update_scan_actions[22m | social_icon.png[39m[0m
[  94% ] [90m[1m_update_scan_actions[22m | Team_Kakashi.png[39m[0m
[  94% ] [90m[1m_update_scan_actions[22m | timer_bar.png[39m[0m
[  94% ] [90m[1m_update_scan_actions[22m | timer_bar_fill.png[39m[0m
[  95% ] [90m[1m_update_scan_actions[22m | total_energy.png[39m[0m
[  95% ] [90m[1m_update_scan_actions[22m | touka1.png[39m[0m
[  95% ] [90m[1m_update_scan_actions[22m | touka2.png[39m[0m
[  95% ] [90m[1m_update_scan_actions[22m | touka3.png[39m[0m
[  95% ] [90m[1m_update_scan_actions[22m | touka4.png[39m[0m
[  95% ] [90m[1m_update_scan_actions[22m | toukaprof.png[39m[0m
[  95% ] [90m[1m_update_scan_actions[22m | toukaprof_2.png[39m[0m
[  95% ] [90m[1m_update_scan_actions[22m | white_energy.png[39m[0m
[  95% ] [90m[1m_update_scan_actions[22m | youlost.png[39m[0m
[  95% ] [90m[1m_update_scan_actions[22m | youwon.png[39m[0m
[  95% ] [90m[1m_update_scan_actions[22m | ability_click.mp3[39m[0m
[  95% ] [90m[1m_update_scan_actions[22m | boomidk.mp3[39m[0m
[  95% ] [90m[1m_update_scan_actions[22m | champ_select.mp3[39m[0m
[  95% ] [90m[1m_update_scan_actions[22m | characterclick.mp3[39m[0m
[  95% ] [90m[1m_update_scan_actions[22m | click.mp3[39m[0m
[  95% ] [90m[1m_update_scan_actions[22m | deadcharacter.mp3[39m[0m
[  95% ] [90m[1m_update_scan_actions[22m | endturn.mp3[39m[0m
[  95% ] [90m[1m_update_scan_actions[22m | hard_clatter.mp3[39m[0m
[  95% ] [90m[1m_update_scan_actions[22m | ingameyahoo.mp3[39m[0m
[  95% ] [90m[1m_update_scan_actions[22m | myturn.mp3[39m[0m
[  95% ] [90m[1m_update_scan_actions[22m | panel_bop.mp3[39m[0m
[  95% ] [90m[1m_update_scan_actions[22m | pop.mp3[39m[0m
[  95% ] [90m[1m_update_scan_actions[22m | sharp_notification.mp3[39m[0m
[  95% ] [90m[1m_update_scan_actions[22m | short_beep.mp3[39m[0m
[  95% ] [90m[1m_update_scan_actions[22m | silence_64kb.mp3[39m[0m
[  95% ] [90m[1m_update_scan_actions[22m | soft_clatter.mp3[39m[0m
[  95% ] [90m[1m_update_scan_actions[22m | soft_click.mp3[39m[0m
[  95% ] [90m[1m_update_scan_actions[22m | undo_click.mp3[39m[0m
[  95% ] [90m[1m_update_scan_actions[22m | akamebackground.png[39m[0m
[  95% ] [90m[1m_update_scan_actions[22m | attackontitanbackground.png[39m[0m
[  95% ] [90m[1m_update_scan_actions[22m | avatarbackground.png[39m[0m
[  95% ] [90m[1m_update_scan_actions[22m | back button.png[39m[0m
[  95% ] [90m[1m_update_scan_actions[22m | blackcloverbackground.png[39m[0m
[  95% ] [90m[1m_update_scan_actions[22m | bleachbackground.png[39m[0m
[  95% ] [90m[1m_update_scan_actions[22m | deadlysinsbackground.png[39m[0m
[  96% ] [90m[1m_update_scan_actions[22m | deadmanbackground.png[39m[0m
[  96% ] [90m[1m_update_scan_actions[22m | demonslayerbackground.png[39m[0m
[  96% ] [90m[1m_update_scan_actions[22m | digimonbackground.png[39m[0m
[  96% ] [90m[1m_update_scan_actions[22m | dragon_ball.png[39m[0m
[  96% ] [90m[1m_update_scan_actions[22m | eminence.png[39m[0m
[  96% ] [90m[1m_update_scan_actions[22m | fairytailbackground.png[39m[0m
[  96% ] [90m[1m_update_scan_actions[22m | fatebackground.png[39m[0m
[  96% ] [90m[1m_update_scan_actions[22m | fireforcebackground.png[39m[0m
[  96% ] [90m[1m_update_scan_actions[22m | frieren.png[39m[0m
[  96% ] [90m[1m_update_scan_actions[22m | hitmanrebornbackground.png[39m[0m
[  96% ] [90m[1m_update_scan_actions[22m | hunterxhunterbackground.png[39m[0m
[  96% ] [90m[1m_update_scan_actions[22m | inviniciblebackground.png[39m[0m
[  96% ] [90m[1m_update_scan_actions[22m | jjkbackground.png[39m[0m
[  96% ] [90m[1m_update_scan_actions[22m | killalakillabackground.png[39m[0m
[  96% ] [90m[1m_update_scan_actions[22m | madokabackground.png[39m[0m
[  96% ] [90m[1m_update_scan_actions[22m | mashle.png[39m[0m
[  96% ] [90m[1m_update_scan_actions[22m | myherobackground.png[39m[0m
[  96% ] [90m[1m_update_scan_actions[22m | narutobackground.png[39m[0m
[  96% ] [90m[1m_update_scan_actions[22m | onepiecebackground.png[39m[0m
[  96% ] [90m[1m_update_scan_actions[22m | onepunchmanbackground.png[39m[0m
[  96% ] [90m[1m_update_scan_actions[22m | placeholderbackground.png[39m[0m
[  96% ] [90m[1m_update_scan_actions[22m | railgunbackground.png[39m[0m
[  96% ] [90m[1m_update_scan_actions[22m | sailor_moon.png[39m[0m
[  96% ] [90m[1m_update_scan_actions[22m | seven_deadly_sins.png[39m[0m
[  96% ] [90m[1m_update_scan_actions[22m | slimebackground.png[39m[0m
[  96% ] [90m[1m_update_scan_actions[22m | solo_leveling.png[39m[0m
[  96% ] [90m[1m_update_scan_actions[22m | souleaterbackground.png[39m[0m
[  96% ] [90m[1m_update_scan_actions[22m | tokyoghoulbackground.png[39m[0m
[  96% ] [90m[1m_update_scan_actions[22m | confirm button.png[39m[0m
[  96% ] [90m[1m_update_scan_actions[22m | decline button.png[39m[0m
[  96% ] [90m[1m_update_scan_actions[22m | enterappanel.png[39m[0m
[  96% ] [90m[1m_update_scan_actions[22m | bronze small.png[39m[0m
[  96% ] [90m[1m_update_scan_actions[22m | diamond small.png[39m[0m
[  96% ] [90m[1m_update_scan_actions[22m | gold small.png[39m[0m
[  96% ] [90m[1m_update_scan_actions[22m | iron small.png[39m[0m
[  97% ] [90m[1m_update_scan_actions[22m | masters small.png[39m[0m
[  97% ] [90m[1m_update_scan_actions[22m | platinum small.png[39m[0m
[  97% ] [90m[1m_update_scan_actions[22m | silver small.png[39m[0m
[  97% ] [90m[1m_update_scan_actions[22m | animefilterpanel.png[39m[0m
[  97% ] [90m[1m_update_scan_actions[22m | announcementgrey.png[39m[0m
[  97% ] [90m[1m_update_scan_actions[22m | announcementred.png[39m[0m
[  97% ] [90m[1m_update_scan_actions[22m | Ap coin icon that goes under user stats.png[39m[0m
[  97% ] [90m[1m_update_scan_actions[22m | beginner.png[39m[0m
[  97% ] [90m[1m_update_scan_actions[22m | character view panel.png[39m[0m
[  97% ] [90m[1m_update_scan_actions[22m | characterpanel.png[39m[0m
[  97% ] [90m[1m_update_scan_actions[22m | clanbuttongrey.png[39m[0m
[  97% ] [90m[1m_update_scan_actions[22m | close panel button.png[39m[0m
[  97% ] [90m[1m_update_scan_actions[22m | cosmeticopen.png[39m[0m
[  97% ] [90m[1m_update_scan_actions[22m | cosmeticopenhovered.png[39m[0m
[  97% ] [90m[1m_update_scan_actions[22m | cosmetics.png[39m[0m
[  97% ] [90m[1m_update_scan_actions[22m | dices.png[39m[0m
[  97% ] [90m[1m_update_scan_actions[22m | filter.png[39m[0m
[  97% ] [90m[1m_update_scan_actions[22m | filterdownarrow.png[39m[0m
[  97% ] [90m[1m_update_scan_actions[22m | filteruparrow.png[39m[0m
[  97% ] [90m[1m_update_scan_actions[22m | leftarrow.png[39m[0m
[  97% ] [90m[1m_update_scan_actions[22m | leftarrowhovered.png[39m[0m
[  97% ] [90m[1m_update_scan_actions[22m | logoutbuttonopen.png[39m[0m
[  97% ] [90m[1m_update_scan_actions[22m | mask_icon.png[39m[0m
[  97% ] [90m[1m_update_scan_actions[22m | mastery panel.png[39m[0m
[  97% ] [90m[1m_update_scan_actions[22m | masterybar.png[39m[0m
[  97% ] [90m[1m_update_scan_actions[22m | masteryopen.png[39m[0m
[  97% ] [90m[1m_update_scan_actions[22m | masteryopenhovered.png[39m[0m
[  97% ] [90m[1m_update_scan_actions[22m | newbie.png[39m[0m
[  97% ] [90m[1m_update_scan_actions[22m | nexus open button hovered.png[39m[0m
[  97% ] [90m[1m_update_scan_actions[22m | nexus open button.png[39m[0m
[  97% ] [90m[1m_update_scan_actions[22m | nexusgrey.png[39m[0m
[  97% ] [90m[1m_update_scan_actions[22m | practicebutton.png[39m[0m
[  97% ] [90m[1m_update_scan_actions[22m | practicebuttonhovered.png[39m[0m
[  97% ] [90m[1m_update_scan_actions[22m | privatebutton.png[39m[0m
[  97% ] [90m[1m_update_scan_actions[22m | privatebuttonhovered.png[39m[0m
[  98% ] [90m[1m_update_scan_actions[22m | profilebuttongrey.png[39m[0m
[  98% ] [90m[1m_update_scan_actions[22m | quickbutton.png[39m[0m
[  98% ] [90m[1m_update_scan_actions[22m | quickbuttonhovered.png[39m[0m
[  98% ] [90m[1m_update_scan_actions[22m | rankedbutton.png[39m[0m
[  98% ] [90m[1m_update_scan_actions[22m | rankedbuttonhovered.png[39m[0m
[  98% ] [90m[1m_update_scan_actions[22m | replaybutton.png[39m[0m
[  98% ] [90m[1m_update_scan_actions[22m | rexplodeprof.png[39m[0m
[  98% ] [90m[1m_update_scan_actions[22m | rightarrow.png[39m[0m
[  98% ] [90m[1m_update_scan_actions[22m | rightarrowhovered.png[39m[0m
[  98% ] [90m[1m_update_scan_actions[22m | searching2.png[39m[0m
[  98% ] [90m[1m_update_scan_actions[22m | settingsgrey.png[39m[0m
[  98% ] [90m[1m_update_scan_actions[22m | shop open button hovered.png[39m[0m
[  98% ] [90m[1m_update_scan_actions[22m | shop open button.png[39m[0m
[  98% ] [90m[1m_update_scan_actions[22m | shopgrey.png[39m[0m
[  98% ] [90m[1m_update_scan_actions[22m | socialgrey.png[39m[0m
[  98% ] [90m[1m_update_scan_actions[22m | superhero_icon.png[39m[0m
[  98% ] [90m[1m_update_scan_actions[22m | titles panel.png[39m[0m
[  98% ] [90m[1m_update_scan_actions[22m | titlesbutton.png[39m[0m
[  98% ] [90m[1m_update_scan_actions[22m | titlesbuttonhovered.png[39m[0m
[  98% ] [90m[1m_update_scan_actions[22m | userinformationpanel.png[39m[0m
[  98% ] [90m[1m_update_scan_actions[22m | vertical close panel button.png[39m[0m
[  98% ] [90m[1m_update_scan_actions[22m | energy exchange main label.png[39m[0m
[  98% ] [90m[1m_update_scan_actions[22m | energy select.png[39m[0m
[  98% ] [90m[1m_update_scan_actions[22m | behind face picture border.png[39m[0m
[  98% ] [90m[1m_update_scan_actions[22m | bottom right skill panel.png[39m[0m
[  98% ] [90m[1m_update_scan_actions[22m | button.png[39m[0m
[  98% ] [90m[1m_update_scan_actions[22m | character skill bar.png[39m[0m
[  98% ] [90m[1m_update_scan_actions[22m | Enemy User Information Right.png[39m[0m
[  98% ] [90m[1m_update_scan_actions[22m | enemy_character_panel.png[39m[0m
[  98% ] [90m[1m_update_scan_actions[22m | exchange energy button.png[39m[0m
[  98% ] [90m[1m_update_scan_actions[22m | FINAL_SKILL_PANEL.png[39m[0m
[  98% ] [90m[1m_update_scan_actions[22m | game chat mute button.png[39m[0m
[  98% ] [90m[1m_update_scan_actions[22m | game chat panel.png[39m[0m
[  98% ] [90m[1m_update_scan_actions[22m | ingame_background.png[39m[0m
[  98% ] [90m[1m_update_scan_actions[22m | lighter_grey_your_turn.png[39m[0m
[  99% ] [90m[1m_update_scan_actions[22m | settings button.png[39m[0m
[  99% ] [90m[1m_update_scan_actions[22m | surrender button.png[39m[0m
[  99% ] [90m[1m_update_scan_actions[22m | top bar chakra counter.png[39m[0m
[  99% ] [90m[1m_update_scan_actions[22m | User Information Left.png[39m[0m
[  99% ] [90m[1m_update_scan_actions[22m | white not your turn.png[39m[0m
[  99% ] [90m[1m_update_scan_actions[22m | aabackground.png[39m[0m
[  99% ] [90m[1m_update_scan_actions[22m | loginpanel.png[39m[0m
[  99% ] [90m[1m_update_scan_actions[22m | registerbutton.png[39m[0m
[  99% ] [90m[1m_update_scan_actions[22m | sign in button.png[39m[0m
[  99% ] [90m[1m_update_scan_actions[22m | sign_in_button.png[39m[0m
[  99% ] [90m[1m_update_scan_actions[22m | anime tabs.png[39m[0m
[  99% ] [90m[1m_update_scan_actions[22m | AP button.png[39m[0m
[  99% ] [90m[1m_update_scan_actions[22m | close panel button.png[39m[0m
[  99% ] [90m[1m_update_scan_actions[22m | help button.png[39m[0m
[  99% ] [90m[1m_update_scan_actions[22m | nexus very top border.png[39m[0m
[  99% ] [90m[1m_update_scan_actions[22m | nexusbackground.png[39m[0m
[  99% ] [90m[1m_update_scan_actions[22m | minus button.png[39m[0m
[  99% ] [90m[1m_update_scan_actions[22m | plus button.png[39m[0m
[  99% ] [90m[1m_update_scan_actions[22m | skill cancel.png[39m[0m
[  99% ] [90m[1m_update_scan_actions[22m | skill confirm.png[39m[0m
[  99% ] [90m[1m_update_scan_actions[22m | skill execution main label.png[39m[0m
[  99% ] [90m[1m_update_scan_actions[22m | loss_screen_panel.png[39m[0m
[  99% ] [90m[1m_update_scan_actions[22m | match replay button.png[39m[0m
[  99% ] [90m[1m_update_scan_actions[22m | match stats button.png[39m[0m
[  99% ] [90m[1m_update_scan_actions[22m | return to menu button.png[39m[0m
[  99% ] [90m[1m_update_scan_actions[22m | win label.png[39m[0m
[  99% ] [90m[1m_update_scan_actions[22m | blankbutton.png[39m[0m
[  99% ] [90m[1m_update_scan_actions[22m | dc.png[39m[0m
[  99% ] [90m[1m_update_scan_actions[22m | default_menu_frame.png[39m[0m
[  99% ] [90m[1m_update_scan_actions[22m | mastery_bar_back.png[39m[0m
[  99% ] [90m[1m_update_scan_actions[22m | settingsred.png[39m[0m
[  99% ] [90m[1m_update_scan_actions[22m | settingsredhovered.png[39m[0m
[  99% ] [90m[1m_update_scan_actions[22m | unusable.png[39m[0m
[92m[ DONE ][39m [1m_update_scan_actions[22m
[0m
[   0% ] [90m[1mreimport[22m | Started (Re)Importing Assets (3492 steps)[39m[0m
[   0% ] [90m[1mreimport[22m | Preparing files to reimport...[39m[0m
[   0% ] [90m[1mreimport[22m | Preparing files to reimport...[39m[0m
[   0% ] [90m[1mreimport[22m | Preparing files to reimport...[39m[0m
[   0% ] [90m[1mreimport[22m | Preparing files to reimport...[39m[0m
[   0% ] [90m[1mreimport[22m | Preparing files to reimport...[39m[0m
[   0% ] [90m[1mreimport[22m | Preparing files to reimport...[39m[0m
[   0% ] [90m[1mreimport[22m | Preparing files to reimport...[39m[0m
[   0% ] [90m[1mreimport[22m | Preparing files to reimport...[39m[0m
[   0% ] [90m[1mreimport[22m | Preparing files to reimport...[39m[0m
[   0% ] [90m[1mreimport[22m | Preparing files to reimport...[39m[0m
[   0% ] [90m[1mreimport[22m | Preparing files to reimport...[39m[0m
[   0% ] [90m[1mreimport[22m | Preparing files to reimport...[39m[0m
[   0% ] [90m[1mreimport[22m | Preparing files to reimport...[39m[0m
[   0% ] [90m[1mreimport[22m | Preparing files to reimport...[39m[0m
[   0% ] [90m[1mreimport[22m | Preparing files to reimport...[39m[0m
[   0% ] [90m[1mreimport[22m | Preparing files to reimport...[39m[0m
[   0% ] [90m[1mreimport[22m | Preparing files to reimport...[39m[0m
[   0% ] [90m[1mreimport[22m | Preparing files to reimport...[39m[0m
[   0% ] [90m[1mreimport[22m | Preparing files to reimport...[39m[0m
[   0% ] [90m[1mreimport[22m | Preparing files to reimport...[39m[0m
[   0% ] [90m[1mreimport[22m | Preparing files to reimport...[39m[0m
[   0% ] [90m[1mreimport[22m | Preparing files to reimport...[39m[0m
[   0% ] [90m[1mreimport[22m | Preparing files to reimport...[39m[0m
[   0% ] [90m[1mreimport[22m | Preparing files to reimport...[39m[0m
[   0% ] [90m[1mreimport[22m | Preparing files to reimport...[39m[0m
[   0% ] [90m[1mreimport[22m | Preparing files to reimport...[39m[0m
[   0% ] [90m[1mreimport[22m | Preparing files to reimport...[39m[0m
[   0% ] [90m[1mreimport[22m | Preparing files to reimport...[39m[0m
[   0% ] [90m[1mreimport[22m | Preparing files to reimport...[39m[0m
[   0% ] [90m[1mreimport[22m | Preparing files to reimport...[39m[0m
[   0% ] [90m[1mreimport[22m | Preparing files to reimport...[39m[0m
[   0% ] [90m[1mreimport[22m | Preparing files to reimport...[39m[0m
[   0% ] [90m[1mreimport[22m | Preparing files to reimport...[39m[0m
[   0% ] [90m[1mreimport[22m | Preparing files to reimport...[39m[0m
[   0% ] [90m[1mreimport[22m | Preparing files to reimport...[39m[0m
[   1% ] [90m[1mreimport[22m | Preparing files to reimport...[39m[0m
[   1% ] [90m[1mreimport[22m | Preparing files to reimport...[39m[0m
[   1% ] [90m[1mreimport[22m | Preparing files to reimport...[39m[0m
[   1% ] [90m[1mreimport[22m | Preparing files to reimport...[39m[0m
[   1% ] [90m[1mreimport[22m | Preparing files to reimport...[39m[0m
[   1% ] [90m[1mreimport[22m | Preparing files to reimport...[39m[0m
[   1% ] [90m[1mreimport[22m | Preparing files to reimport...[39m[0m
[   1% ] [90m[1mreimport[22m | Preparing files to reimport...[39m[0m
[   1% ] [90m[1mreimport[22m | Preparing files to reimport...[39m[0m
[   1% ] [90m[1mreimport[22m | Preparing files to reimport...[39m[0m
[   1% ] [90m[1mreimport[22m | Preparing files to reimport...[39m[0m
[   1% ] [90m[1mreimport[22m | Preparing files to reimport...[39m[0m
[   1% ] [90m[1mreimport[22m | Preparing files to reimport...[39m[0m
[   1% ] [90m[1mreimport[22m | Preparing files to reimport...[39m[0m
[   1% ] [90m[1mreimport[22m | Preparing files to reimport...[39m[0m
[   1% ] [90m[1mreimport[22m | Preparing files to reimport...[39m[0m
[   1% ] [90m[1mreimport[22m | Preparing files to reimport...[39m[0m
[   1% ] [90m[1mreimport[22m | Preparing files to reimport...[39m[0m
[   1% ] [90m[1mreimport[22m | Preparing files to reimport...[39m[0m
[   1% ] [90m[1mreimport[22m | Preparing files to reimport...[39m[0m
[   1% ] [90m[1mreimport[22m | Preparing files to reimport...[39m[0m
[   1% ] [90m[1mreimport[22m | Preparing files to reimport...[39m[0m
[   1% ] [90m[1mreimport[22m | Preparing files to reimport...[39m[0m
[   1% ] [90m[1mreimport[22m | Preparing files to reimport...[39m[0m
[   1% ] [90m[1mreimport[22m | Preparing files to reimport...[39m[0m
[   1% ] [90m[1mreimport[22m | Preparing files to reimport...[39m[0m
[   1% ] [90m[1mreimport[22m | Preparing files to reimport...[39m[0m
[   1% ] [90m[1mreimport[22m | Preparing files to reimport...[39m[0m
[   1% ] [90m[1mreimport[22m | Preparing files to reimport...[39m[0m
[   1% ] [90m[1mreimport[22m | Preparing files to reimport...[39m[0m
[   1% ] [90m[1mreimport[22m | Preparing files to reimport...[39m[0m
[   1% ] [90m[1mreimport[22m | Preparing files to reimport...[39m[0m
[   1% ] [90m[1mreimport[22m | Preparing files to reimport...[39m[0m
[   1% ] [90m[1mreimport[22m | Preparing files to reimport...[39m[0m
[   1% ] [90m[1mreimport[22m | Preparing files to reimport...[39m[0m
[   2% ] [90m[1mreimport[22m | Preparing files to reimport...[39m[0m
[   2% ] [90m[1mreimport[22m | Preparing files to reimport...[39m[0m
[   2% ] [90m[1mreimport[22m | Preparing files to reimport...[39m[0m
[   2% ] [90m[1mreimport[22m | Preparing files to reimport...[39m[0m
[   2% ] [90m[1mreimport[22m | Preparing files to reimport...[39m[0m
[   2% ] [90m[1mreimport[22m | Preparing files to reimport...[39m[0m
[   2% ] [90m[1mreimport[22m | Preparing files to reimport...[39m[0m
[   2% ] [90m[1mreimport[22m | Preparing files to reimport...[39m[0m
[   2% ] [90m[1mreimport[22m | Preparing files to reimport...[39m[0m
[   2% ] [90m[1mreimport[22m | Preparing files to reimport...[39m[0m
[   2% ] [90m[1mreimport[22m | Preparing files to reimport...[39m[0m
[   2% ] [90m[1mreimport[22m | Preparing files to reimport...[39m[0m
[   2% ] [90m[1mreimport[22m | Preparing files to reimport...[39m[0m
[   2% ] [90m[1mreimport[22m | Preparing files to reimport...[39m[0m
[   2% ] [90m[1mreimport[22m | Preparing files to reimport...[39m[0m
[   2% ] [90m[1mreimport[22m | Preparing files to reimport...[39m[0m
[   2% ] [90m[1mreimport[22m | Preparing files to reimport...[39m[0m
[   2% ] [90m[1mreimport[22m | Preparing files to reimport...[39m[0m
[   2% ] [90m[1mreimport[22m | Preparing files to reimport...[39m[0m
[   2% ] [90m[1mreimport[22m | Preparing files to reimport...[39m[0m
[   2% ] [90m[1mreimport[22m | Preparing files to reimport...[39m[0m
[   2% ] [90m[1mreimport[22m | Preparing files to reimport...[39m[0m
[   2% ] [90m[1mreimport[22m | Preparing files to reimport...[39m[0m
[   2% ] [90m[1mreimport[22m | Preparing files to reimport...[39m[0m
[   2% ] [90m[1mreimport[22m | Preparing files to reimport...[39m[0m
[   2% ] [90m[1mreimport[22m | Preparing files to reimport...[39m[0m
[   2% ] [90m[1mreimport[22m | Preparing files to reimport...[39m[0m
[   2% ] [90m[1mreimport[22m | Preparing files to reimport...[39m[0m
[   2% ] [90m[1mreimport[22m | Preparing files to reimport...[39m[0m
[   2% ] [90m[1mreimport[22m | Preparing files to reimport...[39m[0m
[   2% ] [90m[1mreimport[22m | Preparing files to reimport...[39m[0m
[   2% ] [90m[1mreimport[22m | Preparing files to reimport...[39m[0m
[   2% ] [90m[1mreimport[22m | Preparing files to reimport...[39m[0m
[   2% ] [90m[1mreimport[22m | Preparing files to reimport...[39m[0m
[   2% ] [90m[1mreimport[22m | Preparing files to reimport...[39m[0m
[   3% ] [90m[1mreimport[22m | Preparing files to reimport...[39m[0m
[   3% ] [90m[1mreimport[22m | Preparing files to reimport...[39m[0m
[   3% ] [90m[1mreimport[22m | Preparing files to reimport...[39m[0m
[   3% ] [90m[1mreimport[22m | Preparing files to reimport...[39m[0m
[   3% ] [90m[1mreimport[22m | Preparing files to reimport...[39m[0m
[   3% ] [90m[1mreimport[22m | Preparing files to reimport...[39m[0m
[   3% ] [90m[1mreimport[22m | Preparing files to reimport...[39m[0m
[   3% ] [90m[1mreimport[22m | Preparing files to reimport...[39m[0m
[   3% ] [90m[1mreimport[22m | Preparing files to reimport...[39m[0m
[   3% ] [90m[1mreimport[22m | Preparing files to reimport...[39m[0m
[   3% ] [90m[1mreimport[22m | Preparing files to reimport...[39m[0m
[   3% ] [90m[1mreimport[22m | Preparing files to reimport...[39m[0m
[   3% ] [90m[1mreimport[22m | Preparing files to reimport...[39m[0m
[   3% ] [90m[1mreimport[22m | Preparing files to reimport...[39m[0m
[   3% ] [90m[1mreimport[22m | Preparing files to reimport...[39m[0m
[   3% ] [90m[1mreimport[22m | Preparing files to reimport...[39m[0m
[   3% ] [90m[1mreimport[22m | Preparing files to reimport...[39m[0m
[   3% ] [90m[1mreimport[22m | Preparing files to reimport...[39m[0m
[   3% ] [90m[1mreimport[22m | Preparing files to reimport...[39m[0m
[   3% ] [90m[1mreimport[22m | Preparing files to reimport...[39m[0m
[   3% ] [90m[1mreimport[22m | Preparing files to reimport...[39m[0m
[   3% ] [90m[1mreimport[22m | Preparing files to reimport...[39m[0m
[   3% ] [90m[1mreimport[22m | Preparing files to reimport...[39m[0m
[   3% ] [90m[1mreimport[22m | Preparing files to reimport...[39m[0m
[   3% ] [90m[1mreimport[22m | Preparing files to reimport...[39m[0m
[   3% ] [90m[1mreimport[22m | Preparing files to reimport...[39m[0m
[   3% ] [90m[1mreimport[22m | Preparing files to reimport...[39m[0m
[   3% ] [90m[1mreimport[22m | Preparing files to reimport...[39m[0m
[   3% ] [90m[1mreimport[22m | Preparing files to reimport...[39m[0m
[   3% ] [90m[1mreimport[22m | Preparing files to reimport...[39m[0m
[   3% ] [90m[1mreimport[22m | Preparing files to reimport...[39m[0m
[   3% ] [90m[1mreimport[22m | Preparing files to reimport...[39m[0m
[   3% ] [90m[1mreimport[22m | Preparing files to reimport...[39m[0m
[   3% ] [90m[1mreimport[22m | Preparing files to reimport...[39m[0m
[   3% ] [90m[1mreimport[22m | Preparing files to reimport...[39m[0m
[   4% ] [90m[1mreimport[22m | Preparing files to reimport...[39m[0m
[   4% ] [90m[1mreimport[22m | Preparing files to reimport...[39m[0m
[   4% ] [90m[1mreimport[22m | Preparing files to reimport...[39m[0m
[   4% ] [90m[1mreimport[22m | Preparing files to reimport...[39m[0m
[   4% ] [90m[1mreimport[22m | Preparing files to reimport...[39m[0m
[   4% ] [90m[1mreimport[22m | Preparing files to reimport...[39m[0m
[   4% ] [90m[1mreimport[22m | Preparing files to reimport...[39m[0m
[   4% ] [90m[1mreimport[22m | Preparing files to reimport...[39m[0m
[   4% ] [90m[1mreimport[22m | Preparing files to reimport...[39m[0m
[   4% ] [90m[1mreimport[22m | Preparing files to reimport...[39m[0m
[   4% ] [90m[1mreimport[22m | Preparing files to reimport...[39m[0m
[   4% ] [90m[1mreimport[22m | Preparing files to reimport...[39m[0m
[   4% ] [90m[1mreimport[22m | Preparing files to reimport...[39m[0m
[   4% ] [90m[1mreimport[22m | Preparing files to reimport...[39m[0m
[   4% ] [90m[1mreimport[22m | Preparing files to reimport...[39m[0m
[   4% ] [90m[1mreimport[22m | Preparing files to reimport...[39m[0m
[   4% ] [90m[1mreimport[22m | Preparing files to reimport...[39m[0m
[   4% ] [90m[1mreimport[22m | Preparing files to reimport...[39m[0m
[   4% ] [90m[1mreimport[22m | Preparing files to reimport...[39m[0m
[   4% ] [90m[1mreimport[22m | Preparing files to reimport...[39m[0m
[   4% ] [90m[1mreimport[22m | Preparing files to reimport...[39m[0m
[   4% ] [90m[1mreimport[22m | Preparing files to reimport...[39m[0m
[   4% ] [90m[1mreimport[22m | Preparing files to reimport...[39m[0m
[   4% ] [90m[1mreimport[22m | Preparing files to reimport...[39m[0m
[   4% ] [90m[1mreimport[22m | Preparing files to reimport...[39m[0m
[   4% ] [90m[1mreimport[22m | Preparing files to reimport...[39m[0m
[   4% ] [90m[1mreimport[22m | Preparing files to reimport...[39m[0m
[   4% ] [90m[1mreimport[22m | Preparing files to reimport...[39m[0m
[   4% ] [90m[1mreimport[22m | Preparing files to reimport...[39m[0m
[   4% ] [90m[1mreimport[22m | Preparing files to reimport...[39m[0m
[   4% ] [90m[1mreimport[22m | Preparing files to reimport...[39m[0m
[   4% ] [90m[1mreimport[22m | Preparing files to reimport...[39m[0m
[   4% ] [90m[1mreimport[22m | Preparing files to reimport...[39m[0m
[   4% ] [90m[1mreimport[22m | Preparing files to reimport...[39m[0m
[   4% ] [90m[1mreimport[22m | Preparing files to reimport...[39m[0m
[   5% ] [90m[1mreimport[22m | Preparing files to reimport...[39m[0m
[   5% ] [90m[1mreimport[22m | Preparing files to reimport...[39m[0m
[   5% ] [90m[1mreimport[22m | Preparing files to reimport...[39m[0m
[   5% ] [90m[1mreimport[22m | Preparing files to reimport...[39m[0m
[   5% ] [90m[1mreimport[22m | Preparing files to reimport...[39m[0m
[   5% ] [90m[1mreimport[22m | Preparing files to reimport...[39m[0m
[   5% ] [90m[1mreimport[22m | Preparing files to reimport...[39m[0m
[   5% ] [90m[1mreimport[22m | Preparing files to reimport...[39m[0m
[   5% ] [90m[1mreimport[22m | Preparing files to reimport...[39m[0m
[   5% ] [90m[1mreimport[22m | Preparing files to reimport...[39m[0m
[   5% ] [90m[1mreimport[22m | Preparing files to reimport...[39m[0m
[   5% ] [90m[1mreimport[22m | Preparing files to reimport...[39m[0m
[   5% ] [90m[1mreimport[22m | Preparing files to reimport...[39m[0m
[   5% ] [90m[1mreimport[22m | Preparing files to reimport...[39m[0m
[   5% ] [90m[1mreimport[22m | Preparing files to reimport...[39m[0m
[   5% ] [90m[1mreimport[22m | Preparing files to reimport...[39m[0m
[   5% ] [90m[1mreimport[22m | Preparing files to reimport...[39m[0m
[   5% ] [90m[1mreimport[22m | Preparing files to reimport...[39m[0m
[   5% ] [90m[1mreimport[22m | Preparing files to reimport...[39m[0m
[   5% ] [90m[1mreimport[22m | Preparing files to reimport...[39m[0m
[   5% ] [90m[1mreimport[22m | Preparing files to reimport...[39m[0m
[   5% ] [90m[1mreimport[22m | Preparing files to reimport...[39m[0m
[   5% ] [90m[1mreimport[22m | Preparing files to reimport...[39m[0m
[   5% ] [90m[1mreimport[22m | Preparing files to reimport...[39m[0m
[   5% ] [90m[1mreimport[22m | Preparing files to reimport...[39m[0m
[   5% ] [90m[1mreimport[22m | Preparing files to reimport...[39m[0m
[   5% ] [90m[1mreimport[22m | Preparing files to reimport...[39m[0m
[   5% ] [90m[1mreimport[22m | Preparing files to reimport...[39m[0m
[   5% ] [90m[1mreimport[22m | Preparing files to reimport...[39m[0m
[   5% ] [90m[1mreimport[22m | Preparing files to reimport...[39m[0m
[   5% ] [90m[1mreimport[22m | Preparing files to reimport...[39m[0m
[   5% ] [90m[1mreimport[22m | Preparing files to reimport...[39m[0m
[   5% ] [90m[1mreimport[22m | Preparing files to reimport...[39m[0m
[   5% ] [90m[1mreimport[22m | Preparing files to reimport...[39m[0m
[   5% ] [90m[1mreimport[22m | Preparing files to reimport...[39m[0m
[   6% ] [90m[1mreimport[22m | Preparing files to reimport...[39m[0m
[   6% ] [90m[1mreimport[22m | Preparing files to reimport...[39m[0m
[   6% ] [90m[1mreimport[22m | Preparing files to reimport...[39m[0m
[   6% ] [90m[1mreimport[22m | Preparing files to reimport...[39m[0m
[   6% ] [90m[1mreimport[22m | Preparing files to reimport...[39m[0m
[   6% ] [90m[1mreimport[22m | Preparing files to reimport...[39m[0m
[   6% ] [90m[1mreimport[22m | Preparing files to reimport...[39m[0m
[   6% ] [90m[1mreimport[22m | Preparing files to reimport...[39m[0m
[   6% ] [90m[1mreimport[22m | Preparing files to reimport...[39m[0m
[   6% ] [90m[1mreimport[22m | Preparing files to reimport...[39m[0m
[   6% ] [90m[1mreimport[22m | Preparing files to reimport...[39m[0m
[   6% ] [90m[1mreimport[22m | Preparing files to reimport...[39m[0m
[   6% ] [90m[1mreimport[22m | Preparing files to reimport...[39m[0m
[   6% ] [90m[1mreimport[22m | Preparing files to reimport...[39m[0m
[   6% ] [90m[1mreimport[22m | Preparing files to reimport...[39m[0m
[   6% ] [90m[1mreimport[22m | Preparing files to reimport...[39m[0m
[   6% ] [90m[1mreimport[22m | Preparing files to reimport...[39m[0m
[   6% ] [90m[1mreimport[22m | Preparing files to reimport...[39m[0m
[   6% ] [90m[1mreimport[22m | Preparing files to reimport...[39m[0m
[   6% ] [90m[1mreimport[22m | Preparing files to reimport...[39m[0m
[   6% ] [90m[1mreimport[22m | Preparing files to reimport...[39m[0m
[   6% ] [90m[1mreimport[22m | Preparing files to reimport...[39m[0m
[   6% ] [90m[1mreimport[22m | Preparing files to reimport...[39m[0m
[   6% ] [90m[1mreimport[22m | Preparing files to reimport...[39m[0m
[   6% ] [90m[1mreimport[22m | Preparing files to reimport...[39m[0m
[   6% ] [90m[1mreimport[22m | Preparing files to reimport...[39m[0m
[   6% ] [90m[1mreimport[22m | Preparing files to reimport...[39m[0m
[   6% ] [90m[1mreimport[22m | Preparing files to reimport...[39m[0m
[   6% ] [90m[1mreimport[22m | Preparing files to reimport...[39m[0m
[   6% ] [90m[1mreimport[22m | Preparing files to reimport...[39m[0m
[   6% ] [90m[1mreimport[22m | Preparing files to reimport...[39m[0m
[   6% ] [90m[1mreimport[22m | Preparing files to reimport...[39m[0m
[   6% ] [90m[1mreimport[22m | Preparing files to reimport...[39m[0m
[   6% ] [90m[1mreimport[22m | Preparing files to reimport...[39m[0m
[   6% ] [90m[1mreimport[22m | Preparing files to reimport...[39m[0m
[   7% ] [90m[1mreimport[22m | Preparing files to reimport...[39m[0m
[   7% ] [90m[1mreimport[22m | Preparing files to reimport...[39m[0m
[   7% ] [90m[1mreimport[22m | Preparing files to reimport...[39m[0m
[   7% ] [90m[1mreimport[22m | Preparing files to reimport...[39m[0m
[   7% ] [90m[1mreimport[22m | Preparing files to reimport...[39m[0m
[   7% ] [90m[1mreimport[22m | Preparing files to reimport...[39m[0m
[   7% ] [90m[1mreimport[22m | Preparing files to reimport...[39m[0m
[   7% ] [90m[1mreimport[22m | Preparing files to reimport...[39m[0m
[   7% ] [90m[1mreimport[22m | Preparing files to reimport...[39m[0m
[   7% ] [90m[1mreimport[22m | Preparing files to reimport...[39m[0m
[   7% ] [90m[1mreimport[22m | Preparing files to reimport...[39m[0m
[   7% ] [90m[1mreimport[22m | Preparing files to reimport...[39m[0m
[   7% ] [90m[1mreimport[22m | Preparing files to reimport...[39m[0m
[   7% ] [90m[1mreimport[22m | Preparing files to reimport...[39m[0m
[   7% ] [90m[1mreimport[22m | Preparing files to reimport...[39m[0m
[   7% ] [90m[1mreimport[22m | Preparing files to reimport...[39m[0m
[   7% ] [90m[1mreimport[22m | Preparing files to reimport...[39m[0m
[   7% ] [90m[1mreimport[22m | Preparing files to reimport...[39m[0m
[   7% ] [90m[1mreimport[22m | Preparing files to reimport...[39m[0m
[   7% ] [90m[1mreimport[22m | Preparing files to reimport...[39m[0m
[   7% ] [90m[1mreimport[22m | Preparing files to reimport...[39m[0m
[   7% ] [90m[1mreimport[22m | Preparing files to reimport...[39m[0m
[   7% ] [90m[1mreimport[22m | Preparing files to reimport...[39m[0m
[   7% ] [90m[1mreimport[22m | Preparing files to reimport...[39m[0m
[   7% ] [90m[1mreimport[22m | Preparing files to reimport...[39m[0m
[   7% ] [90m[1mreimport[22m | Preparing files to reimport...[39m[0m
[   7% ] [90m[1mreimport[22m | Preparing files to reimport...[39m[0m
[   7% ] [90m[1mreimport[22m | Preparing files to reimport...[39m[0m
[   7% ] [90m[1mreimport[22m | Preparing files to reimport...[39m[0m
[   7% ] [90m[1mreimport[22m | Preparing files to reimport...[39m[0m
[   7% ] [90m[1mreimport[22m | Preparing files to reimport...[39m[0m
[   7% ] [90m[1mreimport[22m | Preparing files to reimport...[39m[0m
[   7% ] [90m[1mreimport[22m | Preparing files to reimport...[39m[0m
[   7% ] [90m[1mreimport[22m | Preparing files to reimport...[39m[0m
[   7% ] [90m[1mreimport[22m | Preparing files to reimport...[39m[0m
[   8% ] [90m[1mreimport[22m | Preparing files to reimport...[39m[0m
[   8% ] [90m[1mreimport[22m | Preparing files to reimport...[39m[0m
[   8% ] [90m[1mreimport[22m | Preparing files to reimport...[39m[0m
[   8% ] [90m[1mreimport[22m | Preparing files to reimport...[39m[0m
[   8% ] [90m[1mreimport[22m | Preparing files to reimport...[39m[0m
[   8% ] [90m[1mreimport[22m | Preparing files to reimport...[39m[0m
[   8% ] [90m[1mreimport[22m | Preparing files to reimport...[39m[0m
[   8% ] [90m[1mreimport[22m | Preparing files to reimport...[39m[0m
[   8% ] [90m[1mreimport[22m | Preparing files to reimport...[39m[0m
[   8% ] [90m[1mreimport[22m | Preparing files to reimport...[39m[0m
[   8% ] [90m[1mreimport[22m | Preparing files to reimport...[39m[0m
[   8% ] [90m[1mreimport[22m | Preparing files to reimport...[39m[0m
[   8% ] [90m[1mreimport[22m | Preparing files to reimport...[39m[0m
[   8% ] [90m[1mreimport[22m | Preparing files to reimport...[39m[0m
[   8% ] [90m[1mreimport[22m | Preparing files to reimport...[39m[0m
[   8% ] [90m[1mreimport[22m | Preparing files to reimport...[39m[0m
[   8% ] [90m[1mreimport[22m | Preparing files to reimport...[39m[0m
[   8% ] [90m[1mreimport[22m | Preparing files to reimport...[39m[0m
[   8% ] [90m[1mreimport[22m | Preparing files to reimport...[39m[0m
[   8% ] [90m[1mreimport[22m | Preparing files to reimport...[39m[0m
[   8% ] [90m[1mreimport[22m | Preparing files to reimport...[39m[0m
[   8% ] [90m[1mreimport[22m | Preparing files to reimport...[39m[0m
[   8% ] [90m[1mreimport[22m | Preparing files to reimport...[39m[0m
[   8% ] [90m[1mreimport[22m | Preparing files to reimport...[39m[0m
[   8% ] [90m[1mreimport[22m | Preparing files to reimport...[39m[0m
[   8% ] [90m[1mreimport[22m | Preparing files to reimport...[39m[0m
[   8% ] [90m[1mreimport[22m | Preparing files to reimport...[39m[0m
[   8% ] [90m[1mreimport[22m | Preparing files to reimport...[39m[0m
[   8% ] [90m[1mreimport[22m | Preparing files to reimport...[39m[0m
[   8% ] [90m[1mreimport[22m | Preparing files to reimport...[39m[0m
[   8% ] [90m[1mreimport[22m | Preparing files to reimport...[39m[0m
[   8% ] [90m[1mreimport[22m | Preparing files to reimport...[39m[0m
[   8% ] [90m[1mreimport[22m | Preparing files to reimport...[39m[0m
[   8% ] [90m[1mreimport[22m | Preparing files to reimport...[39m[0m
[   8% ] [90m[1mreimport[22m | Preparing files to reimport...[39m[0m
[   9% ] [90m[1mreimport[22m | Preparing files to reimport...[39m[0m
[   9% ] [90m[1mreimport[22m | Preparing files to reimport...[39m[0m
[   9% ] [90m[1mreimport[22m | Preparing files to reimport...[39m[0m
[   9% ] [90m[1mreimport[22m | Preparing files to reimport...[39m[0m
[   9% ] [90m[1mreimport[22m | Preparing files to reimport...[39m[0m
[   9% ] [90m[1mreimport[22m | Preparing files to reimport...[39m[0m
[   9% ] [90m[1mreimport[22m | Preparing files to reimport...[39m[0m
[   9% ] [90m[1mreimport[22m | Preparing files to reimport...[39m[0m
[   9% ] [90m[1mreimport[22m | Preparing files to reimport...[39m[0m
[   9% ] [90m[1mreimport[22m | Preparing files to reimport...[39m[0m
[   9% ] [90m[1mreimport[22m | Preparing files to reimport...[39m[0m
[   9% ] [90m[1mreimport[22m | Preparing files to reimport...[39m[0m
[   9% ] [90m[1mreimport[22m | Preparing files to reimport...[39m[0m
[   9% ] [90m[1mreimport[22m | Preparing files to reimport...[39m[0m
[   9% ] [90m[1mreimport[22m | Preparing files to reimport...[39m[0m
[   9% ] [90m[1mreimport[22m | Preparing files to reimport...[39m[0m
[   9% ] [90m[1mreimport[22m | Preparing files to reimport...[39m[0m
[   9% ] [90m[1mreimport[22m | Preparing files to reimport...[39m[0m
[   9% ] [90m[1mreimport[22m | Preparing files to reimport...[39m[0m
[   9% ] [90m[1mreimport[22m | Preparing files to reimport...[39m[0m
[   9% ] [90m[1mreimport[22m | Preparing files to reimport...[39m[0m
[   9% ] [90m[1mreimport[22m | Preparing files to reimport...[39m[0m
[   9% ] [90m[1mreimport[22m | Preparing files to reimport...[39m[0m
[   9% ] [90m[1mreimport[22m | Preparing files to reimport...[39m[0m
[   9% ] [90m[1mreimport[22m | Preparing files to reimport...[39m[0m
[   9% ] [90m[1mreimport[22m | Preparing files to reimport...[39m[0m
[   9% ] [90m[1mreimport[22m | Preparing files to reimport...[39m[0m
[   9% ] [90m[1mreimport[22m | Preparing files to reimport...[39m[0m
[   9% ] [90m[1mreimport[22m | Preparing files to reimport...[39m[0m
[   9% ] [90m[1mreimport[22m | Preparing files to reimport...[39m[0m
[   9% ] [90m[1mreimport[22m | Preparing files to reimport...[39m[0m
[   9% ] [90m[1mreimport[22m | Preparing files to reimport...[39m[0m
[   9% ] [90m[1mreimport[22m | Preparing files to reimport...[39m[0m
[   9% ] [90m[1mreimport[22m | Preparing files to reimport...[39m[0m
[   9% ] [90m[1mreimport[22m | Preparing files to reimport...[39m[0m
[  10% ] [90m[1mreimport[22m | Preparing files to reimport...[39m[0m
[  10% ] [90m[1mreimport[22m | Preparing files to reimport...[39m[0m
[  10% ] [90m[1mreimport[22m | Preparing files to reimport...[39m[0m
[  10% ] [90m[1mreimport[22m | Preparing files to reimport...[39m[0m
[  10% ] [90m[1mreimport[22m | Preparing files to reimport...[39m[0m
[  10% ] [90m[1mreimport[22m | Preparing files to reimport...[39m[0m
[  10% ] [90m[1mreimport[22m | Preparing files to reimport...[39m[0m
[  10% ] [90m[1mreimport[22m | Preparing files to reimport...[39m[0m
[  10% ] [90m[1mreimport[22m | Preparing files to reimport...[39m[0m
[  10% ] [90m[1mreimport[22m | Preparing files to reimport...[39m[0m
[  10% ] [90m[1mreimport[22m | Preparing files to reimport...[39m[0m
[  10% ] [90m[1mreimport[22m | Preparing files to reimport...[39m[0m
[  10% ] [90m[1mreimport[22m | Preparing files to reimport...[39m[0m
[  10% ] [90m[1mreimport[22m | Preparing files to reimport...[39m[0m
[  10% ] [90m[1mreimport[22m | Preparing files to reimport...[39m[0m
[  10% ] [90m[1mreimport[22m | Preparing files to reimport...[39m[0m
[  10% ] [90m[1mreimport[22m | Preparing files to reimport...[39m[0m
[  10% ] [90m[1mreimport[22m | Preparing files to reimport...[39m[0m
[  10% ] [90m[1mreimport[22m | Preparing files to reimport...[39m[0m
[  10% ] [90m[1mreimport[22m | Preparing files to reimport...[39m[0m
[  10% ] [90m[1mreimport[22m | Preparing files to reimport...[39m[0m
[  10% ] [90m[1mreimport[22m | Preparing files to reimport...[39m[0m
[  10% ] [90m[1mreimport[22m | Preparing files to reimport...[39m[0m
[  10% ] [90m[1mreimport[22m | Preparing files to reimport...[39m[0m
[  10% ] [90m[1mreimport[22m | Preparing files to reimport...[39m[0m
[  10% ] [90m[1mreimport[22m | Preparing files to reimport...[39m[0m
[  10% ] [90m[1mreimport[22m | Preparing files to reimport...[39m[0m
[  10% ] [90m[1mreimport[22m | Preparing files to reimport...[39m[0m
[  10% ] [90m[1mreimport[22m | Preparing files to reimport...[39m[0m
[  10% ] [90m[1mreimport[22m | Preparing files to reimport...[39m[0m
[  10% ] [90m[1mreimport[22m | Preparing files to reimport...[39m[0m
[  10% ] [90m[1mreimport[22m | Preparing files to reimport...[39m[0m
[  10% ] [90m[1mreimport[22m | Preparing files to reimport...[39m[0m
[  10% ] [90m[1mreimport[22m | Preparing files to reimport...[39m[0m
[  10% ] [90m[1mreimport[22m | Preparing files to reimport...[39m[0m
[  11% ] [90m[1mreimport[22m | Preparing files to reimport...[39m[0m
[  11% ] [90m[1mreimport[22m | Preparing files to reimport...[39m[0m
[  11% ] [90m[1mreimport[22m | Preparing files to reimport...[39m[0m
[  11% ] [90m[1mreimport[22m | Preparing files to reimport...[39m[0m
[  11% ] [90m[1mreimport[22m | Preparing files to reimport...[39m[0m
[  11% ] [90m[1mreimport[22m | Preparing files to reimport...[39m[0m
[  11% ] [90m[1mreimport[22m | Preparing files to reimport...[39m[0m
[  11% ] [90m[1mreimport[22m | Preparing files to reimport...[39m[0m
[  11% ] [90m[1mreimport[22m | Preparing files to reimport...[39m[0m
[  11% ] [90m[1mreimport[22m | Preparing files to reimport...[39m[0m
[  11% ] [90m[1mreimport[22m | Preparing files to reimport...[39m[0m
[  11% ] [90m[1mreimport[22m | Preparing files to reimport...[39m[0m
[  11% ] [90m[1mreimport[22m | Preparing files to reimport...[39m[0m
[  11% ] [90m[1mreimport[22m | Preparing files to reimport...[39m[0m
[  11% ] [90m[1mreimport[22m | Preparing files to reimport...[39m[0m
[  11% ] [90m[1mreimport[22m | Preparing files to reimport...[39m[0m
[  11% ] [90m[1mreimport[22m | Preparing files to reimport...[39m[0m
[  11% ] [90m[1mreimport[22m | Preparing files to reimport...[39m[0m
[  11% ] [90m[1mreimport[22m | Preparing files to reimport...[39m[0m
[  11% ] [90m[1mreimport[22m | Preparing files to reimport...[39m[0m
[  11% ] [90m[1mreimport[22m | Preparing files to reimport...[39m[0m
[  11% ] [90m[1mreimport[22m | Preparing files to reimport...[39m[0m
[  11% ] [90m[1mreimport[22m | Preparing files to reimport...[39m[0m
[  11% ] [90m[1mreimport[22m | Preparing files to reimport...[39m[0m
[  11% ] [90m[1mreimport[22m | Preparing files to reimport...[39m[0m
[  11% ] [90m[1mreimport[22m | Preparing files to reimport...[39m[0m
[  11% ] [90m[1mreimport[22m | Preparing files to reimport...[39m[0m
[  11% ] [90m[1mreimport[22m | Preparing files to reimport...[39m[0m
[  11% ] [90m[1mreimport[22m | Preparing files to reimport...[39m[0m
[  11% ] [90m[1mreimport[22m | Preparing files to reimport...[39m[0m
[  11% ] [90m[1mreimport[22m | Preparing files to reimport...[39m[0m
[  11% ] [90m[1mreimport[22m | Preparing files to reimport...[39m[0m
[  11% ] [90m[1mreimport[22m | Preparing files to reimport...[39m[0m
[  11% ] [90m[1mreimport[22m | Preparing files to reimport...[39m[0m
[  11% ] [90m[1mreimport[22m | Preparing files to reimport...[39m[0m
[  12% ] [90m[1mreimport[22m | Preparing files to reimport...[39m[0m
[  12% ] [90m[1mreimport[22m | Preparing files to reimport...[39m[0m
[  12% ] [90m[1mreimport[22m | Preparing files to reimport...[39m[0m
[  12% ] [90m[1mreimport[22m | Preparing files to reimport...[39m[0m
[  12% ] [90m[1mreimport[22m | Preparing files to reimport...[39m[0m
[  12% ] [90m[1mreimport[22m | Preparing files to reimport...[39m[0m
[  12% ] [90m[1mreimport[22m | Preparing files to reimport...[39m[0m
[  12% ] [90m[1mreimport[22m | Preparing files to reimport...[39m[0m
[  12% ] [90m[1mreimport[22m | Preparing files to reimport...[39m[0m
[  12% ] [90m[1mreimport[22m | Preparing files to reimport...[39m[0m
[  12% ] [90m[1mreimport[22m | Preparing files to reimport...[39m[0m
[  12% ] [90m[1mreimport[22m | Preparing files to reimport...[39m[0m
[  12% ] [90m[1mreimport[22m | Preparing files to reimport...[39m[0m
[  12% ] [90m[1mreimport[22m | Preparing files to reimport...[39m[0m
[  12% ] [90m[1mreimport[22m | Preparing files to reimport...[39m[0m
[  12% ] [90m[1mreimport[22m | Preparing files to reimport...[39m[0m
[  12% ] [90m[1mreimport[22m | Preparing files to reimport...[39m[0m
[  12% ] [90m[1mreimport[22m | Preparing files to reimport...[39m[0m
[  12% ] [90m[1mreimport[22m | Preparing files to reimport...[39m[0m
[  12% ] [90m[1mreimport[22m | Preparing files to reimport...[39m[0m
[  12% ] [90m[1mreimport[22m | Preparing files to reimport...[39m[0m
[  12% ] [90m[1mreimport[22m | Preparing files to reimport...[39m[0m
[  12% ] [90m[1mreimport[22m | Preparing files to reimport...[39m[0m
[  12% ] [90m[1mreimport[22m | Preparing files to reimport...[39m[0m
[  12% ] [90m[1mreimport[22m | Preparing files to reimport...[39m[0m
[  12% ] [90m[1mreimport[22m | Preparing files to reimport...[39m[0m
[  12% ] [90m[1mreimport[22m | Preparing files to reimport...[39m[0m
[  12% ] [90m[1mreimport[22m | Preparing files to reimport...[39m[0m
[  12% ] [90m[1mreimport[22m | Preparing files to reimport...[39m[0m
[  12% ] [90m[1mreimport[22m | Preparing files to reimport...[39m[0m
[  12% ] [90m[1mreimport[22m | Preparing files to reimport...[39m[0m
[  12% ] [90m[1mreimport[22m | Preparing files to reimport...[39m[0m
[  12% ] [90m[1mreimport[22m | Preparing files to reimport...[39m[0m
[  12% ] [90m[1mreimport[22m | Preparing files to reimport...[39m[0m
[  12% ] [90m[1mreimport[22m | Preparing files to reimport...[39m[0m
[  13% ] [90m[1mreimport[22m | Preparing files to reimport...[39m[0m
[  13% ] [90m[1mreimport[22m | Preparing files to reimport...[39m[0m
[  13% ] [90m[1mreimport[22m | Preparing files to reimport...[39m[0m
[  13% ] [90m[1mreimport[22m | Preparing files to reimport...[39m[0m
[  13% ] [90m[1mreimport[22m | Preparing files to reimport...[39m[0m
[  13% ] [90m[1mreimport[22m | Preparing files to reimport...[39m[0m
[  13% ] [90m[1mreimport[22m | Preparing files to reimport...[39m[0m
[  13% ] [90m[1mreimport[22m | Preparing files to reimport...[39m[0m
[  13% ] [90m[1mreimport[22m | Preparing files to reimport...[39m[0m
[  13% ] [90m[1mreimport[22m | Preparing files to reimport...[39m[0m
[  13% ] [90m[1mreimport[22m | Preparing files to reimport...[39m[0m
[  13% ] [90m[1mreimport[22m | Preparing files to reimport...[39m[0m
[  13% ] [90m[1mreimport[22m | Preparing files to reimport...[39m[0m
[  13% ] [90m[1mreimport[22m | Preparing files to reimport...[39m[0m
[  13% ] [90m[1mreimport[22m | Preparing files to reimport...[39m[0m
[  13% ] [90m[1mreimport[22m | Preparing files to reimport...[39m[0m
[  13% ] [90m[1mreimport[22m | Preparing files to reimport...[39m[0m
[  13% ] [90m[1mreimport[22m | Preparing files to reimport...[39m[0m
[  13% ] [90m[1mreimport[22m | Preparing files to reimport...[39m[0m
[  13% ] [90m[1mreimport[22m | Preparing files to reimport...[39m[0m
[  13% ] [90m[1mreimport[22m | Preparing files to reimport...[39m[0m
[  13% ] [90m[1mreimport[22m | Preparing files to reimport...[39m[0m
[  13% ] [90m[1mreimport[22m | Preparing files to reimport...[39m[0m
[  13% ] [90m[1mreimport[22m | Preparing files to reimport...[39m[0m
[  13% ] [90m[1mreimport[22m | Preparing files to reimport...[39m[0m
[  13% ] [90m[1mreimport[22m | Preparing files to reimport...[39m[0m
[  13% ] [90m[1mreimport[22m | Preparing files to reimport...[39m[0m
[  13% ] [90m[1mreimport[22m | Preparing files to reimport...[39m[0m
[  13% ] [90m[1mreimport[22m | Preparing files to reimport...[39m[0m
[  13% ] [90m[1mreimport[22m | Preparing files to reimport...[39m[0m
[  13% ] [90m[1mreimport[22m | Preparing files to reimport...[39m[0m
[  13% ] [90m[1mreimport[22m | Preparing files to reimport...[39m[0m
[  13% ] [90m[1mreimport[22m | Preparing files to reimport...[39m[0m
[  13% ] [90m[1mreimport[22m | Preparing files to reimport...[39m[0m
[  13% ] [90m[1mreimport[22m | Preparing files to reimport...[39m[0m
[  14% ] [90m[1mreimport[22m | Preparing files to reimport...[39m[0m
[  14% ] [90m[1mreimport[22m | Preparing files to reimport...[39m[0m
[  14% ] [90m[1mreimport[22m | Preparing files to reimport...[39m[0m
[  14% ] [90m[1mreimport[22m | Preparing files to reimport...[39m[0m
[  14% ] [90m[1mreimport[22m | Preparing files to reimport...[39m[0m
[  14% ] [90m[1mreimport[22m | Preparing files to reimport...[39m[0m
[  14% ] [90m[1mreimport[22m | Preparing files to reimport...[39m[0m
[  14% ] [90m[1mreimport[22m | Preparing files to reimport...[39m[0m
[  14% ] [90m[1mreimport[22m | Preparing files to reimport...[39m[0m
[  14% ] [90m[1mreimport[22m | Preparing files to reimport...[39m[0m
[  14% ] [90m[1mreimport[22m | Preparing files to reimport...[39m[0m
[  14% ] [90m[1mreimport[22m | Preparing files to reimport...[39m[0m
[  14% ] [90m[1mreimport[22m | Preparing files to reimport...[39m[0m
[  14% ] [90m[1mreimport[22m | Preparing files to reimport...[39m[0m
[  14% ] [90m[1mreimport[22m | Preparing files to reimport...[39m[0m
[  14% ] [90m[1mreimport[22m | Preparing files to reimport...[39m[0m
[  14% ] [90m[1mreimport[22m | Preparing files to reimport...[39m[0m
[  14% ] [90m[1mreimport[22m | Preparing files to reimport...[39m[0m
[  14% ] [90m[1mreimport[22m | Preparing files to reimport...[39m[0m
[  14% ] [90m[1mreimport[22m | Preparing files to reimport...[39m[0m
[  14% ] [90m[1mreimport[22m | Preparing files to reimport...[39m[0m
[  14% ] [90m[1mreimport[22m | Preparing files to reimport...[39m[0m
[  14% ] [90m[1mreimport[22m | Preparing files to reimport...[39m[0m
[  14% ] [90m[1mreimport[22m | Preparing files to reimport...[39m[0m
[  14% ] [90m[1mreimport[22m | Preparing files to reimport...[39m[0m
[  14% ] [90m[1mreimport[22m | Preparing files to reimport...[39m[0m
[  14% ] [90m[1mreimport[22m | Preparing files to reimport...[39m[0m
[  14% ] [90m[1mreimport[22m | Preparing files to reimport...[39m[0m
[  14% ] [90m[1mreimport[22m | Preparing files to reimport...[39m[0m
[  14% ] [90m[1mreimport[22m | Preparing files to reimport...[39m[0m
[  14% ] [90m[1mreimport[22m | Preparing files to reimport...[39m[0m
[  14% ] [90m[1mreimport[22m | Preparing files to reimport...[39m[0m
[  14% ] [90m[1mreimport[22m | Preparing files to reimport...[39m[0m
[  14% ] [90m[1mreimport[22m | Preparing files to reimport...[39m[0m
[  15% ] [90m[1mreimport[22m | Preparing files to reimport...[39m[0m
[  15% ] [90m[1mreimport[22m | Preparing files to reimport...[39m[0m
[  15% ] [90m[1mreimport[22m | Preparing files to reimport...[39m[0m
[  15% ] [90m[1mreimport[22m | Preparing files to reimport...[39m[0m
[  15% ] [90m[1mreimport[22m | Preparing files to reimport...[39m[0m
[  15% ] [90m[1mreimport[22m | Preparing files to reimport...[39m[0m
[  15% ] [90m[1mreimport[22m | Preparing files to reimport...[39m[0m
[  15% ] [90m[1mreimport[22m | Preparing files to reimport...[39m[0m
[  15% ] [90m[1mreimport[22m | Preparing files to reimport...[39m[0m
[  15% ] [90m[1mreimport[22m | Preparing files to reimport...[39m[0m
[  15% ] [90m[1mreimport[22m | Preparing files to reimport...[39m[0m
[  15% ] [90m[1mreimport[22m | Preparing files to reimport...[39m[0m
[  15% ] [90m[1mreimport[22m | Preparing files to reimport...[39m[0m
[  15% ] [90m[1mreimport[22m | Preparing files to reimport...[39m[0m
[  15% ] [90m[1mreimport[22m | Preparing files to reimport...[39m[0m
[  15% ] [90m[1mreimport[22m | Preparing files to reimport...[39m[0m
[  15% ] [90m[1mreimport[22m | Preparing files to reimport...[39m[0m
[  15% ] [90m[1mreimport[22m | Preparing files to reimport...[39m[0m
[  15% ] [90m[1mreimport[22m | Preparing files to reimport...[39m[0m
[  15% ] [90m[1mreimport[22m | Preparing files to reimport...[39m[0m
[  15% ] [90m[1mreimport[22m | Preparing files to reimport...[39m[0m
[  15% ] [90m[1mreimport[22m | Preparing files to reimport...[39m[0m
[  15% ] [90m[1mreimport[22m | Preparing files to reimport...[39m[0m
[  15% ] [90m[1mreimport[22m | Preparing files to reimport...[39m[0m
[  15% ] [90m[1mreimport[22m | Preparing files to reimport...[39m[0m
[  15% ] [90m[1mreimport[22m | Preparing files to reimport...[39m[0m
[  15% ] [90m[1mreimport[22m | Preparing files to reimport...[39m[0m
[  15% ] [90m[1mreimport[22m | Preparing files to reimport...[39m[0m
[  15% ] [90m[1mreimport[22m | Preparing files to reimport...[39m[0m
[  15% ] [90m[1mreimport[22m | Preparing files to reimport...[39m[0m
[  15% ] [90m[1mreimport[22m | Preparing files to reimport...[39m[0m
[  15% ] [90m[1mreimport[22m | Preparing files to reimport...[39m[0m
[  15% ] [90m[1mreimport[22m | Preparing files to reimport...[39m[0m
[  15% ] [90m[1mreimport[22m | Preparing files to reimport...[39m[0m
[  15% ] [90m[1mreimport[22m | Preparing files to reimport...[39m[0m
[  16% ] [90m[1mreimport[22m | Preparing files to reimport...[39m[0m
[  16% ] [90m[1mreimport[22m | Preparing files to reimport...[39m[0m
[  16% ] [90m[1mreimport[22m | Preparing files to reimport...[39m[0m
[  16% ] [90m[1mreimport[22m | Preparing files to reimport...[39m[0m
[  16% ] [90m[1mreimport[22m | Preparing files to reimport...[39m[0m
[  16% ] [90m[1mreimport[22m | Preparing files to reimport...[39m[0m
[  16% ] [90m[1mreimport[22m | Preparing files to reimport...[39m[0m
[  16% ] [90m[1mreimport[22m | Preparing files to reimport...[39m[0m
[  16% ] [90m[1mreimport[22m | Preparing files to reimport...[39m[0m
[  16% ] [90m[1mreimport[22m | Preparing files to reimport...[39m[0m
[  16% ] [90m[1mreimport[22m | Preparing files to reimport...[39m[0m
[  16% ] [90m[1mreimport[22m | Preparing files to reimport...[39m[0m
[  16% ] [90m[1mreimport[22m | Preparing files to reimport...[39m[0m
[  16% ] [90m[1mreimport[22m | Preparing files to reimport...[39m[0m
[  16% ] [90m[1mreimport[22m | Preparing files to reimport...[39m[0m
[  16% ] [90m[1mreimport[22m | Preparing files to reimport...[39m[0m
[  16% ] [90m[1mreimport[22m | Preparing files to reimport...[39m[0m
[  16% ] [90m[1mreimport[22m | Preparing files to reimport...[39m[0m
[  16% ] [90m[1mreimport[22m | Preparing files to reimport...[39m[0m
[  16% ] [90m[1mreimport[22m | Preparing files to reimport...[39m[0m
[  16% ] [90m[1mreimport[22m | Preparing files to reimport...[39m[0m
[  16% ] [90m[1mreimport[22m | Preparing files to reimport...[39m[0m
[  16% ] [90m[1mreimport[22m | Preparing files to reimport...[39m[0m
[  16% ] [90m[1mreimport[22m | Preparing files to reimport...[39m[0m
[  16% ] [90m[1mreimport[22m | Preparing files to reimport...[39m[0m
[  16% ] [90m[1mreimport[22m | Preparing files to reimport...[39m[0m
[  16% ] [90m[1mreimport[22m | Preparing files to reimport...[39m[0m
[  16% ] [90m[1mreimport[22m | Preparing files to reimport...[39m[0m
[  16% ] [90m[1mreimport[22m | Preparing files to reimport...[39m[0m
[  16% ] [90m[1mreimport[22m | Preparing files to reimport...[39m[0m
[  16% ] [90m[1mreimport[22m | Preparing files to reimport...[39m[0m
[  16% ] [90m[1mreimport[22m | Preparing files to reimport...[39m[0m
[  16% ] [90m[1mreimport[22m | Preparing files to reimport...[39m[0m
[  16% ] [90m[1mreimport[22m | Preparing files to reimport...[39m[0m
[  16% ] [90m[1mreimport[22m | Preparing files to reimport...[39m[0m
[  17% ] [90m[1mreimport[22m | Preparing files to reimport...[39m[0m
[  17% ] [90m[1mreimport[22m | Preparing files to reimport...[39m[0m
[  17% ] [90m[1mreimport[22m | Preparing files to reimport...[39m[0m
[  17% ] [90m[1mreimport[22m | Preparing files to reimport...[39m[0m
[  17% ] [90m[1mreimport[22m | Preparing files to reimport...[39m[0m
[  17% ] [90m[1mreimport[22m | Preparing files to reimport...[39m[0m
[  17% ] [90m[1mreimport[22m | Preparing files to reimport...[39m[0m
[  17% ] [90m[1mreimport[22m | Preparing files to reimport...[39m[0m
[  17% ] [90m[1mreimport[22m | Preparing files to reimport...[39m[0m
[  17% ] [90m[1mreimport[22m | Preparing files to reimport...[39m[0m
[  17% ] [90m[1mreimport[22m | Preparing files to reimport...[39m[0m
[  17% ] [90m[1mreimport[22m | Preparing files to reimport...[39m[0m
[  17% ] [90m[1mreimport[22m | Preparing files to reimport...[39m[0m
[  17% ] [90m[1mreimport[22m | Preparing files to reimport...[39m[0m
[  17% ] [90m[1mreimport[22m | Preparing files to reimport...[39m[0m
[  17% ] [90m[1mreimport[22m | Preparing files to reimport...[39m[0m
[  17% ] [90m[1mreimport[22m | Preparing files to reimport...[39m[0m
[  17% ] [90m[1mreimport[22m | Preparing files to reimport...[39m[0m
[  17% ] [90m[1mreimport[22m | Preparing files to reimport...[39m[0m
[  17% ] [90m[1mreimport[22m | Preparing files to reimport...[39m[0m
[  17% ] [90m[1mreimport[22m | Preparing files to reimport...[39m[0m
[  17% ] [90m[1mreimport[22m | Preparing files to reimport...[39m[0m
[  17% ] [90m[1mreimport[22m | Preparing files to reimport...[39m[0m
[  17% ] [90m[1mreimport[22m | Preparing files to reimport...[39m[0m
[  17% ] [90m[1mreimport[22m | Preparing files to reimport...[39m[0m
[  17% ] [90m[1mreimport[22m | Preparing files to reimport...[39m[0m
[  17% ] [90m[1mreimport[22m | Preparing files to reimport...[39m[0m
[  17% ] [90m[1mreimport[22m | Preparing files to reimport...[39m[0m
[  17% ] [90m[1mreimport[22m | Preparing files to reimport...[39m[0m
[  17% ] [90m[1mreimport[22m | Preparing files to reimport...[39m[0m
[  17% ] [90m[1mreimport[22m | Preparing files to reimport...[39m[0m
[  17% ] [90m[1mreimport[22m | Preparing files to reimport...[39m[0m
[  17% ] [90m[1mreimport[22m | Preparing files to reimport...[39m[0m
[  17% ] [90m[1mreimport[22m | Preparing files to reimport...[39m[0m
[  17% ] [90m[1mreimport[22m | Preparing files to reimport...[39m[0m
[  18% ] [90m[1mreimport[22m | Preparing files to reimport...[39m[0m
[  18% ] [90m[1mreimport[22m | Preparing files to reimport...[39m[0m
[  18% ] [90m[1mreimport[22m | Preparing files to reimport...[39m[0m
[  18% ] [90m[1mreimport[22m | Preparing files to reimport...[39m[0m
[  18% ] [90m[1mreimport[22m | Preparing files to reimport...[39m[0m
[  18% ] [90m[1mreimport[22m | Preparing files to reimport...[39m[0m
[  18% ] [90m[1mreimport[22m | Preparing files to reimport...[39m[0m
[  18% ] [90m[1mreimport[22m | Preparing files to reimport...[39m[0m
[  18% ] [90m[1mreimport[22m | Preparing files to reimport...[39m[0m
[  18% ] [90m[1mreimport[22m | Preparing files to reimport...[39m[0m
[  18% ] [90m[1mreimport[22m | Preparing files to reimport...[39m[0m
[  18% ] [90m[1mreimport[22m | Preparing files to reimport...[39m[0m
[  18% ] [90m[1mreimport[22m | Preparing files to reimport...[39m[0m
[  18% ] [90m[1mreimport[22m | Preparing files to reimport...[39m[0m
[  18% ] [90m[1mreimport[22m | Preparing files to reimport...[39m[0m
[  18% ] [90m[1mreimport[22m | Preparing files to reimport...[39m[0m
[  18% ] [90m[1mreimport[22m | Preparing files to reimport...[39m[0m
[  18% ] [90m[1mreimport[22m | Preparing files to reimport...[39m[0m
[  18% ] [90m[1mreimport[22m | Preparing files to reimport...[39m[0m
[  18% ] [90m[1mreimport[22m | Preparing files to reimport...[39m[0m
[  18% ] [90m[1mreimport[22m | Preparing files to reimport...[39m[0m
[  18% ] [90m[1mreimport[22m | Preparing files to reimport...[39m[0m
[  18% ] [90m[1mreimport[22m | Preparing files to reimport...[39m[0m
[  18% ] [90m[1mreimport[22m | Preparing files to reimport...[39m[0m
[  18% ] [90m[1mreimport[22m | Preparing files to reimport...[39m[0m
[  18% ] [90m[1mreimport[22m | Preparing files to reimport...[39m[0m
[  18% ] [90m[1mreimport[22m | Preparing files to reimport...[39m[0m
[  18% ] [90m[1mreimport[22m | Preparing files to reimport...[39m[0m
[  18% ] [90m[1mreimport[22m | Preparing files to reimport...[39m[0m
[  18% ] [90m[1mreimport[22m | Preparing files to reimport...[39m[0m
[  18% ] [90m[1mreimport[22m | Preparing files to reimport...[39m[0m
[  18% ] [90m[1mreimport[22m | Preparing files to reimport...[39m[0m
[  18% ] [90m[1mreimport[22m | Preparing files to reimport...[39m[0m
[  18% ] [90m[1mreimport[22m | Preparing files to reimport...[39m[0m
[  18% ] [90m[1mreimport[22m | Preparing files to reimport...[39m[0m
[  19% ] [90m[1mreimport[22m | Preparing files to reimport...[39m[0m
[  19% ] [90m[1mreimport[22m | Preparing files to reimport...[39m[0m
[  19% ] [90m[1mreimport[22m | Preparing files to reimport...[39m[0m
[  19% ] [90m[1mreimport[22m | Preparing files to reimport...[39m[0m
[  19% ] [90m[1mreimport[22m | Preparing files to reimport...[39m[0m
[  19% ] [90m[1mreimport[22m | Preparing files to reimport...[39m[0m
[  19% ] [90m[1mreimport[22m | Preparing files to reimport...[39m[0m
[  19% ] [90m[1mreimport[22m | Preparing files to reimport...[39m[0m
[  19% ] [90m[1mreimport[22m | Preparing files to reimport...[39m[0m
[  19% ] [90m[1mreimport[22m | Preparing files to reimport...[39m[0m
[  19% ] [90m[1mreimport[22m | Preparing files to reimport...[39m[0m
[  19% ] [90m[1mreimport[22m | Preparing files to reimport...[39m[0m
[  19% ] [90m[1mreimport[22m | Preparing files to reimport...[39m[0m
[  19% ] [90m[1mreimport[22m | Preparing files to reimport...[39m[0m
[  19% ] [90m[1mreimport[22m | Preparing files to reimport...[39m[0m
[  19% ] [90m[1mreimport[22m | Preparing files to reimport...[39m[0m
[  19% ] [90m[1mreimport[22m | Preparing files to reimport...[39m[0m
[  19% ] [90m[1mreimport[22m | Preparing files to reimport...[39m[0m
[  19% ] [90m[1mreimport[22m | Preparing files to reimport...[39m[0m
[  19% ] [90m[1mreimport[22m | Preparing files to reimport...[39m[0m
[  19% ] [90m[1mreimport[22m | Preparing files to reimport...[39m[0m
[  19% ] [90m[1mreimport[22m | Preparing files to reimport...[39m[0m
[  19% ] [90m[1mreimport[22m | Preparing files to reimport...[39m[0m
[  19% ] [90m[1mreimport[22m | Preparing files to reimport...[39m[0m
[  19% ] [90m[1mreimport[22m | Preparing files to reimport...[39m[0m
[  19% ] [90m[1mreimport[22m | Preparing files to reimport...[39m[0m
[  19% ] [90m[1mreimport[22m | Preparing files to reimport...[39m[0m
[  19% ] [90m[1mreimport[22m | Preparing files to reimport...[39m[0m
[  19% ] [90m[1mreimport[22m | Preparing files to reimport...[39m[0m
[  19% ] [90m[1mreimport[22m | Preparing files to reimport...[39m[0m
[  19% ] [90m[1mreimport[22m | Preparing files to reimport...[39m[0m
[  19% ] [90m[1mreimport[22m | Preparing files to reimport...[39m[0m
[  19% ] [90m[1mreimport[22m | Preparing files to reimport...[39m[0m
[  19% ] [90m[1mreimport[22m | Preparing files to reimport...[39m[0m
[  19% ] [90m[1mreimport[22m | Preparing files to reimport...[39m[0m
[  20% ] [90m[1mreimport[22m | Preparing files to reimport...[39m[0m
[  20% ] [90m[1mreimport[22m | Preparing files to reimport...[39m[0m
[  20% ] [90m[1mreimport[22m | Preparing files to reimport...[39m[0m
[  20% ] [90m[1mreimport[22m | Preparing files to reimport...[39m[0m
[  20% ] [90m[1mreimport[22m | Preparing files to reimport...[39m[0m
[  20% ] [90m[1mreimport[22m | Preparing files to reimport...[39m[0m
[  20% ] [90m[1mreimport[22m | Preparing files to reimport...[39m[0m
[  20% ] [90m[1mreimport[22m | Preparing files to reimport...[39m[0m
[  20% ] [90m[1mreimport[22m | Preparing files to reimport...[39m[0m
[  20% ] [90m[1mreimport[22m | Preparing files to reimport...[39m[0m
[  20% ] [90m[1mreimport[22m | Preparing files to reimport...[39m[0m
[  20% ] [90m[1mreimport[22m | Preparing files to reimport...[39m[0m
[  20% ] [90m[1mreimport[22m | Preparing files to reimport...[39m[0m
[  20% ] [90m[1mreimport[22m | Preparing files to reimport...[39m[0m
[  20% ] [90m[1mreimport[22m | Preparing files to reimport...[39m[0m
[  20% ] [90m[1mreimport[22m | Preparing files to reimport...[39m[0m
[  20% ] [90m[1mreimport[22m | Preparing files to reimport...[39m[0m
[  20% ] [90m[1mreimport[22m | Preparing files to reimport...[39m[0m
[  20% ] [90m[1mreimport[22m | Preparing files to reimport...[39m[0m
[  20% ] [90m[1mreimport[22m | Preparing files to reimport...[39m[0m
[  20% ] [90m[1mreimport[22m | Preparing files to reimport...[39m[0m
[  20% ] [90m[1mreimport[22m | Preparing files to reimport...[39m[0m
[  20% ] [90m[1mreimport[22m | Preparing files to reimport...[39m[0m
[  20% ] [90m[1mreimport[22m | Preparing files to reimport...[39m[0m
[  20% ] [90m[1mreimport[22m | Preparing files to reimport...[39m[0m
[  20% ] [90m[1mreimport[22m | Preparing files to reimport...[39m[0m
[  20% ] [90m[1mreimport[22m | Preparing files to reimport...[39m[0m
[  20% ] [90m[1mreimport[22m | Preparing files to reimport...[39m[0m
[  20% ] [90m[1mreimport[22m | Preparing files to reimport...[39m[0m
[  20% ] [90m[1mreimport[22m | Preparing files to reimport...[39m[0m
[  20% ] [90m[1mreimport[22m | Preparing files to reimport...[39m[0m
[  20% ] [90m[1mreimport[22m | Preparing files to reimport...[39m[0m
[  20% ] [90m[1mreimport[22m | Preparing files to reimport...[39m[0m
[  20% ] [90m[1mreimport[22m | Preparing files to reimport...[39m[0m
[  20% ] [90m[1mreimport[22m | Preparing files to reimport...[39m[0m
[  21% ] [90m[1mreimport[22m | Preparing files to reimport...[39m[0m
[  21% ] [90m[1mreimport[22m | Preparing files to reimport...[39m[0m
[  21% ] [90m[1mreimport[22m | Preparing files to reimport...[39m[0m
[  21% ] [90m[1mreimport[22m | Preparing files to reimport...[39m[0m
[  21% ] [90m[1mreimport[22m | Preparing files to reimport...[39m[0m
[  21% ] [90m[1mreimport[22m | Preparing files to reimport...[39m[0m
[  21% ] [90m[1mreimport[22m | Preparing files to reimport...[39m[0m
[  21% ] [90m[1mreimport[22m | Preparing files to reimport...[39m[0m
[  21% ] [90m[1mreimport[22m | Preparing files to reimport...[39m[0m
[  21% ] [90m[1mreimport[22m | Preparing files to reimport...[39m[0m
[  21% ] [90m[1mreimport[22m | Preparing files to reimport...[39m[0m
[  21% ] [90m[1mreimport[22m | Preparing files to reimport...[39m[0m
[  21% ] [90m[1mreimport[22m | Preparing files to reimport...[39m[0m
[  21% ] [90m[1mreimport[22m | Preparing files to reimport...[39m[0m
[  21% ] [90m[1mreimport[22m | Preparing files to reimport...[39m[0m
[  21% ] [90m[1mreimport[22m | Preparing files to reimport...[39m[0m
[  21% ] [90m[1mreimport[22m | Preparing files to reimport...[39m[0m
[  21% ] [90m[1mreimport[22m | Preparing files to reimport...[39m[0m
[  21% ] [90m[1mreimport[22m | Preparing files to reimport...[39m[0m
[  21% ] [90m[1mreimport[22m | Preparing files to reimport...[39m[0m
[  21% ] [90m[1mreimport[22m | Preparing files to reimport...[39m[0m
[  21% ] [90m[1mreimport[22m | Preparing files to reimport...[39m[0m
[  21% ] [90m[1mreimport[22m | Preparing files to reimport...[39m[0m
[  21% ] [90m[1mreimport[22m | Preparing files to reimport...[39m[0m
[  21% ] [90m[1mreimport[22m | Preparing files to reimport...[39m[0m
[  21% ] [90m[1mreimport[22m | Preparing files to reimport...[39m[0m
[  21% ] [90m[1mreimport[22m | Preparing files to reimport...[39m[0m
[  21% ] [90m[1mreimport[22m | Preparing files to reimport...[39m[0m
[  21% ] [90m[1mreimport[22m | Preparing files to reimport...[39m[0m
[  21% ] [90m[1mreimport[22m | Preparing files to reimport...[39m[0m
[  21% ] [90m[1mreimport[22m | Preparing files to reimport...[39m[0m
[  21% ] [90m[1mreimport[22m | Preparing files to reimport...[39m[0m
[  21% ] [90m[1mreimport[22m | Preparing files to reimport...[39m[0m
[  21% ] [90m[1mreimport[22m | Preparing files to reimport...[39m[0m
[  21% ] [90m[1mreimport[22m | Preparing files to reimport...[39m[0m
[  22% ] [90m[1mreimport[22m | Preparing files to reimport...[39m[0m
[  22% ] [90m[1mreimport[22m | Preparing files to reimport...[39m[0m
[  22% ] [90m[1mreimport[22m | Preparing files to reimport...[39m[0m
[  22% ] [90m[1mreimport[22m | Preparing files to reimport...[39m[0m
[  22% ] [90m[1mreimport[22m | Preparing files to reimport...[39m[0m
[  22% ] [90m[1mreimport[22m | Preparing files to reimport...[39m[0m
[  22% ] [90m[1mreimport[22m | Preparing files to reimport...[39m[0m
[  22% ] [90m[1mreimport[22m | Preparing files to reimport...[39m[0m
[  22% ] [90m[1mreimport[22m | Preparing files to reimport...[39m[0m
[  22% ] [90m[1mreimport[22m | Preparing files to reimport...[39m[0m
[  22% ] [90m[1mreimport[22m | Preparing files to reimport...[39m[0m
[  22% ] [90m[1mreimport[22m | Preparing files to reimport...[39m[0m
[  22% ] [90m[1mreimport[22m | Preparing files to reimport...[39m[0m
[  22% ] [90m[1mreimport[22m | Preparing files to reimport...[39m[0m
[  22% ] [90m[1mreimport[22m | Preparing files to reimport...[39m[0m
[  22% ] [90m[1mreimport[22m | Preparing files to reimport...[39m[0m
[  22% ] [90m[1mreimport[22m | Preparing files to reimport...[39m[0m
[  22% ] [90m[1mreimport[22m | Preparing files to reimport...[39m[0m
[  22% ] [90m[1mreimport[22m | Preparing files to reimport...[39m[0m
[  22% ] [90m[1mreimport[22m | Preparing files to reimport...[39m[0m
[  22% ] [90m[1mreimport[22m | Preparing files to reimport...[39m[0m
[  22% ] [90m[1mreimport[22m | Preparing files to reimport...[39m[0m
[  22% ] [90m[1mreimport[22m | Preparing files to reimport...[39m[0m
[  22% ] [90m[1mreimport[22m | Preparing files to reimport...[39m[0m
[  22% ] [90m[1mreimport[22m | Preparing files to reimport...[39m[0m
[  22% ] [90m[1mreimport[22m | Preparing files to reimport...[39m[0m
[  22% ] [90m[1mreimport[22m | Preparing files to reimport...[39m[0m
[  22% ] [90m[1mreimport[22m | Preparing files to reimport...[39m[0m
[  22% ] [90m[1mreimport[22m | Preparing files to reimport...[39m[0m
[  22% ] [90m[1mreimport[22m | Preparing files to reimport...[39m[0m
[  22% ] [90m[1mreimport[22m | Preparing files to reimport...[39m[0m
[  22% ] [90m[1mreimport[22m | Preparing files to reimport...[39m[0m
[  22% ] [90m[1mreimport[22m | Preparing files to reimport...[39m[0m
[  22% ] [90m[1mreimport[22m | Preparing files to reimport...[39m[0m
[  22% ] [90m[1mreimport[22m | Preparing files to reimport...[39m[0m
[  23% ] [90m[1mreimport[22m | Preparing files to reimport...[39m[0m
[  23% ] [90m[1mreimport[22m | Preparing files to reimport...[39m[0m
[  23% ] [90m[1mreimport[22m | Preparing files to reimport...[39m[0m
[  23% ] [90m[1mreimport[22m | Preparing files to reimport...[39m[0m
[  23% ] [90m[1mreimport[22m | Preparing files to reimport...[39m[0m
[  23% ] [90m[1mreimport[22m | Preparing files to reimport...[39m[0m
[  23% ] [90m[1mreimport[22m | Preparing files to reimport...[39m[0m
[  23% ] [90m[1mreimport[22m | Preparing files to reimport...[39m[0m
[  23% ] [90m[1mreimport[22m | Preparing files to reimport...[39m[0m
[  23% ] [90m[1mreimport[22m | Preparing files to reimport...[39m[0m
[  23% ] [90m[1mreimport[22m | Preparing files to reimport...[39m[0m
[  23% ] [90m[1mreimport[22m | Preparing files to reimport...[39m[0m
[  23% ] [90m[1mreimport[22m | Preparing files to reimport...[39m[0m
[  23% ] [90m[1mreimport[22m | Preparing files to reimport...[39m[0m
[  23% ] [90m[1mreimport[22m | Preparing files to reimport...[39m[0m
[  23% ] [90m[1mreimport[22m | Preparing files to reimport...[39m[0m
[  23% ] [90m[1mreimport[22m | Preparing files to reimport...[39m[0m
[  23% ] [90m[1mreimport[22m | Preparing files to reimport...[39m[0m
[  23% ] [90m[1mreimport[22m | Preparing files to reimport...[39m[0m
[  23% ] [90m[1mreimport[22m | Preparing files to reimport...[39m[0m
[  23% ] [90m[1mreimport[22m | Preparing files to reimport...[39m[0m
[  23% ] [90m[1mreimport[22m | Preparing files to reimport...[39m[0m
[  23% ] [90m[1mreimport[22m | Preparing files to reimport...[39m[0m
[  23% ] [90m[1mreimport[22m | Preparing files to reimport...[39m[0m
[  23% ] [90m[1mreimport[22m | Preparing files to reimport...[39m[0m
[  23% ] [90m[1mreimport[22m | Preparing files to reimport...[39m[0m
[  23% ] [90m[1mreimport[22m | Preparing files to reimport...[39m[0m
[  23% ] [90m[1mreimport[22m | Preparing files to reimport...[39m[0m
[  23% ] [90m[1mreimport[22m | Preparing files to reimport...[39m[0m
[  23% ] [90m[1mreimport[22m | Preparing files to reimport...[39m[0m
[  23% ] [90m[1mreimport[22m | Preparing files to reimport...[39m[0m
[  23% ] [90m[1mreimport[22m | Preparing files to reimport...[39m[0m
[  23% ] [90m[1mreimport[22m | Preparing files to reimport...[39m[0m
[  23% ] [90m[1mreimport[22m | Preparing files to reimport...[39m[0m
[  23% ] [90m[1mreimport[22m | Preparing files to reimport...[39m[0m
[  24% ] [90m[1mreimport[22m | Preparing files to reimport...[39m[0m
[  24% ] [90m[1mreimport[22m | Preparing files to reimport...[39m[0m
[  24% ] [90m[1mreimport[22m | Preparing files to reimport...[39m[0m
[  24% ] [90m[1mreimport[22m | Preparing files to reimport...[39m[0m
[  24% ] [90m[1mreimport[22m | Preparing files to reimport...[39m[0m
[  24% ] [90m[1mreimport[22m | Preparing files to reimport...[39m[0m
[  24% ] [90m[1mreimport[22m | Preparing files to reimport...[39m[0m
[  24% ] [90m[1mreimport[22m | Preparing files to reimport...[39m[0m
[  24% ] [90m[1mreimport[22m | Preparing files to reimport...[39m[0m
[  24% ] [90m[1mreimport[22m | Preparing files to reimport...[39m[0m
[  24% ] [90m[1mreimport[22m | Preparing files to reimport...[39m[0m
[  24% ] [90m[1mreimport[22m | Preparing files to reimport...[39m[0m
[  24% ] [90m[1mreimport[22m | Preparing files to reimport...[39m[0m
[  24% ] [90m[1mreimport[22m | Preparing files to reimport...[39m[0m
[  24% ] [90m[1mreimport[22m | Preparing files to reimport...[39m[0m
[  24% ] [90m[1mreimport[22m | Preparing files to reimport...[39m[0m
[  24% ] [90m[1mreimport[22m | Preparing files to reimport...[39m[0m
[  24% ] [90m[1mreimport[22m | Preparing files to reimport...[39m[0m
[  24% ] [90m[1mreimport[22m | Preparing files to reimport...[39m[0m
[  24% ] [90m[1mreimport[22m | Preparing files to reimport...[39m[0m
[  24% ] [90m[1mreimport[22m | Preparing files to reimport...[39m[0m
[  24% ] [90m[1mreimport[22m | Preparing files to reimport...[39m[0m
[  24% ] [90m[1mreimport[22m | Preparing files to reimport...[39m[0m
[  24% ] [90m[1mreimport[22m | Preparing files to reimport...[39m[0m
[  24% ] [90m[1mreimport[22m | Preparing files to reimport...[39m[0m
[  24% ] [90m[1mreimport[22m | Preparing files to reimport...[39m[0m
[  24% ] [90m[1mreimport[22m | Preparing files to reimport...[39m[0m
[  24% ] [90m[1mreimport[22m | Preparing files to reimport...[39m[0m
[  24% ] [90m[1mreimport[22m | Preparing files to reimport...[39m[0m
[  24% ] [90m[1mreimport[22m | Preparing files to reimport...[39m[0m
[  24% ] [90m[1mreimport[22m | Preparing files to reimport...[39m[0m
[  24% ] [90m[1mreimport[22m | Preparing files to reimport...[39m[0m
[  24% ] [90m[1mreimport[22m | Preparing files to reimport...[39m[0m
[  24% ] [90m[1mreimport[22m | Preparing files to reimport...[39m[0m
[  24% ] [90m[1mreimport[22m | Preparing files to reimport...[39m[0m
[  25% ] [90m[1mreimport[22m | Preparing files to reimport...[39m[0m
[  25% ] [90m[1mreimport[22m | Preparing files to reimport...[39m[0m
[  25% ] [90m[1mreimport[22m | Preparing files to reimport...[39m[0m
[  25% ] [90m[1mreimport[22m | Preparing files to reimport...[39m[0m
[  25% ] [90m[1mreimport[22m | Preparing files to reimport...[39m[0m
[  25% ] [90m[1mreimport[22m | Preparing files to reimport...[39m[0m
[  25% ] [90m[1mreimport[22m | Preparing files to reimport...[39m[0m
[  25% ] [90m[1mreimport[22m | Preparing files to reimport...[39m[0m
[  25% ] [90m[1mreimport[22m | Preparing files to reimport...[39m[0m
[  25% ] [90m[1mreimport[22m | Preparing files to reimport...[39m[0m
[  25% ] [90m[1mreimport[22m | Preparing files to reimport...[39m[0m
[  25% ] [90m[1mreimport[22m | Preparing files to reimport...[39m[0m
[  25% ] [90m[1mreimport[22m | Preparing files to reimport...[39m[0m
[  25% ] [90m[1mreimport[22m | Preparing files to reimport...[39m[0m
[  25% ] [90m[1mreimport[22m | Preparing files to reimport...[39m[0m
[  25% ] [90m[1mreimport[22m | Preparing files to reimport...[39m[0m
[  25% ] [90m[1mreimport[22m | Preparing files to reimport...[39m[0m
[  25% ] [90m[1mreimport[22m | Preparing files to reimport...[39m[0m
[  25% ] [90m[1mreimport[22m | Preparing files to reimport...[39m[0m
[  25% ] [90m[1mreimport[22m | Preparing files to reimport...[39m[0m
[  25% ] [90m[1mreimport[22m | Preparing files to reimport...[39m[0m
[  25% ] [90m[1mreimport[22m | Preparing files to reimport...[39m[0m
[  25% ] [90m[1mreimport[22m | Preparing files to reimport...[39m[0m
[  25% ] [90m[1mreimport[22m | Preparing files to reimport...[39m[0m
[  25% ] [90m[1mreimport[22m | Preparing files to reimport...[39m[0m
[  25% ] [90m[1mreimport[22m | Preparing files to reimport...[39m[0m
[  25% ] [90m[1mreimport[22m | Preparing files to reimport...[39m[0m
[  25% ] [90m[1mreimport[22m | Preparing files to reimport...[39m[0m
[  25% ] [90m[1mreimport[22m | Preparing files to reimport...[39m[0m
[  25% ] [90m[1mreimport[22m | Preparing files to reimport...[39m[0m
[  25% ] [90m[1mreimport[22m | Preparing files to reimport...[39m[0m
[  25% ] [90m[1mreimport[22m | Preparing files to reimport...[39m[0m
[  25% ] [90m[1mreimport[22m | Preparing files to reimport...[39m[0m
[  25% ] [90m[1mreimport[22m | Preparing files to reimport...[39m[0m
[  25% ] [90m[1mreimport[22m | Preparing files to reimport...[39m[0m
[  26% ] [90m[1mreimport[22m | Preparing files to reimport...[39m[0m
[  26% ] [90m[1mreimport[22m | Preparing files to reimport...[39m[0m
[  26% ] [90m[1mreimport[22m | Preparing files to reimport...[39m[0m
[  26% ] [90m[1mreimport[22m | Preparing files to reimport...[39m[0m
[  26% ] [90m[1mreimport[22m | Preparing files to reimport...[39m[0m
[  26% ] [90m[1mreimport[22m | Preparing files to reimport...[39m[0m
[  26% ] [90m[1mreimport[22m | Preparing files to reimport...[39m[0m
[  26% ] [90m[1mreimport[22m | Preparing files to reimport...[39m[0m
[  26% ] [90m[1mreimport[22m | Preparing files to reimport...[39m[0m
[  26% ] [90m[1mreimport[22m | Preparing files to reimport...[39m[0m
[  26% ] [90m[1mreimport[22m | Preparing files to reimport...[39m[0m
[  26% ] [90m[1mreimport[22m | Preparing files to reimport...[39m[0m
[  26% ] [90m[1mreimport[22m | Preparing files to reimport...[39m[0m
[  26% ] [90m[1mreimport[22m | Preparing files to reimport...[39m[0m
[  26% ] [90m[1mreimport[22m | Preparing files to reimport...[39m[0m
[  26% ] [90m[1mreimport[22m | Preparing files to reimport...[39m[0m
[  26% ] [90m[1mreimport[22m | Preparing files to reimport...[39m[0m
[  26% ] [90m[1mreimport[22m | Preparing files to reimport...[39m[0m
[  26% ] [90m[1mreimport[22m | Preparing files to reimport...[39m[0m
[  26% ] [90m[1mreimport[22m | Preparing files to reimport...[39m[0m
[  26% ] [90m[1mreimport[22m | Preparing files to reimport...[39m[0m
[  26% ] [90m[1mreimport[22m | Preparing files to reimport...[39m[0m
[  26% ] [90m[1mreimport[22m | Preparing files to reimport...[39m[0m
[  26% ] [90m[1mreimport[22m | Preparing files to reimport...[39m[0m
[  26% ] [90m[1mreimport[22m | Preparing files to reimport...[39m[0m
[  26% ] [90m[1mreimport[22m | Preparing files to reimport...[39m[0m
[  26% ] [90m[1mreimport[22m | Preparing files to reimport...[39m[0m
[  26% ] [90m[1mreimport[22m | Preparing files to reimport...[39m[0m
[  26% ] [90m[1mreimport[22m | Preparing files to reimport...[39m[0m
[  26% ] [90m[1mreimport[22m | Preparing files to reimport...[39m[0m
[  26% ] [90m[1mreimport[22m | Preparing files to reimport...[39m[0m
[  26% ] [90m[1mreimport[22m | Preparing files to reimport...[39m[0m
[  26% ] [90m[1mreimport[22m | Preparing files to reimport...[39m[0m
[  26% ] [90m[1mreimport[22m | Preparing files to reimport...[39m[0m
[  26% ] [90m[1mreimport[22m | Preparing files to reimport...[39m[0m
[  27% ] [90m[1mreimport[22m | Preparing files to reimport...[39m[0m
[  27% ] [90m[1mreimport[22m | Preparing files to reimport...[39m[0m
[  27% ] [90m[1mreimport[22m | Preparing files to reimport...[39m[0m
[  27% ] [90m[1mreimport[22m | Preparing files to reimport...[39m[0m
[  27% ] [90m[1mreimport[22m | Preparing files to reimport...[39m[0m
[  27% ] [90m[1mreimport[22m | Preparing files to reimport...[39m[0m
[  27% ] [90m[1mreimport[22m | Preparing files to reimport...[39m[0m
[  27% ] [90m[1mreimport[22m | Preparing files to reimport...[39m[0m
[  27% ] [90m[1mreimport[22m | Preparing files to reimport...[39m[0m
[  27% ] [90m[1mreimport[22m | Preparing files to reimport...[39m[0m
[  27% ] [90m[1mreimport[22m | Preparing files to reimport...[39m[0m
[  27% ] [90m[1mreimport[22m | Preparing files to reimport...[39m[0m
[  27% ] [90m[1mreimport[22m | Preparing files to reimport...[39m[0m
[  27% ] [90m[1mreimport[22m | Preparing files to reimport...[39m[0m
[  27% ] [90m[1mreimport[22m | Preparing files to reimport...[39m[0m
[  27% ] [90m[1mreimport[22m | Preparing files to reimport...[39m[0m
[  27% ] [90m[1mreimport[22m | Preparing files to reimport...[39m[0m
[  27% ] [90m[1mreimport[22m | Preparing files to reimport...[39m[0m
[  27% ] [90m[1mreimport[22m | Preparing files to reimport...[39m[0m
[  27% ] [90m[1mreimport[22m | Preparing files to reimport...[39m[0m
[  27% ] [90m[1mreimport[22m | Preparing files to reimport...[39m[0m
[  27% ] [90m[1mreimport[22m | Preparing files to reimport...[39m[0m
[  27% ] [90m[1mreimport[22m | Preparing files to reimport...[39m[0m
[  27% ] [90m[1mreimport[22m | Preparing files to reimport...[39m[0m
[  27% ] [90m[1mreimport[22m | Preparing files to reimport...[39m[0m
[  27% ] [90m[1mreimport[22m | Preparing files to reimport...[39m[0m
[  27% ] [90m[1mreimport[22m | Preparing files to reimport...[39m[0m
[  27% ] [90m[1mreimport[22m | Preparing files to reimport...[39m[0m
[  27% ] [90m[1mreimport[22m | Preparing files to reimport...[39m[0m
[  27% ] [90m[1mreimport[22m | Preparing files to reimport...[39m[0m
[  27% ] [90m[1mreimport[22m | Preparing files to reimport...[39m[0m
[  27% ] [90m[1mreimport[22m | Preparing files to reimport...[39m[0m
[  27% ] [90m[1mreimport[22m | Preparing files to reimport...[39m[0m
[  27% ] [90m[1mreimport[22m | Preparing files to reimport...[39m[0m
[  27% ] [90m[1mreimport[22m | Preparing files to reimport...[39m[0m
[  28% ] [90m[1mreimport[22m | Preparing files to reimport...[39m[0m
[  28% ] [90m[1mreimport[22m | Preparing files to reimport...[39m[0m
[  28% ] [90m[1mreimport[22m | Preparing files to reimport...[39m[0m
[  28% ] [90m[1mreimport[22m | Preparing files to reimport...[39m[0m
[  28% ] [90m[1mreimport[22m | Preparing files to reimport...[39m[0m
[  28% ] [90m[1mreimport[22m | Preparing files to reimport...[39m[0m
[  28% ] [90m[1mreimport[22m | Preparing files to reimport...[39m[0m
[  28% ] [90m[1mreimport[22m | Preparing files to reimport...[39m[0m
[  28% ] [90m[1mreimport[22m | Preparing files to reimport...[39m[0m
[  28% ] [90m[1mreimport[22m | Preparing files to reimport...[39m[0m
[  28% ] [90m[1mreimport[22m | Preparing files to reimport...[39m[0m
[  28% ] [90m[1mreimport[22m | Preparing files to reimport...[39m[0m
[  28% ] [90m[1mreimport[22m | Preparing files to reimport...[39m[0m
[  28% ] [90m[1mreimport[22m | Preparing files to reimport...[39m[0m
[  28% ] [90m[1mreimport[22m | Preparing files to reimport...[39m[0m
[  28% ] [90m[1mreimport[22m | Preparing files to reimport...[39m[0m
[  28% ] [90m[1mreimport[22m | Preparing files to reimport...[39m[0m
[  28% ] [90m[1mreimport[22m | Preparing files to reimport...[39m[0m
[  28% ] [90m[1mreimport[22m | Preparing files to reimport...[39m[0m
[  28% ] [90m[1mreimport[22m | Preparing files to reimport...[39m[0m
[  28% ] [90m[1mreimport[22m | Preparing files to reimport...[39m[0m
[  28% ] [90m[1mreimport[22m | Preparing files to reimport...[39m[0m
[  28% ] [90m[1mreimport[22m | Preparing files to reimport...[39m[0m
[  28% ] [90m[1mreimport[22m | Preparing files to reimport...[39m[0m
[  28% ] [90m[1mreimport[22m | Preparing files to reimport...[39m[0m
[  28% ] [90m[1mreimport[22m | Preparing files to reimport...[39m[0m
[  28% ] [90m[1mreimport[22m | Preparing files to reimport...[39m[0m
[  28% ] [90m[1mreimport[22m | Preparing files to reimport...[39m[0m
[  28% ] [90m[1mreimport[22m | Preparing files to reimport...[39m[0m
[  28% ] [90m[1mreimport[22m | Preparing files to reimport...[39m[0m
[  28% ] [90m[1mreimport[22m | Preparing files to reimport...[39m[0m
[  28% ] [90m[1mreimport[22m | Preparing files to reimport...[39m[0m
[  28% ] [90m[1mreimport[22m | Preparing files to reimport...[39m[0m
[  28% ] [90m[1mreimport[22m | Preparing files to reimport...[39m[0m
[  29% ] [90m[1mreimport[22m | Preparing files to reimport...[39m[0m
[  29% ] [90m[1mreimport[22m | Preparing files to reimport...[39m[0m
[  29% ] [90m[1mreimport[22m | Preparing files to reimport...[39m[0m
[  29% ] [90m[1mreimport[22m | Preparing files to reimport...[39m[0m
[  29% ] [90m[1mreimport[22m | Preparing files to reimport...[39m[0m
[  29% ] [90m[1mreimport[22m | Preparing files to reimport...[39m[0m
[  29% ] [90m[1mreimport[22m | Preparing files to reimport...[39m[0m
[  29% ] [90m[1mreimport[22m | Preparing files to reimport...[39m[0m
[  29% ] [90m[1mreimport[22m | Preparing files to reimport...[39m[0m
[  29% ] [90m[1mreimport[22m | Preparing files to reimport...[39m[0m
[  29% ] [90m[1mreimport[22m | Preparing files to reimport...[39m[0m
[  29% ] [90m[1mreimport[22m | Preparing files to reimport...[39m[0m
[  29% ] [90m[1mreimport[22m | Preparing files to reimport...[39m[0m
[  29% ] [90m[1mreimport[22m | Preparing files to reimport...[39m[0m
[  29% ] [90m[1mreimport[22m | Preparing files to reimport...[39m[0m
[  29% ] [90m[1mreimport[22m | Preparing files to reimport...[39m[0m
[  29% ] [90m[1mreimport[22m | Preparing files to reimport...[39m[0m
[  29% ] [90m[1mreimport[22m | Preparing files to reimport...[39m[0m
[  29% ] [90m[1mreimport[22m | Preparing files to reimport...[39m[0m
[  29% ] [90m[1mreimport[22m | Preparing files to reimport...[39m[0m
[  29% ] [90m[1mreimport[22m | Preparing files to reimport...[39m[0m
[  29% ] [90m[1mreimport[22m | Preparing files to reimport...[39m[0m
[  29% ] [90m[1mreimport[22m | Preparing files to reimport...[39m[0m
[  29% ] [90m[1mreimport[22m | Preparing files to reimport...[39m[0m
[  29% ] [90m[1mreimport[22m | Preparing files to reimport...[39m[0m
[  29% ] [90m[1mreimport[22m | Preparing files to reimport...[39m[0m
[  29% ] [90m[1mreimport[22m | Preparing files to reimport...[39m[0m
[  29% ] [90m[1mreimport[22m | Preparing files to reimport...[39m[0m
[  29% ] [90m[1mreimport[22m | Preparing files to reimport...[39m[0m
[  29% ] [90m[1mreimport[22m | Preparing files to reimport...[39m[0m
[  29% ] [90m[1mreimport[22m | Preparing files to reimport...[39m[0m
[  29% ] [90m[1mreimport[22m | Preparing files to reimport...[39m[0m
[  29% ] [90m[1mreimport[22m | Preparing files to reimport...[39m[0m
[  29% ] [90m[1mreimport[22m | Preparing files to reimport...[39m[0m
[  29% ] [90m[1mreimport[22m | Preparing files to reimport...[39m[0m
[  30% ] [90m[1mreimport[22m | Preparing files to reimport...[39m[0m
[  30% ] [90m[1mreimport[22m | Preparing files to reimport...[39m[0m
[  30% ] [90m[1mreimport[22m | Preparing files to reimport...[39m[0m
[  30% ] [90m[1mreimport[22m | Preparing files to reimport...[39m[0m
[  30% ] [90m[1mreimport[22m | Preparing files to reimport...[39m[0m
[  30% ] [90m[1mreimport[22m | Preparing files to reimport...[39m[0m
[  30% ] [90m[1mreimport[22m | Preparing files to reimport...[39m[0m
[  30% ] [90m[1mreimport[22m | Preparing files to reimport...[39m[0m
[  30% ] [90m[1mreimport[22m | Preparing files to reimport...[39m[0m
[  30% ] [90m[1mreimport[22m | Preparing files to reimport...[39m[0m
[  30% ] [90m[1mreimport[22m | Preparing files to reimport...[39m[0m
[  30% ] [90m[1mreimport[22m | Preparing files to reimport...[39m[0m
[  30% ] [90m[1mreimport[22m | Preparing files to reimport...[39m[0m
[  30% ] [90m[1mreimport[22m | Preparing files to reimport...[39m[0m
[  30% ] [90m[1mreimport[22m | Preparing files to reimport...[39m[0m
[  30% ] [90m[1mreimport[22m | Preparing files to reimport...[39m[0m
[  30% ] [90m[1mreimport[22m | Preparing files to reimport...[39m[0m
[  30% ] [90m[1mreimport[22m | Preparing files to reimport...[39m[0m
[  30% ] [90m[1mreimport[22m | Preparing files to reimport...[39m[0m
[  30% ] [90m[1mreimport[22m | Preparing files to reimport...[39m[0m
[  30% ] [90m[1mreimport[22m | Preparing files to reimport...[39m[0m
[  30% ] [90m[1mreimport[22m | Preparing files to reimport...[39m[0m
[  30% ] [90m[1mreimport[22m | Preparing files to reimport...[39m[0m
[  30% ] [90m[1mreimport[22m | Preparing files to reimport...[39m[0m
[  30% ] [90m[1mreimport[22m | Preparing files to reimport...[39m[0m
[  30% ] [90m[1mreimport[22m | Preparing files to reimport...[39m[0m
[  30% ] [90m[1mreimport[22m | Preparing files to reimport...[39m[0m
[  30% ] [90m[1mreimport[22m | Preparing files to reimport...[39m[0m
[  30% ] [90m[1mreimport[22m | Preparing files to reimport...[39m[0m
[  30% ] [90m[1mreimport[22m | Preparing files to reimport...[39m[0m
[  30% ] [90m[1mreimport[22m | Preparing files to reimport...[39m[0m
[  30% ] [90m[1mreimport[22m | Preparing files to reimport...[39m[0m
[  30% ] [90m[1mreimport[22m | Preparing files to reimport...[39m[0m
[  30% ] [90m[1mreimport[22m | Preparing files to reimport...[39m[0m
[  30% ] [90m[1mreimport[22m | Preparing files to reimport...[39m[0m
[  31% ] [90m[1mreimport[22m | Preparing files to reimport...[39m[0m
[  31% ] [90m[1mreimport[22m | Preparing files to reimport...[39m[0m
[  31% ] [90m[1mreimport[22m | Preparing files to reimport...[39m[0m
[  31% ] [90m[1mreimport[22m | Preparing files to reimport...[39m[0m
[  31% ] [90m[1mreimport[22m | Preparing files to reimport...[39m[0m
[  31% ] [90m[1mreimport[22m | Preparing files to reimport...[39m[0m
[  31% ] [90m[1mreimport[22m | Preparing files to reimport...[39m[0m
[  31% ] [90m[1mreimport[22m | Preparing files to reimport...[39m[0m
[  31% ] [90m[1mreimport[22m | Preparing files to reimport...[39m[0m
[  31% ] [90m[1mreimport[22m | Preparing files to reimport...[39m[0m
[  31% ] [90m[1mreimport[22m | Preparing files to reimport...[39m[0m
[  31% ] [90m[1mreimport[22m | Preparing files to reimport...[39m[0m
[  31% ] [90m[1mreimport[22m | Preparing files to reimport...[39m[0m
[  31% ] [90m[1mreimport[22m | Preparing files to reimport...[39m[0m
[  31% ] [90m[1mreimport[22m | Preparing files to reimport...[39m[0m
[  31% ] [90m[1mreimport[22m | Preparing files to reimport...[39m[0m
[  31% ] [90m[1mreimport[22m | Preparing files to reimport...[39m[0m
[  31% ] [90m[1mreimport[22m | Preparing files to reimport...[39m[0m
[  31% ] [90m[1mreimport[22m | Preparing files to reimport...[39m[0m
[  31% ] [90m[1mreimport[22m | Preparing files to reimport...[39m[0m
[  31% ] [90m[1mreimport[22m | Preparing files to reimport...[39m[0m
[  31% ] [90m[1mreimport[22m | Preparing files to reimport...[39m[0m
[  31% ] [90m[1mreimport[22m | Preparing files to reimport...[39m[0m
[  31% ] [90m[1mreimport[22m | Preparing files to reimport...[39m[0m
[  31% ] [90m[1mreimport[22m | Preparing files to reimport...[39m[0m
[  31% ] [90m[1mreimport[22m | Preparing files to reimport...[39m[0m
[  31% ] [90m[1mreimport[22m | Preparing files to reimport...[39m[0m
[  31% ] [90m[1mreimport[22m | Preparing files to reimport...[39m[0m
[  31% ] [90m[1mreimport[22m | Preparing files to reimport...[39m[0m
[  31% ] [90m[1mreimport[22m | Preparing files to reimport...[39m[0m
[  31% ] [90m[1mreimport[22m | Preparing files to reimport...[39m[0m
[  31% ] [90m[1mreimport[22m | Preparing files to reimport...[39m[0m
[  31% ] [90m[1mreimport[22m | Preparing files to reimport...[39m[0m
[  31% ] [90m[1mreimport[22m | Preparing files to reimport...[39m[0m
[  31% ] [90m[1mreimport[22m | Preparing files to reimport...[39m[0m
[  32% ] [90m[1mreimport[22m | Preparing files to reimport...[39m[0m
[  32% ] [90m[1mreimport[22m | Preparing files to reimport...[39m[0m
[  32% ] [90m[1mreimport[22m | Preparing files to reimport...[39m[0m
[  32% ] [90m[1mreimport[22m | Preparing files to reimport...[39m[0m
[  32% ] [90m[1mreimport[22m | Preparing files to reimport...[39m[0m
[  32% ] [90m[1mreimport[22m | Preparing files to reimport...[39m[0m
[  32% ] [90m[1mreimport[22m | Preparing files to reimport...[39m[0m
[  32% ] [90m[1mreimport[22m | Preparing files to reimport...[39m[0m
[  32% ] [90m[1mreimport[22m | Preparing files to reimport...[39m[0m
[  32% ] [90m[1mreimport[22m | Preparing files to reimport...[39m[0m
[  32% ] [90m[1mreimport[22m | Preparing files to reimport...[39m[0m
[  32% ] [90m[1mreimport[22m | Preparing files to reimport...[39m[0m
[  32% ] [90m[1mreimport[22m | Preparing files to reimport...[39m[0m
[  32% ] [90m[1mreimport[22m | Preparing files to reimport...[39m[0m
[  32% ] [90m[1mreimport[22m | Preparing files to reimport...[39m[0m
[  32% ] [90m[1mreimport[22m | Preparing files to reimport...[39m[0m
[  32% ] [90m[1mreimport[22m | Preparing files to reimport...[39m[0m
[  32% ] [90m[1mreimport[22m | Preparing files to reimport...[39m[0m
[  32% ] [90m[1mreimport[22m | Preparing files to reimport...[39m[0m
[  32% ] [90m[1mreimport[22m | Preparing files to reimport...[39m[0m
[  32% ] [90m[1mreimport[22m | Preparing files to reimport...[39m[0m
[  32% ] [90m[1mreimport[22m | Preparing files to reimport...[39m[0m
[  32% ] [90m[1mreimport[22m | Preparing files to reimport...[39m[0m
[  32% ] [90m[1mreimport[22m | Preparing files to reimport...[39m[0m
[  32% ] [90m[1mreimport[22m | Preparing files to reimport...[39m[0m
[  32% ] [90m[1mreimport[22m | Preparing files to reimport...[39m[0m
[  32% ] [90m[1mreimport[22m | Preparing files to reimport...[39m[0m
[  32% ] [90m[1mreimport[22m | Preparing files to reimport...[39m[0m
[  32% ] [90m[1mreimport[22m | Preparing files to reimport...[39m[0m
[  32% ] [90m[1mreimport[22m | Preparing files to reimport...[39m[0m
[  32% ] [90m[1mreimport[22m | Preparing files to reimport...[39m[0m
[  32% ] [90m[1mreimport[22m | Preparing files to reimport...[39m[0m
[  32% ] [90m[1mreimport[22m | Preparing files to reimport...[39m[0m
[  32% ] [90m[1mreimport[22m | Preparing files to reimport...[39m[0m
[  32% ] [90m[1mreimport[22m | Preparing files to reimport...[39m[0m
[  33% ] [90m[1mreimport[22m | Preparing files to reimport...[39m[0m
[  33% ] [90m[1mreimport[22m | Preparing files to reimport...[39m[0m
[  33% ] [90m[1mreimport[22m | Preparing files to reimport...[39m[0m
[  33% ] [90m[1mreimport[22m | Preparing files to reimport...[39m[0m
[  33% ] [90m[1mreimport[22m | Preparing files to reimport...[39m[0m
[  33% ] [90m[1mreimport[22m | Preparing files to reimport...[39m[0m
[  33% ] [90m[1mreimport[22m | Preparing files to reimport...[39m[0m
[  33% ] [90m[1mreimport[22m | Preparing files to reimport...[39m[0m
[  33% ] [90m[1mreimport[22m | Preparing files to reimport...[39m[0m
[  33% ] [90m[1mreimport[22m | Preparing files to reimport...[39m[0m
[  33% ] [90m[1mreimport[22m | Preparing files to reimport...[39m[0m
[  33% ] [90m[1mreimport[22m | Preparing files to reimport...[39m[0m
[  33% ] [90m[1mreimport[22m | Preparing files to reimport...[39m[0m
[  33% ] [90m[1mreimport[22m | Preparing files to reimport...[39m[0m
[  33% ] [90m[1mreimport[22m | Preparing files to reimport...[39m[0m
[  33% ] [90m[1mreimport[22m | Preparing files to reimport...[39m[0m
[  33% ] [90m[1mreimport[22m | Preparing files to reimport...[39m[0m
[  33% ] [90m[1mreimport[22m | Preparing files to reimport...[39m[0m
[  33% ] [90m[1mreimport[22m | Preparing files to reimport...[39m[0m
[  33% ] [90m[1mreimport[22m | Preparing files to reimport...[39m[0m
[  33% ] [90m[1mreimport[22m | Preparing files to reimport...[39m[0m
[  33% ] [90m[1mreimport[22m | Preparing files to reimport...[39m[0m
[  33% ] [90m[1mreimport[22m | Preparing files to reimport...[39m[0m
[  33% ] [90m[1mreimport[22m | Preparing files to reimport...[39m[0m
[  33% ] [90m[1mreimport[22m | Preparing files to reimport...[39m[0m
[  33% ] [90m[1mreimport[22m | Preparing files to reimport...[39m[0m
[  33% ] [90m[1mreimport[22m | Preparing files to reimport...[39m[0m
[  33% ] [90m[1mreimport[22m | Preparing files to reimport...[39m[0m
[  33% ] [90m[1mreimport[22m | Preparing files to reimport...[39m[0m
[  33% ] [90m[1mreimport[22m | Preparing files to reimport...[39m[0m
[  33% ] [90m[1mreimport[22m | Preparing files to reimport...[39m[0m
[  33% ] [90m[1mreimport[22m | Preparing files to reimport...[39m[0m
[  33% ] [90m[1mreimport[22m | Preparing files to reimport...[39m[0m
[  33% ] [90m[1mreimport[22m | Preparing files to reimport...[39m[0m
[  33% ] [90m[1mreimport[22m | Preparing files to reimport...[39m[0m
[  34% ] [90m[1mreimport[22m | Preparing files to reimport...[39m[0m
[  34% ] [90m[1mreimport[22m | Preparing files to reimport...[39m[0m
[  34% ] [90m[1mreimport[22m | Preparing files to reimport...[39m[0m
[  34% ] [90m[1mreimport[22m | Preparing files to reimport...[39m[0m
[  34% ] [90m[1mreimport[22m | Preparing files to reimport...[39m[0m
[  34% ] [90m[1mreimport[22m | Preparing files to reimport...[39m[0m
[  34% ] [90m[1mreimport[22m | Preparing files to reimport...[39m[0m
[  34% ] [90m[1mreimport[22m | Preparing files to reimport...[39m[0m
[  34% ] [90m[1mreimport[22m | Preparing files to reimport...[39m[0m
[  34% ] [90m[1mreimport[22m | Preparing files to reimport...[39m[0m
[  34% ] [90m[1mreimport[22m | Preparing files to reimport...[39m[0m
[  34% ] [90m[1mreimport[22m | Preparing files to reimport...[39m[0m
[  34% ] [90m[1mreimport[22m | Preparing files to reimport...[39m[0m
[  34% ] [90m[1mreimport[22m | Preparing files to reimport...[39m[0m
[  34% ] [90m[1mreimport[22m | Preparing files to reimport...[39m[0m
[  34% ] [90m[1mreimport[22m | Preparing files to reimport...[39m[0m
[  34% ] [90m[1mreimport[22m | Preparing files to reimport...[39m[0m
[  34% ] [90m[1mreimport[22m | Preparing files to reimport...[39m[0m
[  34% ] [90m[1mreimport[22m | Preparing files to reimport...[39m[0m
[  34% ] [90m[1mreimport[22m | Preparing files to reimport...[39m[0m
[  34% ] [90m[1mreimport[22m | Preparing files to reimport...[39m[0m
[  34% ] [90m[1mreimport[22m | Preparing files to reimport...[39m[0m
[  34% ] [90m[1mreimport[22m | Preparing files to reimport...[39m[0m
[  34% ] [90m[1mreimport[22m | Preparing files to reimport...[39m[0m
[  34% ] [90m[1mreimport[22m | Preparing files to reimport...[39m[0m
[  34% ] [90m[1mreimport[22m | Preparing files to reimport...[39m[0m
[  34% ] [90m[1mreimport[22m | Preparing files to reimport...[39m[0m
[  34% ] [90m[1mreimport[22m | Preparing files to reimport...[39m[0m
[  34% ] [90m[1mreimport[22m | Preparing files to reimport...[39m[0m
[  34% ] [90m[1mreimport[22m | Preparing files to reimport...[39m[0m
[  34% ] [90m[1mreimport[22m | Preparing files to reimport...[39m[0m
[  34% ] [90m[1mreimport[22m | Preparing files to reimport...[39m[0m
[  34% ] [90m[1mreimport[22m | Preparing files to reimport...[39m[0m
[  34% ] [90m[1mreimport[22m | Preparing files to reimport...[39m[0m
[  34% ] [90m[1mreimport[22m | Preparing files to reimport...[39m[0m
[  35% ] [90m[1mreimport[22m | Preparing files to reimport...[39m[0m
[  35% ] [90m[1mreimport[22m | Preparing files to reimport...[39m[0m
[  35% ] [90m[1mreimport[22m | Preparing files to reimport...[39m[0m
[  35% ] [90m[1mreimport[22m | Preparing files to reimport...[39m[0m
[  35% ] [90m[1mreimport[22m | Preparing files to reimport...[39m[0m
[  35% ] [90m[1mreimport[22m | Preparing files to reimport...[39m[0m
[  35% ] [90m[1mreimport[22m | Preparing files to reimport...[39m[0m
[  35% ] [90m[1mreimport[22m | Preparing files to reimport...[39m[0m
[  35% ] [90m[1mreimport[22m | Preparing files to reimport...[39m[0m
[  35% ] [90m[1mreimport[22m | Preparing files to reimport...[39m[0m
[  35% ] [90m[1mreimport[22m | Preparing files to reimport...[39m[0m
[  35% ] [90m[1mreimport[22m | Preparing files to reimport...[39m[0m
[  35% ] [90m[1mreimport[22m | Preparing files to reimport...[39m[0m
[  35% ] [90m[1mreimport[22m | Preparing files to reimport...[39m[0m
[  35% ] [90m[1mreimport[22m | Preparing files to reimport...[39m[0m
[  35% ] [90m[1mreimport[22m | Preparing files to reimport...[39m[0m
[  35% ] [90m[1mreimport[22m | Preparing files to reimport...[39m[0m
[  35% ] [90m[1mreimport[22m | Preparing files to reimport...[39m[0m
[  35% ] [90m[1mreimport[22m | Preparing files to reimport...[39m[0m
[  35% ] [90m[1mreimport[22m | Preparing files to reimport...[39m[0m
[  35% ] [90m[1mreimport[22m | Preparing files to reimport...[39m[0m
[  35% ] [90m[1mreimport[22m | Preparing files to reimport...[39m[0m
[  35% ] [90m[1mreimport[22m | Preparing files to reimport...[39m[0m
[  35% ] [90m[1mreimport[22m | Preparing files to reimport...[39m[0m
[  35% ] [90m[1mreimport[22m | Preparing files to reimport...[39m[0m
[  35% ] [90m[1mreimport[22m | Preparing files to reimport...[39m[0m
[  35% ] [90m[1mreimport[22m | Preparing files to reimport...[39m[0m
[  35% ] [90m[1mreimport[22m | Preparing files to reimport...[39m[0m
[  35% ] [90m[1mreimport[22m | Preparing files to reimport...[39m[0m
[  35% ] [90m[1mreimport[22m | Preparing files to reimport...[39m[0m
[  35% ] [90m[1mreimport[22m | Preparing files to reimport...[39m[0m
[  35% ] [90m[1mreimport[22m | Preparing files to reimport...[39m[0m
[  35% ] [90m[1mreimport[22m | Preparing files to reimport...[39m[0m
[  35% ] [90m[1mreimport[22m | Preparing files to reimport...[39m[0m
[  35% ] [90m[1mreimport[22m | Preparing files to reimport...[39m[0m
[  36% ] [90m[1mreimport[22m | Preparing files to reimport...[39m[0m
[  36% ] [90m[1mreimport[22m | Preparing files to reimport...[39m[0m
[  36% ] [90m[1mreimport[22m | Preparing files to reimport...[39m[0m
[  36% ] [90m[1mreimport[22m | Preparing files to reimport...[39m[0m
[  36% ] [90m[1mreimport[22m | Preparing files to reimport...[39m[0m
[  36% ] [90m[1mreimport[22m | Preparing files to reimport...[39m[0m
[  36% ] [90m[1mreimport[22m | Preparing files to reimport...[39m[0m
[  36% ] [90m[1mreimport[22m | Preparing files to reimport...[39m[0m
[  36% ] [90m[1mreimport[22m | Preparing files to reimport...[39m[0m
[  36% ] [90m[1mreimport[22m | Preparing files to reimport...[39m[0m
[  36% ] [90m[1mreimport[22m | Preparing files to reimport...[39m[0m
[  36% ] [90m[1mreimport[22m | Preparing files to reimport...[39m[0m
[  36% ] [90m[1mreimport[22m | Preparing files to reimport...[39m[0m
[  36% ] [90m[1mreimport[22m | Preparing files to reimport...[39m[0m
[  36% ] [90m[1mreimport[22m | Preparing files to reimport...[39m[0m
[  36% ] [90m[1mreimport[22m | Preparing files to reimport...[39m[0m
[  36% ] [90m[1mreimport[22m | Preparing files to reimport...[39m[0m
[  36% ] [90m[1mreimport[22m | Preparing files to reimport...[39m[0m
[  36% ] [90m[1mreimport[22m | Preparing files to reimport...[39m[0m
[  36% ] [90m[1mreimport[22m | Preparing files to reimport...[39m[0m
[  36% ] [90m[1mreimport[22m | Preparing files to reimport...[39m[0m
[  36% ] [90m[1mreimport[22m | Preparing files to reimport...[39m[0m
[  36% ] [90m[1mreimport[22m | Preparing files to reimport...[39m[0m
[  36% ] [90m[1mreimport[22m | Preparing files to reimport...[39m[0m
[  36% ] [90m[1mreimport[22m | Preparing files to reimport...[39m[0m
[  36% ] [90m[1mreimport[22m | Preparing files to reimport...[39m[0m
[  36% ] [90m[1mreimport[22m | Preparing files to reimport...[39m[0m
[  36% ] [90m[1mreimport[22m | Preparing files to reimport...[39m[0m
[  36% ] [90m[1mreimport[22m | Preparing files to reimport...[39m[0m
[  36% ] [90m[1mreimport[22m | Preparing files to reimport...[39m[0m
[  36% ] [90m[1mreimport[22m | Preparing files to reimport...[39m[0m
[  36% ] [90m[1mreimport[22m | Preparing files to reimport...[39m[0m
[  36% ] [90m[1mreimport[22m | Preparing files to reimport...[39m[0m
[  36% ] [90m[1mreimport[22m | Preparing files to reimport...[39m[0m
[  36% ] [90m[1mreimport[22m | Preparing files to reimport...[39m[0m
[  37% ] [90m[1mreimport[22m | Preparing files to reimport...[39m[0m
[  37% ] [90m[1mreimport[22m | Preparing files to reimport...[39m[0m
[  37% ] [90m[1mreimport[22m | Preparing files to reimport...[39m[0m
[  37% ] [90m[1mreimport[22m | Preparing files to reimport...[39m[0m
[  37% ] [90m[1mreimport[22m | Preparing files to reimport...[39m[0m
[  37% ] [90m[1mreimport[22m | Preparing files to reimport...[39m[0m
[  37% ] [90m[1mreimport[22m | Preparing files to reimport...[39m[0m
[  37% ] [90m[1mreimport[22m | Preparing files to reimport...[39m[0m
[  37% ] [90m[1mreimport[22m | Preparing files to reimport...[39m[0m
[  37% ] [90m[1mreimport[22m | Preparing files to reimport...[39m[0m
[  37% ] [90m[1mreimport[22m | Preparing files to reimport...[39m[0m
[  37% ] [90m[1mreimport[22m | Preparing files to reimport...[39m[0m
[  37% ] [90m[1mreimport[22m | Preparing files to reimport...[39m[0m
[  37% ] [90m[1mreimport[22m | Preparing files to reimport...[39m[0m
[  37% ] [90m[1mreimport[22m | Preparing files to reimport...[39m[0m
[  37% ] [90m[1mreimport[22m | Preparing files to reimport...[39m[0m
[  37% ] [90m[1mreimport[22m | Preparing files to reimport...[39m[0m
[  37% ] [90m[1mreimport[22m | Preparing files to reimport...[39m[0m
[  37% ] [90m[1mreimport[22m | Preparing files to reimport...[39m[0m
[  37% ] [90m[1mreimport[22m | Preparing files to reimport...[39m[0m
[  37% ] [90m[1mreimport[22m | Preparing files to reimport...[39m[0m
[  37% ] [90m[1mreimport[22m | Preparing files to reimport...[39m[0m
[  37% ] [90m[1mreimport[22m | Preparing files to reimport...[39m[0m
[  37% ] [90m[1mreimport[22m | Preparing files to reimport...[39m[0m
[  37% ] [90m[1mreimport[22m | Preparing files to reimport...[39m[0m
[  37% ] [90m[1mreimport[22m | Preparing files to reimport...[39m[0m
[  37% ] [90m[1mreimport[22m | Preparing files to reimport...[39m[0m
[  37% ] [90m[1mreimport[22m | Preparing files to reimport...[39m[0m
[  37% ] [90m[1mreimport[22m | Preparing files to reimport...[39m[0m
[  37% ] [90m[1mreimport[22m | Preparing files to reimport...[39m[0m
[  37% ] [90m[1mreimport[22m | Preparing files to reimport...[39m[0m
[  37% ] [90m[1mreimport[22m | Preparing files to reimport...[39m[0m
[  37% ] [90m[1mreimport[22m | Preparing files to reimport...[39m[0m
[  37% ] [90m[1mreimport[22m | Preparing files to reimport...[39m[0m
[  37% ] [90m[1mreimport[22m | Preparing files to reimport...[39m[0m
[  38% ] [90m[1mreimport[22m | Preparing files to reimport...[39m[0m
[  38% ] [90m[1mreimport[22m | Preparing files to reimport...[39m[0m
[  38% ] [90m[1mreimport[22m | Preparing files to reimport...[39m[0m
[  38% ] [90m[1mreimport[22m | Preparing files to reimport...[39m[0m
[  38% ] [90m[1mreimport[22m | Preparing files to reimport...[39m[0m
[  38% ] [90m[1mreimport[22m | Preparing files to reimport...[39m[0m
[  38% ] [90m[1mreimport[22m | Preparing files to reimport...[39m[0m
[  38% ] [90m[1mreimport[22m | Preparing files to reimport...[39m[0m
[  38% ] [90m[1mreimport[22m | Preparing files to reimport...[39m[0m
[  38% ] [90m[1mreimport[22m | Preparing files to reimport...[39m[0m
[  38% ] [90m[1mreimport[22m | Preparing files to reimport...[39m[0m
[  38% ] [90m[1mreimport[22m | Preparing files to reimport...[39m[0m
[  38% ] [90m[1mreimport[22m | Preparing files to reimport...[39m[0m
[  38% ] [90m[1mreimport[22m | Preparing files to reimport...[39m[0m
[  38% ] [90m[1mreimport[22m | Preparing files to reimport...[39m[0m
[  38% ] [90m[1mreimport[22m | Preparing files to reimport...[39m[0m
[  38% ] [90m[1mreimport[22m | Preparing files to reimport...[39m[0m
[  38% ] [90m[1mreimport[22m | Preparing files to reimport...[39m[0m
[  38% ] [90m[1mreimport[22m | Preparing files to reimport...[39m[0m
[  38% ] [90m[1mreimport[22m | Preparing files to reimport...[39m[0m
[  38% ] [90m[1mreimport[22m | Preparing files to reimport...[39m[0m
[  38% ] [90m[1mreimport[22m | Preparing files to reimport...[39m[0m
[  38% ] [90m[1mreimport[22m | Preparing files to reimport...[39m[0m
[  38% ] [90m[1mreimport[22m | Preparing files to reimport...[39m[0m
[  38% ] [90m[1mreimport[22m | Preparing files to reimport...[39m[0m
[  38% ] [90m[1mreimport[22m | Preparing files to reimport...[39m[0m
[  38% ] [90m[1mreimport[22m | Preparing files to reimport...[39m[0m
[  38% ] [90m[1mreimport[22m | Preparing files to reimport...[39m[0m
[  38% ] [90m[1mreimport[22m | Preparing files to reimport...[39m[0m
[  38% ] [90m[1mreimport[22m | Preparing files to reimport...[39m[0m
[  38% ] [90m[1mreimport[22m | Preparing files to reimport...[39m[0m
[  38% ] [90m[1mreimport[22m | Preparing files to reimport...[39m[0m
[  38% ] [90m[1mreimport[22m | Preparing files to reimport...[39m[0m
[  38% ] [90m[1mreimport[22m | Preparing files to reimport...[39m[0m
[  38% ] [90m[1mreimport[22m | Preparing files to reimport...[39m[0m
[  39% ] [90m[1mreimport[22m | Preparing files to reimport...[39m[0m
[  39% ] [90m[1mreimport[22m | Preparing files to reimport...[39m[0m
[  39% ] [90m[1mreimport[22m | Preparing files to reimport...[39m[0m
[  39% ] [90m[1mreimport[22m | Preparing files to reimport...[39m[0m
[  39% ] [90m[1mreimport[22m | Preparing files to reimport...[39m[0m
[  39% ] [90m[1mreimport[22m | Preparing files to reimport...[39m[0m
[  39% ] [90m[1mreimport[22m | Preparing files to reimport...[39m[0m
[  39% ] [90m[1mreimport[22m | Preparing files to reimport...[39m[0m
[  39% ] [90m[1mreimport[22m | Preparing files to reimport...[39m[0m
[  39% ] [90m[1mreimport[22m | Preparing files to reimport...[39m[0m
[  39% ] [90m[1mreimport[22m | Preparing files to reimport...[39m[0m
[  39% ] [90m[1mreimport[22m | Preparing files to reimport...[39m[0m
[  39% ] [90m[1mreimport[22m | Preparing files to reimport...[39m[0m
[  39% ] [90m[1mreimport[22m | Preparing files to reimport...[39m[0m
[  39% ] [90m[1mreimport[22m | Preparing files to reimport...[39m[0m
[  39% ] [90m[1mreimport[22m | Preparing files to reimport...[39m[0m
[  39% ] [90m[1mreimport[22m | Preparing files to reimport...[39m[0m
[  39% ] [90m[1mreimport[22m | Preparing files to reimport...[39m[0m
[  39% ] [90m[1mreimport[22m | Preparing files to reimport...[39m[0m
[  39% ] [90m[1mreimport[22m | Preparing files to reimport...[39m[0m
[  39% ] [90m[1mreimport[22m | Preparing files to reimport...[39m[0m
[  39% ] [90m[1mreimport[22m | Preparing files to reimport...[39m[0m
[  39% ] [90m[1mreimport[22m | Preparing files to reimport...[39m[0m
[  39% ] [90m[1mreimport[22m | Preparing files to reimport...[39m[0m
[  39% ] [90m[1mreimport[22m | Preparing files to reimport...[39m[0m
[  39% ] [90m[1mreimport[22m | Preparing files to reimport...[39m[0m
[  39% ] [90m[1mreimport[22m | Preparing files to reimport...[39m[0m
[  39% ] [90m[1mreimport[22m | Preparing files to reimport...[39m[0m
[  39% ] [90m[1mreimport[22m | Preparing files to reimport...[39m[0m
[  39% ] [90m[1mreimport[22m | Preparing files to reimport...[39m[0m
[  39% ] [90m[1mreimport[22m | Preparing files to reimport...[39m[0m
[  39% ] [90m[1mreimport[22m | Preparing files to reimport...[39m[0m
[  39% ] [90m[1mreimport[22m | Preparing files to reimport...[39m[0m
[  39% ] [90m[1mreimport[22m | Preparing files to reimport...[39m[0m
[  39% ] [90m[1mreimport[22m | Preparing files to reimport...[39m[0m
[  40% ] [90m[1mreimport[22m | Preparing files to reimport...[39m[0m
[  40% ] [90m[1mreimport[22m | Preparing files to reimport...[39m[0m
[  40% ] [90m[1mreimport[22m | Preparing files to reimport...[39m[0m
[  40% ] [90m[1mreimport[22m | Preparing files to reimport...[39m[0m
[  40% ] [90m[1mreimport[22m | Preparing files to reimport...[39m[0m
[  40% ] [90m[1mreimport[22m | Preparing files to reimport...[39m[0m
[  40% ] [90m[1mreimport[22m | Preparing files to reimport...[39m[0m
[  40% ] [90m[1mreimport[22m | Preparing files to reimport...[39m[0m
[  40% ] [90m[1mreimport[22m | Preparing files to reimport...[39m[0m
[  40% ] [90m[1mreimport[22m | Preparing files to reimport...[39m[0m
[  40% ] [90m[1mreimport[22m | Preparing files to reimport...[39m[0m
[  40% ] [90m[1mreimport[22m | Preparing files to reimport...[39m[0m
[  40% ] [90m[1mreimport[22m | Preparing files to reimport...[39m[0m
[  40% ] [90m[1mreimport[22m | Preparing files to reimport...[39m[0m
[  40% ] [90m[1mreimport[22m | Preparing files to reimport...[39m[0m
[  40% ] [90m[1mreimport[22m | Preparing files to reimport...[39m[0m
[  40% ] [90m[1mreimport[22m | Preparing files to reimport...[39m[0m
[  40% ] [90m[1mreimport[22m | Preparing files to reimport...[39m[0m
[  40% ] [90m[1mreimport[22m | Preparing files to reimport...[39m[0m
[  40% ] [90m[1mreimport[22m | Preparing files to reimport...[39m[0m
[  40% ] [90m[1mreimport[22m | Preparing files to reimport...[39m[0m
[  40% ] [90m[1mreimport[22m | Preparing files to reimport...[39m[0m
[  40% ] [90m[1mreimport[22m | Preparing files to reimport...[39m[0m
[  40% ] [90m[1mreimport[22m | Preparing files to reimport...[39m[0m
[  40% ] [90m[1mreimport[22m | Preparing files to reimport...[39m[0m
[  40% ] [90m[1mreimport[22m | Preparing files to reimport...[39m[0m
[  40% ] [90m[1mreimport[22m | Preparing files to reimport...[39m[0m
[  40% ] [90m[1mreimport[22m | Preparing files to reimport...[39m[0m
[  40% ] [90m[1mreimport[22m | Preparing files to reimport...[39m[0m
[  40% ] [90m[1mreimport[22m | Preparing files to reimport...[39m[0m
[  40% ] [90m[1mreimport[22m | Preparing files to reimport...[39m[0m
[  40% ] [90m[1mreimport[22m | Preparing files to reimport...[39m[0m
[  40% ] [90m[1mreimport[22m | Preparing files to reimport...[39m[0m
[  40% ] [90m[1mreimport[22m | Preparing files to reimport...[39m[0m
[  40% ] [90m[1mreimport[22m | Preparing files to reimport...[39m[0m
[  41% ] [90m[1mreimport[22m | Preparing files to reimport...[39m[0m
[  41% ] [90m[1mreimport[22m | Preparing files to reimport...[39m[0m
[  41% ] [90m[1mreimport[22m | Preparing files to reimport...[39m[0m
[  41% ] [90m[1mreimport[22m | Preparing files to reimport...[39m[0m
[  41% ] [90m[1mreimport[22m | Preparing files to reimport...[39m[0m
[  41% ] [90m[1mreimport[22m | Preparing files to reimport...[39m[0m
[  41% ] [90m[1mreimport[22m | Preparing files to reimport...[39m[0m
[  41% ] [90m[1mreimport[22m | Preparing files to reimport...[39m[0m
[  41% ] [90m[1mreimport[22m | Preparing files to reimport...[39m[0m
[  41% ] [90m[1mreimport[22m | Preparing files to reimport...[39m[0m
[  41% ] [90m[1mreimport[22m | Preparing files to reimport...[39m[0m
[  41% ] [90m[1mreimport[22m | Preparing files to reimport...[39m[0m
[  41% ] [90m[1mreimport[22m | Preparing files to reimport...[39m[0m
[  41% ] [90m[1mreimport[22m | Preparing files to reimport...[39m[0m
[  41% ] [90m[1mreimport[22m | Preparing files to reimport...[39m[0m
[  41% ] [90m[1mreimport[22m | Preparing files to reimport...[39m[0m
[  41% ] [90m[1mreimport[22m | Preparing files to reimport...[39m[0m
[  41% ] [90m[1mreimport[22m | Preparing files to reimport...[39m[0m
[  41% ] [90m[1mreimport[22m | Preparing files to reimport...[39m[0m
[  41% ] [90m[1mreimport[22m | Preparing files to reimport...[39m[0m
[  41% ] [90m[1mreimport[22m | Preparing files to reimport...[39m[0m
[  41% ] [90m[1mreimport[22m | Preparing files to reimport...[39m[0m
[  41% ] [90m[1mreimport[22m | Preparing files to reimport...[39m[0m
[  41% ] [90m[1mreimport[22m | Preparing files to reimport...[39m[0m
[  41% ] [90m[1mreimport[22m | Preparing files to reimport...[39m[0m
[  41% ] [90m[1mreimport[22m | Preparing files to reimport...[39m[0m
[  41% ] [90m[1mreimport[22m | Preparing files to reimport...[39m[0m
[  41% ] [90m[1mreimport[22m | Preparing files to reimport...[39m[0m
[  41% ] [90m[1mreimport[22m | Preparing files to reimport...[39m[0m
[  41% ] [90m[1mreimport[22m | Preparing files to reimport...[39m[0m
[  41% ] [90m[1mreimport[22m | Preparing files to reimport...[39m[0m
[  41% ] [90m[1mreimport[22m | Preparing files to reimport...[39m[0m
[  41% ] [90m[1mreimport[22m | Preparing files to reimport...[39m[0m
[  41% ] [90m[1mreimport[22m | Preparing files to reimport...[39m[0m
[  41% ] [90m[1mreimport[22m | Preparing files to reimport...[39m[0m
[  42% ] [90m[1mreimport[22m | Preparing files to reimport...[39m[0m
[  42% ] [90m[1mreimport[22m | Preparing files to reimport...[39m[0m
[  42% ] [90m[1mreimport[22m | Preparing files to reimport...[39m[0m
[  42% ] [90m[1mreimport[22m | Preparing files to reimport...[39m[0m
[  42% ] [90m[1mreimport[22m | Preparing files to reimport...[39m[0m
[  42% ] [90m[1mreimport[22m | Preparing files to reimport...[39m[0m
[  42% ] [90m[1mreimport[22m | Preparing files to reimport...[39m[0m
[  42% ] [90m[1mreimport[22m | Preparing files to reimport...[39m[0m
[  42% ] [90m[1mreimport[22m | Preparing files to reimport...[39m[0m
[  42% ] [90m[1mreimport[22m | Preparing files to reimport...[39m[0m
[  42% ] [90m[1mreimport[22m | Preparing files to reimport...[39m[0m
[  42% ] [90m[1mreimport[22m | Preparing files to reimport...[39m[0m
[  42% ] [90m[1mreimport[22m | Preparing files to reimport...[39m[0m
[  42% ] [90m[1mreimport[22m | Preparing files to reimport...[39m[0m
[  42% ] [90m[1mreimport[22m | Preparing files to reimport...[39m[0m
[  42% ] [90m[1mreimport[22m | Preparing files to reimport...[39m[0m
[  42% ] [90m[1mreimport[22m | Preparing files to reimport...[39m[0m
[  42% ] [90m[1mreimport[22m | Preparing files to reimport...[39m[0m
[  42% ] [90m[1mreimport[22m | Preparing files to reimport...[39m[0m
[  42% ] [90m[1mreimport[22m | Preparing files to reimport...[39m[0m
[  42% ] [90m[1mreimport[22m | Preparing files to reimport...[39m[0m
[  42% ] [90m[1mreimport[22m | Preparing files to reimport...[39m[0m
[  42% ] [90m[1mreimport[22m | Preparing files to reimport...[39m[0m
[  42% ] [90m[1mreimport[22m | Preparing files to reimport...[39m[0m
[  42% ] [90m[1mreimport[22m | Preparing files to reimport...[39m[0m
[  42% ] [90m[1mreimport[22m | Preparing files to reimport...[39m[0m
[  42% ] [90m[1mreimport[22m | Preparing files to reimport...[39m[0m
[  42% ] [90m[1mreimport[22m | Preparing files to reimport...[39m[0m
[  42% ] [90m[1mreimport[22m | Preparing files to reimport...[39m[0m
[  42% ] [90m[1mreimport[22m | Preparing files to reimport...[39m[0m
[  42% ] [90m[1mreimport[22m | Preparing files to reimport...[39m[0m
[  42% ] [90m[1mreimport[22m | Preparing files to reimport...[39m[0m
[  42% ] [90m[1mreimport[22m | Preparing files to reimport...[39m[0m
[  42% ] [90m[1mreimport[22m | Preparing files to reimport...[39m[0m
[  43% ] [90m[1mreimport[22m | Preparing files to reimport...[39m[0m
[  43% ] [90m[1mreimport[22m | Preparing files to reimport...[39m[0m
[  43% ] [90m[1mreimport[22m | Preparing files to reimport...[39m[0m
[  43% ] [90m[1mreimport[22m | Preparing files to reimport...[39m[0m
[  43% ] [90m[1mreimport[22m | Preparing files to reimport...[39m[0m
[  43% ] [90m[1mreimport[22m | Preparing files to reimport...[39m[0m
[  43% ] [90m[1mreimport[22m | Preparing files to reimport...[39m[0m
[  43% ] [90m[1mreimport[22m | Preparing files to reimport...[39m[0m
[  43% ] [90m[1mreimport[22m | Preparing files to reimport...[39m[0m
[  43% ] [90m[1mreimport[22m | Preparing files to reimport...[39m[0m
[  43% ] [90m[1mreimport[22m | Preparing files to reimport...[39m[0m
[  43% ] [90m[1mreimport[22m | Preparing files to reimport...[39m[0m
[  43% ] [90m[1mreimport[22m | Preparing files to reimport...[39m[0m
[  43% ] [90m[1mreimport[22m | Preparing files to reimport...[39m[0m
[  43% ] [90m[1mreimport[22m | Preparing files to reimport...[39m[0m
[  43% ] [90m[1mreimport[22m | Preparing files to reimport...[39m[0m
[  43% ] [90m[1mreimport[22m | Preparing files to reimport...[39m[0m
[  43% ] [90m[1mreimport[22m | Preparing files to reimport...[39m[0m
[  43% ] [90m[1mreimport[22m | Preparing files to reimport...[39m[0m
[  43% ] [90m[1mreimport[22m | Preparing files to reimport...[39m[0m
[  43% ] [90m[1mreimport[22m | Preparing files to reimport...[39m[0m
[  43% ] [90m[1mreimport[22m | Preparing files to reimport...[39m[0m
[  43% ] [90m[1mreimport[22m | Preparing files to reimport...[39m[0m
[  43% ] [90m[1mreimport[22m | Preparing files to reimport...[39m[0m
[  43% ] [90m[1mreimport[22m | Preparing files to reimport...[39m[0m
[  43% ] [90m[1mreimport[22m | Preparing files to reimport...[39m[0m
[  43% ] [90m[1mreimport[22m | Preparing files to reimport...[39m[0m
[  43% ] [90m[1mreimport[22m | Preparing files to reimport...[39m[0m
[  43% ] [90m[1mreimport[22m | Preparing files to reimport...[39m[0m
[  43% ] [90m[1mreimport[22m | Preparing files to reimport...[39m[0m
[  43% ] [90m[1mreimport[22m | Preparing files to reimport...[39m[0m
[  43% ] [90m[1mreimport[22m | Preparing files to reimport...[39m[0m
[  43% ] [90m[1mreimport[22m | Preparing files to reimport...[39m[0m
[  43% ] [90m[1mreimport[22m | Preparing files to reimport...[39m[0m
[  43% ] [90m[1mreimport[22m | Preparing files to reimport...[39m[0m
[  44% ] [90m[1mreimport[22m | Preparing files to reimport...[39m[0m
[  44% ] [90m[1mreimport[22m | Preparing files to reimport...[39m[0m
[  44% ] [90m[1mreimport[22m | Preparing files to reimport...[39m[0m
[  44% ] [90m[1mreimport[22m | Preparing files to reimport...[39m[0m
[  44% ] [90m[1mreimport[22m | Preparing files to reimport...[39m[0m
[  44% ] [90m[1mreimport[22m | Preparing files to reimport...[39m[0m
[  44% ] [90m[1mreimport[22m | Preparing files to reimport...[39m[0m
[  44% ] [90m[1mreimport[22m | Preparing files to reimport...[39m[0m
[  44% ] [90m[1mreimport[22m | Preparing files to reimport...[39m[0m
[  44% ] [90m[1mreimport[22m | Preparing files to reimport...[39m[0m
[  44% ] [90m[1mreimport[22m | Preparing files to reimport...[39m[0m
[  44% ] [90m[1mreimport[22m | Preparing files to reimport...[39m[0m
[  44% ] [90m[1mreimport[22m | Preparing files to reimport...[39m[0m
[  44% ] [90m[1mreimport[22m | Preparing files to reimport...[39m[0m
[  44% ] [90m[1mreimport[22m | Preparing files to reimport...[39m[0m
[  44% ] [90m[1mreimport[22m | Preparing files to reimport...[39m[0m
[  44% ] [90m[1mreimport[22m | Preparing files to reimport...[39m[0m
[  44% ] [90m[1mreimport[22m | Preparing files to reimport...[39m[0m
[  44% ] [90m[1mreimport[22m | Preparing files to reimport...[39m[0m
[  44% ] [90m[1mreimport[22m | Preparing files to reimport...[39m[0m
[  44% ] [90m[1mreimport[22m | Preparing files to reimport...[39m[0m
[  44% ] [90m[1mreimport[22m | Preparing files to reimport...[39m[0m
[  44% ] [90m[1mreimport[22m | Preparing files to reimport...[39m[0m
[  44% ] [90m[1mreimport[22m | Preparing files to reimport...[39m[0m
[  44% ] [90m[1mreimport[22m | Preparing files to reimport...[39m[0m
[  44% ] [90m[1mreimport[22m | Preparing files to reimport...[39m[0m
[  44% ] [90m[1mreimport[22m | Preparing files to reimport...[39m[0m
[  44% ] [90m[1mreimport[22m | Preparing files to reimport...[39m[0m
[  44% ] [90m[1mreimport[22m | Preparing files to reimport...[39m[0m
[  44% ] [90m[1mreimport[22m | Preparing files to reimport...[39m[0m
[  44% ] [90m[1mreimport[22m | Preparing files to reimport...[39m[0m
[  44% ] [90m[1mreimport[22m | Preparing files to reimport...[39m[0m
[  44% ] [90m[1mreimport[22m | Preparing files to reimport...[39m[0m
[  44% ] [90m[1mreimport[22m | Preparing files to reimport...[39m[0m
[  44% ] [90m[1mreimport[22m | Preparing files to reimport...[39m[0m
[  45% ] [90m[1mreimport[22m | Preparing files to reimport...[39m[0m
[  45% ] [90m[1mreimport[22m | Preparing files to reimport...[39m[0m
[  45% ] [90m[1mreimport[22m | Preparing files to reimport...[39m[0m
[  45% ] [90m[1mreimport[22m | Preparing files to reimport...[39m[0m
[  45% ] [90m[1mreimport[22m | Preparing files to reimport...[39m[0m
[  45% ] [90m[1mreimport[22m | Preparing files to reimport...[39m[0m
[  45% ] [90m[1mreimport[22m | Preparing files to reimport...[39m[0m
[  45% ] [90m[1mreimport[22m | Preparing files to reimport...[39m[0m
[  45% ] [90m[1mreimport[22m | Preparing files to reimport...[39m[0m
[  45% ] [90m[1mreimport[22m | Preparing files to reimport...[39m[0m
[  45% ] [90m[1mreimport[22m | Preparing files to reimport...[39m[0m
[  45% ] [90m[1mreimport[22m | Preparing files to reimport...[39m[0m
[  45% ] [90m[1mreimport[22m | Preparing files to reimport...[39m[0m
[  45% ] [90m[1mreimport[22m | Preparing files to reimport...[39m[0m
[  45% ] [90m[1mreimport[22m | Preparing files to reimport...[39m[0m
[  45% ] [90m[1mreimport[22m | Preparing files to reimport...[39m[0m
[  45% ] [90m[1mreimport[22m | Preparing files to reimport...[39m[0m
[  45% ] [90m[1mreimport[22m | Preparing files to reimport...[39m[0m
[  45% ] [90m[1mreimport[22m | Preparing files to reimport...[39m[0m
[  45% ] [90m[1mreimport[22m | Preparing files to reimport...[39m[0m
[  45% ] [90m[1mreimport[22m | Preparing files to reimport...[39m[0m
[  45% ] [90m[1mreimport[22m | Preparing files to reimport...[39m[0m
[  45% ] [90m[1mreimport[22m | Preparing files to reimport...[39m[0m
[  45% ] [90m[1mreimport[22m | Preparing files to reimport...[39m[0m
[  45% ] [90m[1mreimport[22m | Preparing files to reimport...[39m[0m
[  45% ] [90m[1mreimport[22m | Preparing files to reimport...[39m[0m
[  45% ] [90m[1mreimport[22m | Preparing files to reimport...[39m[0m
[  45% ] [90m[1mreimport[22m | Preparing files to reimport...[39m[0m
[  45% ] [90m[1mreimport[22m | Preparing files to reimport...[39m[0m
[  45% ] [90m[1mreimport[22m | Preparing files to reimport...[39m[0m
[  45% ] [90m[1mreimport[22m | Preparing files to reimport...[39m[0m
[  45% ] [90m[1mreimport[22m | Preparing files to reimport...[39m[0m
[  45% ] [90m[1mreimport[22m | Preparing files to reimport...[39m[0m
[  45% ] [90m[1mreimport[22m | Preparing files to reimport...[39m[0m
[  45% ] [90m[1mreimport[22m | Preparing files to reimport...[39m[0m
[  46% ] [90m[1mreimport[22m | Preparing files to reimport...[39m[0m
[  46% ] [90m[1mreimport[22m | Preparing files to reimport...[39m[0m
[  46% ] [90m[1mreimport[22m | Preparing files to reimport...[39m[0m
[  46% ] [90m[1mreimport[22m | Preparing files to reimport...[39m[0m
[  46% ] [90m[1mreimport[22m | Preparing files to reimport...[39m[0m
[  46% ] [90m[1mreimport[22m | Preparing files to reimport...[39m[0m
[  46% ] [90m[1mreimport[22m | Preparing files to reimport...[39m[0m
[  46% ] [90m[1mreimport[22m | Preparing files to reimport...[39m[0m
[  46% ] [90m[1mreimport[22m | Preparing files to reimport...[39m[0m
[  46% ] [90m[1mreimport[22m | Preparing files to reimport...[39m[0m
[  46% ] [90m[1mreimport[22m | Preparing files to reimport...[39m[0m
[  46% ] [90m[1mreimport[22m | Preparing files to reimport...[39m[0m
[  46% ] [90m[1mreimport[22m | Preparing files to reimport...[39m[0m
[  46% ] [90m[1mreimport[22m | Preparing files to reimport...[39m[0m
[  46% ] [90m[1mreimport[22m | Preparing files to reimport...[39m[0m
[  46% ] [90m[1mreimport[22m | Preparing files to reimport...[39m[0m
[  46% ] [90m[1mreimport[22m | Preparing files to reimport...[39m[0m
[  46% ] [90m[1mreimport[22m | Preparing files to reimport...[39m[0m
[  46% ] [90m[1mreimport[22m | Preparing files to reimport...[39m[0m
[  46% ] [90m[1mreimport[22m | Preparing files to reimport...[39m[0m
[  46% ] [90m[1mreimport[22m | Preparing files to reimport...[39m[0m
[  46% ] [90m[1mreimport[22m | Preparing files to reimport...[39m[0m
[  46% ] [90m[1mreimport[22m | Preparing files to reimport...[39m[0m
[  46% ] [90m[1mreimport[22m | Preparing files to reimport...[39m[0m
[  46% ] [90m[1mreimport[22m | Preparing files to reimport...[39m[0m
[  46% ] [90m[1mreimport[22m | Preparing files to reimport...[39m[0m
[  46% ] [90m[1mreimport[22m | Preparing files to reimport...[39m[0m
[  46% ] [90m[1mreimport[22m | Preparing files to reimport...[39m[0m
[  46% ] [90m[1mreimport[22m | Preparing files to reimport...[39m[0m
[  46% ] [90m[1mreimport[22m | Preparing files to reimport...[39m[0m
[  46% ] [90m[1mreimport[22m | Preparing files to reimport...[39m[0m
[  46% ] [90m[1mreimport[22m | Preparing files to reimport...[39m[0m
[  46% ] [90m[1mreimport[22m | Preparing files to reimport...[39m[0m
[  46% ] [90m[1mreimport[22m | Preparing files to reimport...[39m[0m
[  46% ] [90m[1mreimport[22m | Preparing files to reimport...[39m[0m
[  47% ] [90m[1mreimport[22m | Preparing files to reimport...[39m[0m
[  47% ] [90m[1mreimport[22m | Preparing files to reimport...[39m[0m
[  47% ] [90m[1mreimport[22m | Preparing files to reimport...[39m[0m
[  47% ] [90m[1mreimport[22m | Preparing files to reimport...[39m[0m
[  47% ] [90m[1mreimport[22m | Preparing files to reimport...[39m[0m
[  47% ] [90m[1mreimport[22m | Preparing files to reimport...[39m[0m
[  47% ] [90m[1mreimport[22m | Preparing files to reimport...[39m[0m
[  47% ] [90m[1mreimport[22m | Preparing files to reimport...[39m[0m
[  47% ] [90m[1mreimport[22m | Preparing files to reimport...[39m[0m
[  47% ] [90m[1mreimport[22m | Preparing files to reimport...[39m[0m
[  47% ] [90m[1mreimport[22m | Preparing files to reimport...[39m[0m
[  47% ] [90m[1mreimport[22m | Preparing files to reimport...[39m[0m
[  47% ] [90m[1mreimport[22m | Preparing files to reimport...[39m[0m
[  47% ] [90m[1mreimport[22m | Preparing files to reimport...[39m[0m
[  47% ] [90m[1mreimport[22m | Preparing files to reimport...[39m[0m
[  47% ] [90m[1mreimport[22m | Preparing files to reimport...[39m[0m
[  47% ] [90m[1mreimport[22m | Preparing files to reimport...[39m[0m
[  47% ] [90m[1mreimport[22m | Preparing files to reimport...[39m[0m
[  47% ] [90m[1mreimport[22m | Preparing files to reimport...[39m[0m
[  47% ] [90m[1mreimport[22m | Preparing files to reimport...[39m[0m
[  47% ] [90m[1mreimport[22m | Preparing files to reimport...[39m[0m
[  47% ] [90m[1mreimport[22m | Preparing files to reimport...[39m[0m
[  47% ] [90m[1mreimport[22m | Preparing files to reimport...[39m[0m
[  47% ] [90m[1mreimport[22m | Preparing files to reimport...[39m[0m
[  47% ] [90m[1mreimport[22m | Preparing files to reimport...[39m[0m
[  47% ] [90m[1mreimport[22m | Preparing files to reimport...[39m[0m
[  47% ] [90m[1mreimport[22m | Preparing files to reimport...[39m[0m
[  47% ] [90m[1mreimport[22m | Preparing files to reimport...[39m[0m
[  47% ] [90m[1mreimport[22m | Preparing files to reimport...[39m[0m
[  47% ] [90m[1mreimport[22m | Preparing files to reimport...[39m[0m
[  47% ] [90m[1mreimport[22m | Preparing files to reimport...[39m[0m
[  47% ] [90m[1mreimport[22m | Preparing files to reimport...[39m[0m
[  47% ] [90m[1mreimport[22m | Preparing files to reimport...[39m[0m
[  47% ] [90m[1mreimport[22m | Preparing files to reimport...[39m[0m
[  47% ] [90m[1mreimport[22m | Preparing files to reimport...[39m[0m
[  48% ] [90m[1mreimport[22m | Preparing files to reimport...[39m[0m
[  48% ] [90m[1mreimport[22m | Preparing files to reimport...[39m[0m
[  48% ] [90m[1mreimport[22m | Preparing files to reimport...[39m[0m
[  48% ] [90m[1mreimport[22m | Preparing files to reimport...[39m[0m
[  48% ] [90m[1mreimport[22m | Preparing files to reimport...[39m[0m
[  48% ] [90m[1mreimport[22m | Preparing files to reimport...[39m[0m
[  48% ] [90m[1mreimport[22m | Preparing files to reimport...[39m[0m
[  48% ] [90m[1mreimport[22m | Preparing files to reimport...[39m[0m
[  48% ] [90m[1mreimport[22m | Preparing files to reimport...[39m[0m
[  48% ] [90m[1mreimport[22m | Preparing files to reimport...[39m[0m
[  48% ] [90m[1mreimport[22m | Preparing files to reimport...[39m[0m
[  48% ] [90m[1mreimport[22m | Preparing files to reimport...[39m[0m
[  48% ] [90m[1mreimport[22m | Preparing files to reimport...[39m[0m
[  48% ] [90m[1mreimport[22m | Preparing files to reimport...[39m[0m
[  48% ] [90m[1mreimport[22m | Preparing files to reimport...[39m[0m
[  48% ] [90m[1mreimport[22m | Preparing files to reimport...[39m[0m
[  48% ] [90m[1mreimport[22m | Preparing files to reimport...[39m[0m
[  48% ] [90m[1mreimport[22m | Preparing files to reimport...[39m[0m
[  48% ] [90m[1mreimport[22m | Preparing files to reimport...[39m[0m
[  48% ] [90m[1mreimport[22m | Preparing files to reimport...[39m[0m
[  48% ] [90m[1mreimport[22m | Preparing files to reimport...[39m[0m
[  48% ] [90m[1mreimport[22m | Preparing files to reimport...[39m[0m
[  48% ] [90m[1mreimport[22m | Preparing files to reimport...[39m[0m
[  48% ] [90m[1mreimport[22m | Preparing files to reimport...[39m[0m
[  48% ] [90m[1mreimport[22m | Preparing files to reimport...[39m[0m
[  48% ] [90m[1mreimport[22m | Preparing files to reimport...[39m[0m
[  48% ] [90m[1mreimport[22m | Preparing files to reimport...[39m[0m
[  48% ] [90m[1mreimport[22m | Preparing files to reimport...[39m[0m
[  48% ] [90m[1mreimport[22m | Preparing files to reimport...[39m[0m
[  48% ] [90m[1mreimport[22m | Preparing files to reimport...[39m[0m
[  48% ] [90m[1mreimport[22m | Preparing files to reimport...[39m[0m
[  48% ] [90m[1mreimport[22m | Preparing files to reimport...[39m[0m
[  48% ] [90m[1mreimport[22m | Preparing files to reimport...[39m[0m
[  48% ] [90m[1mreimport[22m | Preparing files to reimport...[39m[0m
[  48% ] [90m[1mreimport[22m | Preparing files to reimport...[39m[0m
[  49% ] [90m[1mreimport[22m | Preparing files to reimport...[39m[0m
[  49% ] [90m[1mreimport[22m | Preparing files to reimport...[39m[0m
[  49% ] [90m[1mreimport[22m | Preparing files to reimport...[39m[0m
[  49% ] [90m[1mreimport[22m | Preparing files to reimport...[39m[0m
[  49% ] [90m[1mreimport[22m | Preparing files to reimport...[39m[0m
[  49% ] [90m[1mreimport[22m | Preparing files to reimport...[39m[0m
[  49% ] [90m[1mreimport[22m | Preparing files to reimport...[39m[0m
[  49% ] [90m[1mreimport[22m | Preparing files to reimport...[39m[0m
[  49% ] [90m[1mreimport[22m | Preparing files to reimport...[39m[0m
[  49% ] [90m[1mreimport[22m | Preparing files to reimport...[39m[0m
[  49% ] [90m[1mreimport[22m | Preparing files to reimport...[39m[0m
[  49% ] [90m[1mreimport[22m | Preparing files to reimport...[39m[0m
[  49% ] [90m[1mreimport[22m | Preparing files to reimport...[39m[0m
[  49% ] [90m[1mreimport[22m | Preparing files to reimport...[39m[0m
[  49% ] [90m[1mreimport[22m | Preparing files to reimport...[39m[0m
[  49% ] [90m[1mreimport[22m | Preparing files to reimport...[39m[0m
[  49% ] [90m[1mreimport[22m | Preparing files to reimport...[39m[0m
[  49% ] [90m[1mreimport[22m | Preparing files to reimport...[39m[0m
[  49% ] [90m[1mreimport[22m | Preparing files to reimport...[39m[0m
[  49% ] [90m[1mreimport[22m | Preparing files to reimport...[39m[0m
[  49% ] [90m[1mreimport[22m | Preparing files to reimport...[39m[0m
[  49% ] [90m[1mreimport[22m | Preparing files to reimport...[39m[0m
[  49% ] [90m[1mreimport[22m | Preparing files to reimport...[39m[0m
[  49% ] [90m[1mreimport[22m | Preparing files to reimport...[39m[0m
[  49% ] [90m[1mreimport[22m | Preparing files to reimport...[39m[0m
[  49% ] [90m[1mreimport[22m | Preparing files to reimport...[39m[0m
[  49% ] [90m[1mreimport[22m | Preparing files to reimport...[39m[0m
[  49% ] [90m[1mreimport[22m | Preparing files to reimport...[39m[0m
[  49% ] [90m[1mreimport[22m | Preparing files to reimport...[39m[0m
[  49% ] [90m[1mreimport[22m | Preparing files to reimport...[39m[0m
[  49% ] [90m[1mreimport[22m | Preparing files to reimport...[39m[0m
[  49% ] [90m[1mreimport[22m | Preparing files to reimport...[39m[0m
[  49% ] [90m[1mreimport[22m | Preparing files to reimport...[39m[0m
[  49% ] [90m[1mreimport[22m | Preparing files to reimport...[39m[0m
[  49% ] [90m[1mreimport[22m | Preparing files to reimport...[39m[0m
[  50% ] [90m[1mreimport[22m | Preparing files to reimport...[39m[0m
[  50% ] [90m[1mreimport[22m | Preparing files to reimport...[39m[0m
[  50% ] [90m[1mreimport[22m | Preparing files to reimport...[39m[0m
[  50% ] [90m[1mreimport[22m | Preparing files to reimport...[39m[0m
[  50% ] [90m[1mreimport[22m | Preparing files to reimport...[39m[0m
[  50% ] [90m[1mreimport[22m | Preparing files to reimport...[39m[0m
[  50% ] [90m[1mreimport[22m | Preparing files to reimport...[39m[0m
[  50% ] [90m[1mreimport[22m | Preparing files to reimport...[39m[0m
[  50% ] [90m[1mreimport[22m | Preparing files to reimport...[39m[0m
[  50% ] [90m[1mreimport[22m | Preparing files to reimport...[39m[0m
[  50% ] [90m[1mreimport[22m | Preparing files to reimport...[39m[0m
[  50% ] [90m[1mreimport[22m | Preparing files to reimport...[39m[0m
[  50% ] [90m[1mreimport[22m | Preparing files to reimport...[39m[0m
[  50% ] [90m[1mreimport[22m | Preparing files to reimport...[39m[0m
[  50% ] [90m[1mreimport[22m | Preparing files to reimport...[39m[0m
[  50% ] [90m[1mreimport[22m | Preparing files to reimport...[39m[0m
[  50% ] [90m[1mreimport[22m | Preparing files to reimport...[39m[0m
[  50% ] [90m[1mreimport[22m | Preparing files to reimport...[39m[0m
[  50% ] [90m[1mreimport[22m | Preparing files to reimport...[39m[0m
[  50% ] [90m[1mreimport[22m | Preparing files to reimport...[39m[0m
[  50% ] [90m[1mreimport[22m | Preparing files to reimport...[39m[0m
[  50% ] [90m[1mreimport[22m | Preparing files to reimport...[39m[0m
[  50% ] [90m[1mreimport[22m | Preparing files to reimport...[39m[0m
[  50% ] [90m[1mreimport[22m | Preparing files to reimport...[39m[0m
[  50% ] [90m[1mreimport[22m | Preparing files to reimport...[39m[0m
[  50% ] [90m[1mreimport[22m | Preparing files to reimport...[39m[0m
[  50% ] [90m[1mreimport[22m | Preparing files to reimport...[39m[0m
[  50% ] [90m[1mreimport[22m | Preparing files to reimport...[39m[0m
[  50% ] [90m[1mreimport[22m | Preparing files to reimport...[39m[0m
[  50% ] [90m[1mreimport[22m | Preparing files to reimport...[39m[0m
[  50% ] [90m[1mreimport[22m | Preparing files to reimport...[39m[0m
[  50% ] [90m[1mreimport[22m | Preparing files to reimport...[39m[0m
[  50% ] [90m[1mreimport[22m | Preparing files to reimport...[39m[0m
[  50% ] [90m[1mreimport[22m | Preparing files to reimport...[39m[0m
[  50% ] [90m[1mreimport[22m | Preparing files to reimport...[39m[0m
[  51% ] [90m[1mreimport[22m | Preparing files to reimport...[39m[0m
[  51% ] [90m[1mreimport[22m | Preparing files to reimport...[39m[0m
[  51% ] [90m[1mreimport[22m | Preparing files to reimport...[39m[0m
[  51% ] [90m[1mreimport[22m | Preparing files to reimport...[39m[0m
[  51% ] [90m[1mreimport[22m | Preparing files to reimport...[39m[0m
[  51% ] [90m[1mreimport[22m | Preparing files to reimport...[39m[0m
[  51% ] [90m[1mreimport[22m | Preparing files to reimport...[39m[0m
[  51% ] [90m[1mreimport[22m | Preparing files to reimport...[39m[0m
[  51% ] [90m[1mreimport[22m | Preparing files to reimport...[39m[0m
[  51% ] [90m[1mreimport[22m | Preparing files to reimport...[39m[0m
[  51% ] [90m[1mreimport[22m | Preparing files to reimport...[39m[0m
[  51% ] [90m[1mreimport[22m | Preparing files to reimport...[39m[0m
[  51% ] [90m[1mreimport[22m | Preparing files to reimport...[39m[0m
[  51% ] [90m[1mreimport[22m | Preparing files to reimport...[39m[0m
[  51% ] [90m[1mreimport[22m | Preparing files to reimport...[39m[0m
[  51% ] [90m[1mreimport[22m | Preparing files to reimport...[39m[0m
[  51% ] [90m[1mreimport[22m | Preparing files to reimport...[39m[0m
[  51% ] [90m[1mreimport[22m | Preparing files to reimport...[39m[0m
[  51% ] [90m[1mreimport[22m | Preparing files to reimport...[39m[0m
[  51% ] [90m[1mreimport[22m | Preparing files to reimport...[39m[0m
[  51% ] [90m[1mreimport[22m | Preparing files to reimport...[39m[0m
[  51% ] [90m[1mreimport[22m | Preparing files to reimport...[39m[0m
[  51% ] [90m[1mreimport[22m | Preparing files to reimport...[39m[0m
[  51% ] [90m[1mreimport[22m | Preparing files to reimport...[39m[0m
[  51% ] [90m[1mreimport[22m | Preparing files to reimport...[39m[0m
[  51% ] [90m[1mreimport[22m | Preparing files to reimport...[39m[0m
[  51% ] [90m[1mreimport[22m | Preparing files to reimport...[39m[0m
[  51% ] [90m[1mreimport[22m | Preparing files to reimport...[39m[0m
[  51% ] [90m[1mreimport[22m | Preparing files to reimport...[39m[0m
[  51% ] [90m[1mreimport[22m | Preparing files to reimport...[39m[0m
[  51% ] [90m[1mreimport[22m | Preparing files to reimport...[39m[0m
[  51% ] [90m[1mreimport[22m | Preparing files to reimport...[39m[0m
[  51% ] [90m[1mreimport[22m | Preparing files to reimport...[39m[0m
[  51% ] [90m[1mreimport[22m | Preparing files to reimport...[39m[0m
[  51% ] [90m[1mreimport[22m | Preparing files to reimport...[39m[0m
[  52% ] [90m[1mreimport[22m | Preparing files to reimport...[39m[0m
[  52% ] [90m[1mreimport[22m | Preparing files to reimport...[39m[0m
[  52% ] [90m[1mreimport[22m | Preparing files to reimport...[39m[0m
[  52% ] [90m[1mreimport[22m | Preparing files to reimport...[39m[0m
[  52% ] [90m[1mreimport[22m | Preparing files to reimport...[39m[0m
[  52% ] [90m[1mreimport[22m | Preparing files to reimport...[39m[0m
[  52% ] [90m[1mreimport[22m | Preparing files to reimport...[39m[0m
[  52% ] [90m[1mreimport[22m | Preparing files to reimport...[39m[0m
[  52% ] [90m[1mreimport[22m | Preparing files to reimport...[39m[0m
[  52% ] [90m[1mreimport[22m | Preparing files to reimport...[39m[0m
[  52% ] [90m[1mreimport[22m | Preparing files to reimport...[39m[0m
[  52% ] [90m[1mreimport[22m | Preparing files to reimport...[39m[0m
[  52% ] [90m[1mreimport[22m | Preparing files to reimport...[39m[0m
[  52% ] [90m[1mreimport[22m | Preparing files to reimport...[39m[0m
[  52% ] [90m[1mreimport[22m | Preparing files to reimport...[39m[0m
[  52% ] [90m[1mreimport[22m | Preparing files to reimport...[39m[0m
[  52% ] [90m[1mreimport[22m | Preparing files to reimport...[39m[0m
[  52% ] [90m[1mreimport[22m | Preparing files to reimport...[39m[0m
[  52% ] [90m[1mreimport[22m | Preparing files to reimport...[39m[0m
[  52% ] [90m[1mreimport[22m | Preparing files to reimport...[39m[0m
[  52% ] [90m[1mreimport[22m | Preparing files to reimport...[39m[0m
[  52% ] [90m[1mreimport[22m | Preparing files to reimport...[39m[0m
[  52% ] [90m[1mreimport[22m | Preparing files to reimport...[39m[0m
[  52% ] [90m[1mreimport[22m | Preparing files to reimport...[39m[0m
[  52% ] [90m[1mreimport[22m | Preparing files to reimport...[39m[0m
[  52% ] [90m[1mreimport[22m | Preparing files to reimport...[39m[0m
[  52% ] [90m[1mreimport[22m | Preparing files to reimport...[39m[0m
[  52% ] [90m[1mreimport[22m | Preparing files to reimport...[39m[0m
[  52% ] [90m[1mreimport[22m | Preparing files to reimport...[39m[0m
[  52% ] [90m[1mreimport[22m | Preparing files to reimport...[39m[0m
[  52% ] [90m[1mreimport[22m | Preparing files to reimport...[39m[0m
[  52% ] [90m[1mreimport[22m | Preparing files to reimport...[39m[0m
[  52% ] [90m[1mreimport[22m | Preparing files to reimport...[39m[0m
[  52% ] [90m[1mreimport[22m | Preparing files to reimport...[39m[0m
[  52% ] [90m[1mreimport[22m | Preparing files to reimport...[39m[0m
[  53% ] [90m[1mreimport[22m | Preparing files to reimport...[39m[0m
[  53% ] [90m[1mreimport[22m | Preparing files to reimport...[39m[0m
[  53% ] [90m[1mreimport[22m | Preparing files to reimport...[39m[0m
[  53% ] [90m[1mreimport[22m | Preparing files to reimport...[39m[0m
[  53% ] [90m[1mreimport[22m | Preparing files to reimport...[39m[0m
[  53% ] [90m[1mreimport[22m | Preparing files to reimport...[39m[0m
[  53% ] [90m[1mreimport[22m | Preparing files to reimport...[39m[0m
[  53% ] [90m[1mreimport[22m | Preparing files to reimport...[39m[0m
[  53% ] [90m[1mreimport[22m | Preparing files to reimport...[39m[0m
[  53% ] [90m[1mreimport[22m | Preparing files to reimport...[39m[0m
[  53% ] [90m[1mreimport[22m | Preparing files to reimport...[39m[0m
[  53% ] [90m[1mreimport[22m | Preparing files to reimport...[39m[0m
[  53% ] [90m[1mreimport[22m | Preparing files to reimport...[39m[0m
[  53% ] [90m[1mreimport[22m | Preparing files to reimport...[39m[0m
[  53% ] [90m[1mreimport[22m | Preparing files to reimport...[39m[0m
[  53% ] [90m[1mreimport[22m | Preparing files to reimport...[39m[0m
[  53% ] [90m[1mreimport[22m | Preparing files to reimport...[39m[0m
[  53% ] [90m[1mreimport[22m | Preparing files to reimport...[39m[0m
[  53% ] [90m[1mreimport[22m | Preparing files to reimport...[39m[0m
[  53% ] [90m[1mreimport[22m | Preparing files to reimport...[39m[0m
[  53% ] [90m[1mreimport[22m | Preparing files to reimport...[39m[0m
[  53% ] [90m[1mreimport[22m | Preparing files to reimport...[39m[0m
[  53% ] [90m[1mreimport[22m | Preparing files to reimport...[39m[0m
[  53% ] [90m[1mreimport[22m | Preparing files to reimport...[39m[0m
[  53% ] [90m[1mreimport[22m | Preparing files to reimport...[39m[0m
[  53% ] [90m[1mreimport[22m | Preparing files to reimport...[39m[0m
[  53% ] [90m[1mreimport[22m | Preparing files to reimport...[39m[0m
[  53% ] [90m[1mreimport[22m | Preparing files to reimport...[39m[0m
[  53% ] [90m[1mreimport[22m | Preparing files to reimport...[39m[0m
[  53% ] [90m[1mreimport[22m | Preparing files to reimport...[39m[0m
[  53% ] [90m[1mreimport[22m | Preparing files to reimport...[39m[0m
[  53% ] [90m[1mreimport[22m | Preparing files to reimport...[39m[0m
[  53% ] [90m[1mreimport[22m | Preparing files to reimport...[39m[0m
[  53% ] [90m[1mreimport[22m | Preparing files to reimport...[39m[0m
[  53% ] [90m[1mreimport[22m | Preparing files to reimport...[39m[0m
[  54% ] [90m[1mreimport[22m | Preparing files to reimport...[39m[0m
[  54% ] [90m[1mreimport[22m | Preparing files to reimport...[39m[0m
[  54% ] [90m[1mreimport[22m | Preparing files to reimport...[39m[0m
[  54% ] [90m[1mreimport[22m | Preparing files to reimport...[39m[0m
[  54% ] [90m[1mreimport[22m | Preparing files to reimport...[39m[0m
[  54% ] [90m[1mreimport[22m | Preparing files to reimport...[39m[0m
[  54% ] [90m[1mreimport[22m | Preparing files to reimport...[39m[0m
[  54% ] [90m[1mreimport[22m | Preparing files to reimport...[39m[0m
[  54% ] [90m[1mreimport[22m | Preparing files to reimport...[39m[0m
[  54% ] [90m[1mreimport[22m | Preparing files to reimport...[39m[0m
[  54% ] [90m[1mreimport[22m | Preparing files to reimport...[39m[0m
[  54% ] [90m[1mreimport[22m | Preparing files to reimport...[39m[0m
[  54% ] [90m[1mreimport[22m | Preparing files to reimport...[39m[0m
[  54% ] [90m[1mreimport[22m | Preparing files to reimport...[39m[0m
[  54% ] [90m[1mreimport[22m | Preparing files to reimport...[39m[0m
[  54% ] [90m[1mreimport[22m | Preparing files to reimport...[39m[0m
[  54% ] [90m[1mreimport[22m | Preparing files to reimport...[39m[0m
[  54% ] [90m[1mreimport[22m | Preparing files to reimport...[39m[0m
[  54% ] [90m[1mreimport[22m | Preparing files to reimport...[39m[0m
[  54% ] [90m[1mreimport[22m | Preparing files to reimport...[39m[0m
[  54% ] [90m[1mreimport[22m | Preparing files to reimport...[39m[0m
[  54% ] [90m[1mreimport[22m | Preparing files to reimport...[39m[0m
[  54% ] [90m[1mreimport[22m | Preparing files to reimport...[39m[0m
[  54% ] [90m[1mreimport[22m | Preparing files to reimport...[39m[0m
[  54% ] [90m[1mreimport[22m | Preparing files to reimport...[39m[0m
[  54% ] [90m[1mreimport[22m | Preparing files to reimport...[39m[0m
[  54% ] [90m[1mreimport[22m | Preparing files to reimport...[39m[0m
[  54% ] [90m[1mreimport[22m | Preparing files to reimport...[39m[0m
[  54% ] [90m[1mreimport[22m | Preparing files to reimport...[39m[0m
[  54% ] [90m[1mreimport[22m | Preparing files to reimport...[39m[0m
[  54% ] [90m[1mreimport[22m | Preparing files to reimport...[39m[0m
[  54% ] [90m[1mreimport[22m | Preparing files to reimport...[39m[0m
[  54% ] [90m[1mreimport[22m | Preparing files to reimport...[39m[0m
[  54% ] [90m[1mreimport[22m | Preparing files to reimport...[39m[0m
[  54% ] [90m[1mreimport[22m | Preparing files to reimport...[39m[0m
[  55% ] [90m[1mreimport[22m | Preparing files to reimport...[39m[0m
[  55% ] [90m[1mreimport[22m | Preparing files to reimport...[39m[0m
[  55% ] [90m[1mreimport[22m | Preparing files to reimport...[39m[0m
[  55% ] [90m[1mreimport[22m | Preparing files to reimport...[39m[0m
[  55% ] [90m[1mreimport[22m | Preparing files to reimport...[39m[0m
[  55% ] [90m[1mreimport[22m | Preparing files to reimport...[39m[0m
[  55% ] [90m[1mreimport[22m | Preparing files to reimport...[39m[0m
[  55% ] [90m[1mreimport[22m | Preparing files to reimport...[39m[0m
[  55% ] [90m[1mreimport[22m | Preparing files to reimport...[39m[0m
[  55% ] [90m[1mreimport[22m | Preparing files to reimport...[39m[0m
[  55% ] [90m[1mreimport[22m | Preparing files to reimport...[39m[0m
[  55% ] [90m[1mreimport[22m | Preparing files to reimport...[39m[0m
[  55% ] [90m[1mreimport[22m | Preparing files to reimport...[39m[0m
[  55% ] [90m[1mreimport[22m | Preparing files to reimport...[39m[0m
[  55% ] [90m[1mreimport[22m | Preparing files to reimport...[39m[0m
[  55% ] [90m[1mreimport[22m | Preparing files to reimport...[39m[0m
[  55% ] [90m[1mreimport[22m | Preparing files to reimport...[39m[0m
[  55% ] [90m[1mreimport[22m | Preparing files to reimport...[39m[0m
[  55% ] [90m[1mreimport[22m | Preparing files to reimport...[39m[0m
[  55% ] [90m[1mreimport[22m | Preparing files to reimport...[39m[0m
[  55% ] [90m[1mreimport[22m | Preparing files to reimport...[39m[0m
[  55% ] [90m[1mreimport[22m | Preparing files to reimport...[39m[0m
[  55% ] [90m[1mreimport[22m | Preparing files to reimport...[39m[0m
[  55% ] [90m[1mreimport[22m | Preparing files to reimport...[39m[0m
[  55% ] [90m[1mreimport[22m | Preparing files to reimport...[39m[0m
[  55% ] [90m[1mreimport[22m | Preparing files to reimport...[39m[0m
[  55% ] [90m[1mreimport[22m | Preparing files to reimport...[39m[0m
[  55% ] [90m[1mreimport[22m | Preparing files to reimport...[39m[0m
[  55% ] [90m[1mreimport[22m | Preparing files to reimport...[39m[0m
[  55% ] [90m[1mreimport[22m | Preparing files to reimport...[39m[0m
[  55% ] [90m[1mreimport[22m | Preparing files to reimport...[39m[0m
[  55% ] [90m[1mreimport[22m | Preparing files to reimport...[39m[0m
[  55% ] [90m[1mreimport[22m | Preparing files to reimport...[39m[0m
[  55% ] [90m[1mreimport[22m | Preparing files to reimport...[39m[0m
[  55% ] [90m[1mreimport[22m | Preparing files to reimport...[39m[0m
[  56% ] [90m[1mreimport[22m | Preparing files to reimport...[39m[0m
[  56% ] [90m[1mreimport[22m | Preparing files to reimport...[39m[0m
[  56% ] [90m[1mreimport[22m | Preparing files to reimport...[39m[0m
[  56% ] [90m[1mreimport[22m | Preparing files to reimport...[39m[0m
[  56% ] [90m[1mreimport[22m | Preparing files to reimport...[39m[0m
[  56% ] [90m[1mreimport[22m | Preparing files to reimport...[39m[0m
[  56% ] [90m[1mreimport[22m | Preparing files to reimport...[39m[0m
[  56% ] [90m[1mreimport[22m | Preparing files to reimport...[39m[0m
[  56% ] [90m[1mreimport[22m | Preparing files to reimport...[39m[0m
[  56% ] [90m[1mreimport[22m | Preparing files to reimport...[39m[0m
[  56% ] [90m[1mreimport[22m | Preparing files to reimport...[39m[0m
[  56% ] [90m[1mreimport[22m | Preparing files to reimport...[39m[0m
[  56% ] [90m[1mreimport[22m | Preparing files to reimport...[39m[0m
[  56% ] [90m[1mreimport[22m | Preparing files to reimport...[39m[0m
[  56% ] [90m[1mreimport[22m | Preparing files to reimport...[39m[0m
[  56% ] [90m[1mreimport[22m | Preparing files to reimport...[39m[0m
[  56% ] [90m[1mreimport[22m | Preparing files to reimport...[39m[0m
[  56% ] [90m[1mreimport[22m | Preparing files to reimport...[39m[0m
[  56% ] [90m[1mreimport[22m | Preparing files to reimport...[39m[0m
[  56% ] [90m[1mreimport[22m | Preparing files to reimport...[39m[0m
[  56% ] [90m[1mreimport[22m | Preparing files to reimport...[39m[0m
[  56% ] [90m[1mreimport[22m | Preparing files to reimport...[39m[0m
[  56% ] [90m[1mreimport[22m | Preparing files to reimport...[39m[0m
[  56% ] [90m[1mreimport[22m | Preparing files to reimport...[39m[0m
[  56% ] [90m[1mreimport[22m | Preparing files to reimport...[39m[0m
[  56% ] [90m[1mreimport[22m | Preparing files to reimport...[39m[0m
[  56% ] [90m[1mreimport[22m | Preparing files to reimport...[39m[0m
[  56% ] [90m[1mreimport[22m | Preparing files to reimport...[39m[0m
[  56% ] [90m[1mreimport[22m | Preparing files to reimport...[39m[0m
[  56% ] [90m[1mreimport[22m | Preparing files to reimport...[39m[0m
[  56% ] [90m[1mreimport[22m | Preparing files to reimport...[39m[0m
[  56% ] [90m[1mreimport[22m | Preparing files to reimport...[39m[0m
[  56% ] [90m[1mreimport[22m | Preparing files to reimport...[39m[0m
[  56% ] [90m[1mreimport[22m | Preparing files to reimport...[39m[0m
[  56% ] [90m[1mreimport[22m | Preparing files to reimport...[39m[0m
[  57% ] [90m[1mreimport[22m | Preparing files to reimport...[39m[0m
[  57% ] [90m[1mreimport[22m | Preparing files to reimport...[39m[0m
[  57% ] [90m[1mreimport[22m | Preparing files to reimport...[39m[0m
[  57% ] [90m[1mreimport[22m | Preparing files to reimport...[39m[0m
[  57% ] [90m[1mreimport[22m | Preparing files to reimport...[39m[0m
[  57% ] [90m[1mreimport[22m | Preparing files to reimport...[39m[0m
[  57% ] [90m[1mreimport[22m | Preparing files to reimport...[39m[0m
[  57% ] [90m[1mreimport[22m | Preparing files to reimport...[39m[0m
[  57% ] [90m[1mreimport[22m | Preparing files to reimport...[39m[0m
[  57% ] [90m[1mreimport[22m | Preparing files to reimport...[39m[0m
[  57% ] [90m[1mreimport[22m | Preparing files to reimport...[39m[0m
[  57% ] [90m[1mreimport[22m | Preparing files to reimport...[39m[0m
[  57% ] [90m[1mreimport[22m | Preparing files to reimport...[39m[0m
[  57% ] [90m[1mreimport[22m | Preparing files to reimport...[39m[0m
[  57% ] [90m[1mreimport[22m | Preparing files to reimport...[39m[0m
[  57% ] [90m[1mreimport[22m | Preparing files to reimport...[39m[0m
[  57% ] [90m[1mreimport[22m | Preparing files to reimport...[39m[0m
[  57% ] [90m[1mreimport[22m | Preparing files to reimport...[39m[0m
[  57% ] [90m[1mreimport[22m | Preparing files to reimport...[39m[0m
[  57% ] [90m[1mreimport[22m | Preparing files to reimport...[39m[0m
[  57% ] [90m[1mreimport[22m | Preparing files to reimport...[39m[0m
[  57% ] [90m[1mreimport[22m | Preparing files to reimport...[39m[0m
[  57% ] [90m[1mreimport[22m | Preparing files to reimport...[39m[0m
[  57% ] [90m[1mreimport[22m | Preparing files to reimport...[39m[0m
[  57% ] [90m[1mreimport[22m | Preparing files to reimport...[39m[0m
[  57% ] [90m[1mreimport[22m | Preparing files to reimport...[39m[0m
[  57% ] [90m[1mreimport[22m | Preparing files to reimport...[39m[0m
[  57% ] [90m[1mreimport[22m | Preparing files to reimport...[39m[0m
[  57% ] [90m[1mreimport[22m | Preparing files to reimport...[39m[0m
[  57% ] [90m[1mreimport[22m | Preparing files to reimport...[39m[0m
[  57% ] [90m[1mreimport[22m | Preparing files to reimport...[39m[0m
[  57% ] [90m[1mreimport[22m | Preparing files to reimport...[39m[0m
[  57% ] [90m[1mreimport[22m | Preparing files to reimport...[39m[0m
[  57% ] [90m[1mreimport[22m | Preparing files to reimport...[39m[0m
[  58% ] [90m[1mreimport[22m | Preparing files to reimport...[39m[0m
[  58% ] [90m[1mreimport[22m | Preparing files to reimport...[39m[0m
[  58% ] [90m[1mreimport[22m | Preparing files to reimport...[39m[0m
[  58% ] [90m[1mreimport[22m | Preparing files to reimport...[39m[0m
[  58% ] [90m[1mreimport[22m | Preparing files to reimport...[39m[0m
[  58% ] [90m[1mreimport[22m | Preparing files to reimport...[39m[0m
[  58% ] [90m[1mreimport[22m | Preparing files to reimport...[39m[0m
[  58% ] [90m[1mreimport[22m | Preparing files to reimport...[39m[0m
[  58% ] [90m[1mreimport[22m | Preparing files to reimport...[39m[0m
[  58% ] [90m[1mreimport[22m | Preparing files to reimport...[39m[0m
[  58% ] [90m[1mreimport[22m | Preparing files to reimport...[39m[0m
[  58% ] [90m[1mreimport[22m | Preparing files to reimport...[39m[0m
[  58% ] [90m[1mreimport[22m | Preparing files to reimport...[39m[0m
[  58% ] [90m[1mreimport[22m | Preparing files to reimport...[39m[0m
[  58% ] [90m[1mreimport[22m | Preparing files to reimport...[39m[0m
[  58% ] [90m[1mreimport[22m | Preparing files to reimport...[39m[0m
[  58% ] [90m[1mreimport[22m | Preparing files to reimport...[39m[0m
[  58% ] [90m[1mreimport[22m | Preparing files to reimport...[39m[0m
[  58% ] [90m[1mreimport[22m | Preparing files to reimport...[39m[0m
[  58% ] [90m[1mreimport[22m | Preparing files to reimport...[39m[0m
[  58% ] [90m[1mreimport[22m | Preparing files to reimport...[39m[0m
[  58% ] [90m[1mreimport[22m | Preparing files to reimport...[39m[0m
[  58% ] [90m[1mreimport[22m | Preparing files to reimport...[39m[0m
[  58% ] [90m[1mreimport[22m | Preparing files to reimport...[39m[0m
[  58% ] [90m[1mreimport[22m | Preparing files to reimport...[39m[0m
[  58% ] [90m[1mreimport[22m | Preparing files to reimport...[39m[0m
[  58% ] [90m[1mreimport[22m | Preparing files to reimport...[39m[0m
[  58% ] [90m[1mreimport[22m | Preparing files to reimport...[39m[0m
[  58% ] [90m[1mreimport[22m | Preparing files to reimport...[39m[0m
[  58% ] [90m[1mreimport[22m | Preparing files to reimport...[39m[0m
[  58% ] [90m[1mreimport[22m | Preparing files to reimport...[39m[0m
[  58% ] [90m[1mreimport[22m | Preparing files to reimport...[39m[0m
[  58% ] [90m[1mreimport[22m | Preparing files to reimport...[39m[0m
[  58% ] [90m[1mreimport[22m | Preparing files to reimport...[39m[0m
[  58% ] [90m[1mreimport[22m | Preparing files to reimport...[39m[0m
[  59% ] [90m[1mreimport[22m | Preparing files to reimport...[39m[0m
[  59% ] [90m[1mreimport[22m | Preparing files to reimport...[39m[0m
[  59% ] [90m[1mreimport[22m | Preparing files to reimport...[39m[0m
[  59% ] [90m[1mreimport[22m | Preparing files to reimport...[39m[0m
[  59% ] [90m[1mreimport[22m | Preparing files to reimport...[39m[0m
[  59% ] [90m[1mreimport[22m | Preparing files to reimport...[39m[0m
[  59% ] [90m[1mreimport[22m | Preparing files to reimport...[39m[0m
[  59% ] [90m[1mreimport[22m | Preparing files to reimport...[39m[0m
[  59% ] [90m[1mreimport[22m | Preparing files to reimport...[39m[0m
[  59% ] [90m[1mreimport[22m | Preparing files to reimport...[39m[0m
[  59% ] [90m[1mreimport[22m | Preparing files to reimport...[39m[0m
[  59% ] [90m[1mreimport[22m | Preparing files to reimport...[39m[0m
[  59% ] [90m[1mreimport[22m | Preparing files to reimport...[39m[0m
[  59% ] [90m[1mreimport[22m | Preparing files to reimport...[39m[0m
[  59% ] [90m[1mreimport[22m | Preparing files to reimport...[39m[0m
[  59% ] [90m[1mreimport[22m | Preparing files to reimport...[39m[0m
[  59% ] [90m[1mreimport[22m | Preparing files to reimport...[39m[0m
[  59% ] [90m[1mreimport[22m | Preparing files to reimport...[39m[0m
[  59% ] [90m[1mreimport[22m | Preparing files to reimport...[39m[0m
[  59% ] [90m[1mreimport[22m | Preparing files to reimport...[39m[0m
[  59% ] [90m[1mreimport[22m | Preparing files to reimport...[39m[0m
[  59% ] [90m[1mreimport[22m | Preparing files to reimport...[39m[0m
[  59% ] [90m[1mreimport[22m | Preparing files to reimport...[39m[0m
[  59% ] [90m[1mreimport[22m | Preparing files to reimport...[39m[0m
[  59% ] [90m[1mreimport[22m | Preparing files to reimport...[39m[0m
[  59% ] [90m[1mreimport[22m | Preparing files to reimport...[39m[0m
[  59% ] [90m[1mreimport[22m | Preparing files to reimport...[39m[0m
[  59% ] [90m[1mreimport[22m | Preparing files to reimport...[39m[0m
[  59% ] [90m[1mreimport[22m | Preparing files to reimport...[39m[0m
[  59% ] [90m[1mreimport[22m | Preparing files to reimport...[39m[0m
[  59% ] [90m[1mreimport[22m | Preparing files to reimport...[39m[0m
[  59% ] [90m[1mreimport[22m | Preparing files to reimport...[39m[0m
[  59% ] [90m[1mreimport[22m | Preparing files to reimport...[39m[0m
[  59% ] [90m[1mreimport[22m | Preparing files to reimport...[39m[0m
[  59% ] [90m[1mreimport[22m | Preparing files to reimport...[39m[0m
[  60% ] [90m[1mreimport[22m | Preparing files to reimport...[39m[0m
[  60% ] [90m[1mreimport[22m | Preparing files to reimport...[39m[0m
[  60% ] [90m[1mreimport[22m | Preparing files to reimport...[39m[0m
[  60% ] [90m[1mreimport[22m | Preparing files to reimport...[39m[0m
[  60% ] [90m[1mreimport[22m | Preparing files to reimport...[39m[0m
[  60% ] [90m[1mreimport[22m | Preparing files to reimport...[39m[0m
[  60% ] [90m[1mreimport[22m | Preparing files to reimport...[39m[0m
[  60% ] [90m[1mreimport[22m | Preparing files to reimport...[39m[0m
[  60% ] [90m[1mreimport[22m | Preparing files to reimport...[39m[0m
[  60% ] [90m[1mreimport[22m | Preparing files to reimport...[39m[0m
[  60% ] [90m[1mreimport[22m | Preparing files to reimport...[39m[0m
[  60% ] [90m[1mreimport[22m | Preparing files to reimport...[39m[0m
[  60% ] [90m[1mreimport[22m | Preparing files to reimport...[39m[0m
[  60% ] [90m[1mreimport[22m | Preparing files to reimport...[39m[0m
[  60% ] [90m[1mreimport[22m | Preparing files to reimport...[39m[0m
[  60% ] [90m[1mreimport[22m | Preparing files to reimport...[39m[0m
[  60% ] [90m[1mreimport[22m | Preparing files to reimport...[39m[0m
[  60% ] [90m[1mreimport[22m | Preparing files to reimport...[39m[0m
[  60% ] [90m[1mreimport[22m | Preparing files to reimport...[39m[0m
[  60% ] [90m[1mreimport[22m | Preparing files to reimport...[39m[0m
[  60% ] [90m[1mreimport[22m | Preparing files to reimport...[39m[0m
[  60% ] [90m[1mreimport[22m | Preparing files to reimport...[39m[0m
[  60% ] [90m[1mreimport[22m | Preparing files to reimport...[39m[0m
[  60% ] [90m[1mreimport[22m | Preparing files to reimport...[39m[0m
[  60% ] [90m[1mreimport[22m | Preparing files to reimport...[39m[0m
[  60% ] [90m[1mreimport[22m | Preparing files to reimport...[39m[0m
[  60% ] [90m[1mreimport[22m | Preparing files to reimport...[39m[0m
[  60% ] [90m[1mreimport[22m | Preparing files to reimport...[39m[0m
[  60% ] [90m[1mreimport[22m | Preparing files to reimport...[39m[0m
[  60% ] [90m[1mreimport[22m | Preparing files to reimport...[39m[0m
[  60% ] [90m[1mreimport[22m | Preparing files to reimport...[39m[0m
[  60% ] [90m[1mreimport[22m | Preparing files to reimport...[39m[0m
[  60% ] [90m[1mreimport[22m | Preparing files to reimport...[39m[0m
[  60% ] [90m[1mreimport[22m | Preparing files to reimport...[39m[0m
[  60% ] [90m[1mreimport[22m | Preparing files to reimport...[39m[0m
[  61% ] [90m[1mreimport[22m | Preparing files to reimport...[39m[0m
[  61% ] [90m[1mreimport[22m | Preparing files to reimport...[39m[0m
[  61% ] [90m[1mreimport[22m | Preparing files to reimport...[39m[0m
[  61% ] [90m[1mreimport[22m | Preparing files to reimport...[39m[0m
[  61% ] [90m[1mreimport[22m | Preparing files to reimport...[39m[0m
[  61% ] [90m[1mreimport[22m | Preparing files to reimport...[39m[0m
[  61% ] [90m[1mreimport[22m | Preparing files to reimport...[39m[0m
[  61% ] [90m[1mreimport[22m | Preparing files to reimport...[39m[0m
[  61% ] [90m[1mreimport[22m | Preparing files to reimport...[39m[0m
[  61% ] [90m[1mreimport[22m | Preparing files to reimport...[39m[0m
[  61% ] [90m[1mreimport[22m | Preparing files to reimport...[39m[0m
[  61% ] [90m[1mreimport[22m | Preparing files to reimport...[39m[0m
[  61% ] [90m[1mreimport[22m | Preparing files to reimport...[39m[0m
[  61% ] [90m[1mreimport[22m | Preparing files to reimport...[39m[0m
[  61% ] [90m[1mreimport[22m | Preparing files to reimport...[39m[0m
[  61% ] [90m[1mreimport[22m | Preparing files to reimport...[39m[0m
[  61% ] [90m[1mreimport[22m | Preparing files to reimport...[39m[0m
[  61% ] [90m[1mreimport[22m | Preparing files to reimport...[39m[0m
[  61% ] [90m[1mreimport[22m | Preparing files to reimport...[39m[0m
[  61% ] [90m[1mreimport[22m | Preparing files to reimport...[39m[0m
[  61% ] [90m[1mreimport[22m | Preparing files to reimport...[39m[0m
[  61% ] [90m[1mreimport[22m | Preparing files to reimport...[39m[0m
[  61% ] [90m[1mreimport[22m | Preparing files to reimport...[39m[0m
[  61% ] [90m[1mreimport[22m | Preparing files to reimport...[39m[0m
[  61% ] [90m[1mreimport[22m | Preparing files to reimport...[39m[0m
[  61% ] [90m[1mreimport[22m | Preparing files to reimport...[39m[0m
[  61% ] [90m[1mreimport[22m | Preparing files to reimport...[39m[0m
[  61% ] [90m[1mreimport[22m | Preparing files to reimport...[39m[0m
[  61% ] [90m[1mreimport[22m | Preparing files to reimport...[39m[0m
[  61% ] [90m[1mreimport[22m | Preparing files to reimport...[39m[0m
[  61% ] [90m[1mreimport[22m | Preparing files to reimport...[39m[0m
[  61% ] [90m[1mreimport[22m | Preparing files to reimport...[39m[0m
[  61% ] [90m[1mreimport[22m | Preparing files to reimport...[39m[0m
[  61% ] [90m[1mreimport[22m | Preparing files to reimport...[39m[0m
[  61% ] [90m[1mreimport[22m | Preparing files to reimport...[39m[0m
[  62% ] [90m[1mreimport[22m | Preparing files to reimport...[39m[0m
[  62% ] [90m[1mreimport[22m | Preparing files to reimport...[39m[0m
[  62% ] [90m[1mreimport[22m | Preparing files to reimport...[39m[0m
[  62% ] [90m[1mreimport[22m | Preparing files to reimport...[39m[0m
[  62% ] [90m[1mreimport[22m | Preparing files to reimport...[39m[0m
[  62% ] [90m[1mreimport[22m | Preparing files to reimport...[39m[0m
[  62% ] [90m[1mreimport[22m | Preparing files to reimport...[39m[0m
[  62% ] [90m[1mreimport[22m | Preparing files to reimport...[39m[0m
[  62% ] [90m[1mreimport[22m | Preparing files to reimport...[39m[0m
[  62% ] [90m[1mreimport[22m | Preparing files to reimport...[39m[0m
[  62% ] [90m[1mreimport[22m | Preparing files to reimport...[39m[0m
[  62% ] [90m[1mreimport[22m | Preparing files to reimport...[39m[0m
[  62% ] [90m[1mreimport[22m | Preparing files to reimport...[39m[0m
[  62% ] [90m[1mreimport[22m | Preparing files to reimport...[39m[0m
[  62% ] [90m[1mreimport[22m | Preparing files to reimport...[39m[0m
[  62% ] [90m[1mreimport[22m | Preparing files to reimport...[39m[0m
[  62% ] [90m[1mreimport[22m | Preparing files to reimport...[39m[0m
[  62% ] [90m[1mreimport[22m | Preparing files to reimport...[39m[0m
[  62% ] [90m[1mreimport[22m | Preparing files to reimport...[39m[0m
[  62% ] [90m[1mreimport[22m | Preparing files to reimport...[39m[0m
[  62% ] [90m[1mreimport[22m | Preparing files to reimport...[39m[0m
[  62% ] [90m[1mreimport[22m | Preparing files to reimport...[39m[0m
[  62% ] [90m[1mreimport[22m | Preparing files to reimport...[39m[0m
[  62% ] [90m[1mreimport[22m | Preparing files to reimport...[39m[0m
[  62% ] [90m[1mreimport[22m | Preparing files to reimport...[39m[0m
[  62% ] [90m[1mreimport[22m | Preparing files to reimport...[39m[0m
[  62% ] [90m[1mreimport[22m | Preparing files to reimport...[39m[0m
[  62% ] [90m[1mreimport[22m | Preparing files to reimport...[39m[0m
[  62% ] [90m[1mreimport[22m | Preparing files to reimport...[39m[0m
[  62% ] [90m[1mreimport[22m | Preparing files to reimport...[39m[0m
[  62% ] [90m[1mreimport[22m | Preparing files to reimport...[39m[0m
[  62% ] [90m[1mreimport[22m | Preparing files to reimport...[39m[0m
[  62% ] [90m[1mreimport[22m | Preparing files to reimport...[39m[0m
[  62% ] [90m[1mreimport[22m | Preparing files to reimport...[39m[0m
[  62% ] [90m[1mreimport[22m | Preparing files to reimport...[39m[0m
[  63% ] [90m[1mreimport[22m | Preparing files to reimport...[39m[0m
[  63% ] [90m[1mreimport[22m | Preparing files to reimport...[39m[0m
[  63% ] [90m[1mreimport[22m | Preparing files to reimport...[39m[0m
[  63% ] [90m[1mreimport[22m | Preparing files to reimport...[39m[0m
[  63% ] [90m[1mreimport[22m | Preparing files to reimport...[39m[0m
[  63% ] [90m[1mreimport[22m | Preparing files to reimport...[39m[0m
[  63% ] [90m[1mreimport[22m | Preparing files to reimport...[39m[0m
[  63% ] [90m[1mreimport[22m | Preparing files to reimport...[39m[0m
[  63% ] [90m[1mreimport[22m | Preparing files to reimport...[39m[0m
[  63% ] [90m[1mreimport[22m | Preparing files to reimport...[39m[0m
[  63% ] [90m[1mreimport[22m | Preparing files to reimport...[39m[0m
[  63% ] [90m[1mreimport[22m | Preparing files to reimport...[39m[0m
[  63% ] [90m[1mreimport[22m | Preparing files to reimport...[39m[0m
[  63% ] [90m[1mreimport[22m | Preparing files to reimport...[39m[0m
[  63% ] [90m[1mreimport[22m | Preparing files to reimport...[39m[0m
[  63% ] [90m[1mreimport[22m | Preparing files to reimport...[39m[0m
[  63% ] [90m[1mreimport[22m | Preparing files to reimport...[39m[0m
[  63% ] [90m[1mreimport[22m | Preparing files to reimport...[39m[0m
[  63% ] [90m[1mreimport[22m | Preparing files to reimport...[39m[0m
[  63% ] [90m[1mreimport[22m | Preparing files to reimport...[39m[0m
[  63% ] [90m[1mreimport[22m | Preparing files to reimport...[39m[0m
[  63% ] [90m[1mreimport[22m | Preparing files to reimport...[39m[0m
[  63% ] [90m[1mreimport[22m | Preparing files to reimport...[39m[0m
[  63% ] [90m[1mreimport[22m | Preparing files to reimport...[39m[0m
[  63% ] [90m[1mreimport[22m | Preparing files to reimport...[39m[0m
[  63% ] [90m[1mreimport[22m | Preparing files to reimport...[39m[0m
[  63% ] [90m[1mreimport[22m | Preparing files to reimport...[39m[0m
[  63% ] [90m[1mreimport[22m | Preparing files to reimport...[39m[0m
[  63% ] [90m[1mreimport[22m | Preparing files to reimport...[39m[0m
[  63% ] [90m[1mreimport[22m | Preparing files to reimport...[39m[0m
[  63% ] [90m[1mreimport[22m | Preparing files to reimport...[39m[0m
[  63% ] [90m[1mreimport[22m | Preparing files to reimport...[39m[0m
[  63% ] [90m[1mreimport[22m | Preparing files to reimport...[39m[0m
[  63% ] [90m[1mreimport[22m | Preparing files to reimport...[39m[0m
[  63% ] [90m[1mreimport[22m | Preparing files to reimport...[39m[0m
[  64% ] [90m[1mreimport[22m | Preparing files to reimport...[39m[0m
[  64% ] [90m[1mreimport[22m | Preparing files to reimport...[39m[0m
[  64% ] [90m[1mreimport[22m | Preparing files to reimport...[39m[0m
[  64% ] [90m[1mreimport[22m | Preparing files to reimport...[39m[0m
[  64% ] [90m[1mreimport[22m | Preparing files to reimport...[39m[0m
[  64% ] [90m[1mreimport[22m | Preparing files to reimport...[39m[0m
[  64% ] [90m[1mreimport[22m | Preparing files to reimport...[39m[0m
[  64% ] [90m[1mreimport[22m | Preparing files to reimport...[39m[0m
[  64% ] [90m[1mreimport[22m | Preparing files to reimport...[39m[0m
[  64% ] [90m[1mreimport[22m | Preparing files to reimport...[39m[0m
[  64% ] [90m[1mreimport[22m | Preparing files to reimport...[39m[0m
[  64% ] [90m[1mreimport[22m | Preparing files to reimport...[39m[0m
[  64% ] [90m[1mreimport[22m | Preparing files to reimport...[39m[0m
[  64% ] [90m[1mreimport[22m | Preparing files to reimport...[39m[0m
[  64% ] [90m[1mreimport[22m | Preparing files to reimport...[39m[0m
[  64% ] [90m[1mreimport[22m | Preparing files to reimport...[39m[0m
[  64% ] [90m[1mreimport[22m | Preparing files to reimport...[39m[0m
[  64% ] [90m[1mreimport[22m | Preparing files to reimport...[39m[0m
[  64% ] [90m[1mreimport[22m | Preparing files to reimport...[39m[0m
[  64% ] [90m[1mreimport[22m | Preparing files to reimport...[39m[0m
[  64% ] [90m[1mreimport[22m | Preparing files to reimport...[39m[0m
[  64% ] [90m[1mreimport[22m | Preparing files to reimport...[39m[0m
[  64% ] [90m[1mreimport[22m | Preparing files to reimport...[39m[0m
[  64% ] [90m[1mreimport[22m | Preparing files to reimport...[39m[0m
[  64% ] [90m[1mreimport[22m | Preparing files to reimport...[39m[0m
[  64% ] [90m[1mreimport[22m | Preparing files to reimport...[39m[0m
[  64% ] [90m[1mreimport[22m | Preparing files to reimport...[39m[0m
[  64% ] [90m[1mreimport[22m | Preparing files to reimport...[39m[0m
[  64% ] [90m[1mreimport[22m | Preparing files to reimport...[39m[0m
[  64% ] [90m[1mreimport[22m | Preparing files to reimport...[39m[0m
[  64% ] [90m[1mreimport[22m | Preparing files to reimport...[39m[0m
[  64% ] [90m[1mreimport[22m | Preparing files to reimport...[39m[0m
[  64% ] [90m[1mreimport[22m | Preparing files to reimport...[39m[0m
[  64% ] [90m[1mreimport[22m | Preparing files to reimport...[39m[0m
[  64% ] [90m[1mreimport[22m | Preparing files to reimport...[39m[0m
[  65% ] [90m[1mreimport[22m | Preparing files to reimport...[39m[0m
[  65% ] [90m[1mreimport[22m | Preparing files to reimport...[39m[0m
[  65% ] [90m[1mreimport[22m | Preparing files to reimport...[39m[0m
[  65% ] [90m[1mreimport[22m | Preparing files to reimport...[39m[0m
[  65% ] [90m[1mreimport[22m | Preparing files to reimport...[39m[0m
[  65% ] [90m[1mreimport[22m | Preparing files to reimport...[39m[0m
[  65% ] [90m[1mreimport[22m | Preparing files to reimport...[39m[0m
[  65% ] [90m[1mreimport[22m | Preparing files to reimport...[39m[0m
[  65% ] [90m[1mreimport[22m | Preparing files to reimport...[39m[0m
[  65% ] [90m[1mreimport[22m | Preparing files to reimport...[39m[0m
[  65% ] [90m[1mreimport[22m | Preparing files to reimport...[39m[0m
[  65% ] [90m[1mreimport[22m | Preparing files to reimport...[39m[0m
[  65% ] [90m[1mreimport[22m | Preparing files to reimport...[39m[0m
[  65% ] [90m[1mreimport[22m | Preparing files to reimport...[39m[0m
[  65% ] [90m[1mreimport[22m | Preparing files to reimport...[39m[0m
[  65% ] [90m[1mreimport[22m | Preparing files to reimport...[39m[0m
[  65% ] [90m[1mreimport[22m | Preparing files to reimport...[39m[0m
[  65% ] [90m[1mreimport[22m | Preparing files to reimport...[39m[0m
[  65% ] [90m[1mreimport[22m | Preparing files to reimport...[39m[0m
[  65% ] [90m[1mreimport[22m | Preparing files to reimport...[39m[0m
[  65% ] [90m[1mreimport[22m | Preparing files to reimport...[39m[0m
[  65% ] [90m[1mreimport[22m | Preparing files to reimport...[39m[0m
[  65% ] [90m[1mreimport[22m | Preparing files to reimport...[39m[0m
[  65% ] [90m[1mreimport[22m | Preparing files to reimport...[39m[0m
[  65% ] [90m[1mreimport[22m | Preparing files to reimport...[39m[0m
[  65% ] [90m[1mreimport[22m | Preparing files to reimport...[39m[0m
[  65% ] [90m[1mreimport[22m | Preparing files to reimport...[39m[0m
[  65% ] [90m[1mreimport[22m | Preparing files to reimport...[39m[0m
[  65% ] [90m[1mreimport[22m | Preparing files to reimport...[39m[0m
[  65% ] [90m[1mreimport[22m | Preparing files to reimport...[39m[0m
[  65% ] [90m[1mreimport[22m | Preparing files to reimport...[39m[0m
[  65% ] [90m[1mreimport[22m | Preparing files to reimport...[39m[0m
[  65% ] [90m[1mreimport[22m | Preparing files to reimport...[39m[0m
[  65% ] [90m[1mreimport[22m | Preparing files to reimport...[39m[0m
[  65% ] [90m[1mreimport[22m | Preparing files to reimport...[39m[0m
[  66% ] [90m[1mreimport[22m | Preparing files to reimport...[39m[0m
[  66% ] [90m[1mreimport[22m | Preparing files to reimport...[39m[0m
[  66% ] [90m[1mreimport[22m | Preparing files to reimport...[39m[0m
[  66% ] [90m[1mreimport[22m | Preparing files to reimport...[39m[0m
[  66% ] [90m[1mreimport[22m | Preparing files to reimport...[39m[0m
[  66% ] [90m[1mreimport[22m | Preparing files to reimport...[39m[0m
[  66% ] [90m[1mreimport[22m | Preparing files to reimport...[39m[0m
[  66% ] [90m[1mreimport[22m | Preparing files to reimport...[39m[0m
[  66% ] [90m[1mreimport[22m | Preparing files to reimport...[39m[0m
[  66% ] [90m[1mreimport[22m | Preparing files to reimport...[39m[0m
[  66% ] [90m[1mreimport[22m | Preparing files to reimport...[39m[0m
[  66% ] [90m[1mreimport[22m | Preparing files to reimport...[39m[0m
[  66% ] [90m[1mreimport[22m | Preparing files to reimport...[39m[0m
[  66% ] [90m[1mreimport[22m | Preparing files to reimport...[39m[0m
[  66% ] [90m[1mreimport[22m | Preparing files to reimport...[39m[0m
[  66% ] [90m[1mreimport[22m | Preparing files to reimport...[39m[0m
[  66% ] [90m[1mreimport[22m | Preparing files to reimport...[39m[0m
[  66% ] [90m[1mreimport[22m | Preparing files to reimport...[39m[0m
[  66% ] [90m[1mreimport[22m | Preparing files to reimport...[39m[0m
[  66% ] [90m[1mreimport[22m | Preparing files to reimport...[39m[0m
[  66% ] [90m[1mreimport[22m | Preparing files to reimport...[39m[0m
[  66% ] [90m[1mreimport[22m | Preparing files to reimport...[39m[0m
[  66% ] [90m[1mreimport[22m | Preparing files to reimport...[39m[0m
[  66% ] [90m[1mreimport[22m | Preparing files to reimport...[39m[0m
[  66% ] [90m[1mreimport[22m | Preparing files to reimport...[39m[0m
[  66% ] [90m[1mreimport[22m | Preparing files to reimport...[39m[0m
[  66% ] [90m[1mreimport[22m | Preparing files to reimport...[39m[0m
[  66% ] [90m[1mreimport[22m | Preparing files to reimport...[39m[0m
[  66% ] [90m[1mreimport[22m | Preparing files to reimport...[39m[0m
[  66% ] [90m[1mreimport[22m | Preparing files to reimport...[39m[0m
[  66% ] [90m[1mreimport[22m | Preparing files to reimport...[39m[0m
[  66% ] [90m[1mreimport[22m | Preparing files to reimport...[39m[0m
[  66% ] [90m[1mreimport[22m | Preparing files to reimport...[39m[0m
[  66% ] [90m[1mreimport[22m | Preparing files to reimport...[39m[0m
[  66% ] [90m[1mreimport[22m | Preparing files to reimport...[39m[0m
[  67% ] [90m[1mreimport[22m | Preparing files to reimport...[39m[0m
[  67% ] [90m[1mreimport[22m | Preparing files to reimport...[39m[0m
[  67% ] [90m[1mreimport[22m | Preparing files to reimport...[39m[0m
[  67% ] [90m[1mreimport[22m | Preparing files to reimport...[39m[0m
[  67% ] [90m[1mreimport[22m | Preparing files to reimport...[39m[0m
[  67% ] [90m[1mreimport[22m | Preparing files to reimport...[39m[0m
[  67% ] [90m[1mreimport[22m | Preparing files to reimport...[39m[0m
[  67% ] [90m[1mreimport[22m | Preparing files to reimport...[39m[0m
[  67% ] [90m[1mreimport[22m | Preparing files to reimport...[39m[0m
[  67% ] [90m[1mreimport[22m | Preparing files to reimport...[39m[0m
[  67% ] [90m[1mreimport[22m | Preparing files to reimport...[39m[0m
[  67% ] [90m[1mreimport[22m | Preparing files to reimport...[39m[0m
[  67% ] [90m[1mreimport[22m | Preparing files to reimport...[39m[0m
[  67% ] [90m[1mreimport[22m | Preparing files to reimport...[39m[0m
[  67% ] [90m[1mreimport[22m | Preparing files to reimport...[39m[0m
[  67% ] [90m[1mreimport[22m | Preparing files to reimport...[39m[0m
[  67% ] [90m[1mreimport[22m | Preparing files to reimport...[39m[0m
[  67% ] [90m[1mreimport[22m | Preparing files to reimport...[39m[0m
[  67% ] [90m[1mreimport[22m | Preparing files to reimport...[39m[0m
[  67% ] [90m[1mreimport[22m | Preparing files to reimport...[39m[0m
[  67% ] [90m[1mreimport[22m | Preparing files to reimport...[39m[0m
[  67% ] [90m[1mreimport[22m | Preparing files to reimport...[39m[0m
[  67% ] [90m[1mreimport[22m | Preparing files to reimport...[39m[0m
[  67% ] [90m[1mreimport[22m | Preparing files to reimport...[39m[0m
[  67% ] [90m[1mreimport[22m | Preparing files to reimport...[39m[0m
[  67% ] [90m[1mreimport[22m | Preparing files to reimport...[39m[0m
[  67% ] [90m[1mreimport[22m | Preparing files to reimport...[39m[0m
[  67% ] [90m[1mreimport[22m | Preparing files to reimport...[39m[0m
[  67% ] [90m[1mreimport[22m | Preparing files to reimport...[39m[0m
[  67% ] [90m[1mreimport[22m | Preparing files to reimport...[39m[0m
[  67% ] [90m[1mreimport[22m | Preparing files to reimport...[39m[0m
[  67% ] [90m[1mreimport[22m | Preparing files to reimport...[39m[0m
[  67% ] [90m[1mreimport[22m | Preparing files to reimport...[39m[0m
[  67% ] [90m[1mreimport[22m | Preparing files to reimport...[39m[0m
[  67% ] [90m[1mreimport[22m | Preparing files to reimport...[39m[0m
[  68% ] [90m[1mreimport[22m | Preparing files to reimport...[39m[0m
[  68% ] [90m[1mreimport[22m | Preparing files to reimport...[39m[0m
[  68% ] [90m[1mreimport[22m | Preparing files to reimport...[39m[0m
[  68% ] [90m[1mreimport[22m | Preparing files to reimport...[39m[0m
[  68% ] [90m[1mreimport[22m | Preparing files to reimport...[39m[0m
[  68% ] [90m[1mreimport[22m | Preparing files to reimport...[39m[0m
[  68% ] [90m[1mreimport[22m | Preparing files to reimport...[39m[0m
[  68% ] [90m[1mreimport[22m | Preparing files to reimport...[39m[0m
[  68% ] [90m[1mreimport[22m | Preparing files to reimport...[39m[0m
[  68% ] [90m[1mreimport[22m | Preparing files to reimport...[39m[0m
[  68% ] [90m[1mreimport[22m | Preparing files to reimport...[39m[0m
[  68% ] [90m[1mreimport[22m | Preparing files to reimport...[39m[0m
[  68% ] [90m[1mreimport[22m | Preparing files to reimport...[39m[0m
[  68% ] [90m[1mreimport[22m | Preparing files to reimport...[39m[0m
[  68% ] [90m[1mreimport[22m | Preparing files to reimport...[39m[0m
[  68% ] [90m[1mreimport[22m | Preparing files to reimport...[39m[0m
[  68% ] [90m[1mreimport[22m | Preparing files to reimport...[39m[0m
[  68% ] [90m[1mreimport[22m | Preparing files to reimport...[39m[0m
[  68% ] [90m[1mreimport[22m | Preparing files to reimport...[39m[0m
[  68% ] [90m[1mreimport[22m | Preparing files to reimport...[39m[0m
[  68% ] [90m[1mreimport[22m | Preparing files to reimport...[39m[0m
[  68% ] [90m[1mreimport[22m | Preparing files to reimport...[39m[0m
[  68% ] [90m[1mreimport[22m | Preparing files to reimport...[39m[0m
[  68% ] [90m[1mreimport[22m | Preparing files to reimport...[39m[0m
[  68% ] [90m[1mreimport[22m | Preparing files to reimport...[39m[0m
[  68% ] [90m[1mreimport[22m | Preparing files to reimport...[39m[0m
[  68% ] [90m[1mreimport[22m | Preparing files to reimport...[39m[0m
[  68% ] [90m[1mreimport[22m | Preparing files to reimport...[39m[0m
[  68% ] [90m[1mreimport[22m | Preparing files to reimport...[39m[0m
[  68% ] [90m[1mreimport[22m | Preparing files to reimport...[39m[0m
[  68% ] [90m[1mreimport[22m | Preparing files to reimport...[39m[0m
[  68% ] [90m[1mreimport[22m | Preparing files to reimport...[39m[0m
[  68% ] [90m[1mreimport[22m | Preparing files to reimport...[39m[0m
[  68% ] [90m[1mreimport[22m | Preparing files to reimport...[39m[0m
[  68% ] [90m[1mreimport[22m | Preparing files to reimport...[39m[0m
[  69% ] [90m[1mreimport[22m | Preparing files to reimport...[39m[0m
[  69% ] [90m[1mreimport[22m | Preparing files to reimport...[39m[0m
[  69% ] [90m[1mreimport[22m | Preparing files to reimport...[39m[0m
[  69% ] [90m[1mreimport[22m | Preparing files to reimport...[39m[0m
[  69% ] [90m[1mreimport[22m | Preparing files to reimport...[39m[0m
[  69% ] [90m[1mreimport[22m | Preparing files to reimport...[39m[0m
[  69% ] [90m[1mreimport[22m | Preparing files to reimport...[39m[0m
[  69% ] [90m[1mreimport[22m | Preparing files to reimport...[39m[0m
[  69% ] [90m[1mreimport[22m | Preparing files to reimport...[39m[0m
[  69% ] [90m[1mreimport[22m | Preparing files to reimport...[39m[0m
[  69% ] [90m[1mreimport[22m | Preparing files to reimport...[39m[0m
[  69% ] [90m[1mreimport[22m | Preparing files to reimport...[39m[0m
[  69% ] [90m[1mreimport[22m | Preparing files to reimport...[39m[0m
[  69% ] [90m[1mreimport[22m | Preparing files to reimport...[39m[0m
[  69% ] [90m[1mreimport[22m | Preparing files to reimport...[39m[0m
[  69% ] [90m[1mreimport[22m | Preparing files to reimport...[39m[0m
[  69% ] [90m[1mreimport[22m | Preparing files to reimport...[39m[0m
[  69% ] [90m[1mreimport[22m | Preparing files to reimport...[39m[0m
[  69% ] [90m[1mreimport[22m | Preparing files to reimport...[39m[0m
[  69% ] [90m[1mreimport[22m | Preparing files to reimport...[39m[0m
[  69% ] [90m[1mreimport[22m | Preparing files to reimport...[39m[0m
[  69% ] [90m[1mreimport[22m | Preparing files to reimport...[39m[0m
[  69% ] [90m[1mreimport[22m | Preparing files to reimport...[39m[0m
[  69% ] [90m[1mreimport[22m | Preparing files to reimport...[39m[0m
[  69% ] [90m[1mreimport[22m | Preparing files to reimport...[39m[0m
[  69% ] [90m[1mreimport[22m | Preparing files to reimport...[39m[0m
[  69% ] [90m[1mreimport[22m | Preparing files to reimport...[39m[0m
[  69% ] [90m[1mreimport[22m | Preparing files to reimport...[39m[0m
[  69% ] [90m[1mreimport[22m | Preparing files to reimport...[39m[0m
[  69% ] [90m[1mreimport[22m | Preparing files to reimport...[39m[0m
[  69% ] [90m[1mreimport[22m | Preparing files to reimport...[39m[0m
[  69% ] [90m[1mreimport[22m | Preparing files to reimport...[39m[0m
[  69% ] [90m[1mreimport[22m | Preparing files to reimport...[39m[0m
[  69% ] [90m[1mreimport[22m | Preparing files to reimport...[39m[0m
[  69% ] [90m[1mreimport[22m | Preparing files to reimport...[39m[0m
[  70% ] [90m[1mreimport[22m | Preparing files to reimport...[39m[0m
[  70% ] [90m[1mreimport[22m | Preparing files to reimport...[39m[0m
[  70% ] [90m[1mreimport[22m | Preparing files to reimport...[39m[0m
[  70% ] [90m[1mreimport[22m | Preparing files to reimport...[39m[0m
[  70% ] [90m[1mreimport[22m | Preparing files to reimport...[39m[0m
[  70% ] [90m[1mreimport[22m | Preparing files to reimport...[39m[0m
[  70% ] [90m[1mreimport[22m | Preparing files to reimport...[39m[0m
[  70% ] [90m[1mreimport[22m | Preparing files to reimport...[39m[0m
[  70% ] [90m[1mreimport[22m | Preparing files to reimport...[39m[0m
[  70% ] [90m[1mreimport[22m | Preparing files to reimport...[39m[0m
[  70% ] [90m[1mreimport[22m | Preparing files to reimport...[39m[0m
[  70% ] [90m[1mreimport[22m | Preparing files to reimport...[39m[0m
[  70% ] [90m[1mreimport[22m | Preparing files to reimport...[39m[0m
[  70% ] [90m[1mreimport[22m | Preparing files to reimport...[39m[0m
[  70% ] [90m[1mreimport[22m | Preparing files to reimport...[39m[0m
[  70% ] [90m[1mreimport[22m | Preparing files to reimport...[39m[0m
[  70% ] [90m[1mreimport[22m | Preparing files to reimport...[39m[0m
[  70% ] [90m[1mreimport[22m | Preparing files to reimport...[39m[0m
[  70% ] [90m[1mreimport[22m | Preparing files to reimport...[39m[0m
[  70% ] [90m[1mreimport[22m | Preparing files to reimport...[39m[0m
[  70% ] [90m[1mreimport[22m | Preparing files to reimport...[39m[0m
[  70% ] [90m[1mreimport[22m | Preparing files to reimport...[39m[0m
[  70% ] [90m[1mreimport[22m | Preparing files to reimport...[39m[0m
[  70% ] [90m[1mreimport[22m | Preparing files to reimport...[39m[0m
[  70% ] [90m[1mreimport[22m | Preparing files to reimport...[39m[0m
[  70% ] [90m[1mreimport[22m | Preparing files to reimport...[39m[0m
[  70% ] [90m[1mreimport[22m | Preparing files to reimport...[39m[0m
[  70% ] [90m[1mreimport[22m | Preparing files to reimport...[39m[0m
[  70% ] [90m[1mreimport[22m | Preparing files to reimport...[39m[0m
[  70% ] [90m[1mreimport[22m | Preparing files to reimport...[39m[0m
[  70% ] [90m[1mreimport[22m | Preparing files to reimport...[39m[0m
[  70% ] [90m[1mreimport[22m | Preparing files to reimport...[39m[0m
[  70% ] [90m[1mreimport[22m | Preparing files to reimport...[39m[0m
[  70% ] [90m[1mreimport[22m | Preparing files to reimport...[39m[0m
[  70% ] [90m[1mreimport[22m | Preparing files to reimport...[39m[0m
[  71% ] [90m[1mreimport[22m | Preparing files to reimport...[39m[0m
[  71% ] [90m[1mreimport[22m | Preparing files to reimport...[39m[0m
[  71% ] [90m[1mreimport[22m | Preparing files to reimport...[39m[0m
[  71% ] [90m[1mreimport[22m | Preparing files to reimport...[39m[0m
[  71% ] [90m[1mreimport[22m | Preparing files to reimport...[39m[0m
[  71% ] [90m[1mreimport[22m | Preparing files to reimport...[39m[0m
[  71% ] [90m[1mreimport[22m | Preparing files to reimport...[39m[0m
[  71% ] [90m[1mreimport[22m | Preparing files to reimport...[39m[0m
[  71% ] [90m[1mreimport[22m | Preparing files to reimport...[39m[0m
[  71% ] [90m[1mreimport[22m | Preparing files to reimport...[39m[0m
[  71% ] [90m[1mreimport[22m | Preparing files to reimport...[39m[0m
[  71% ] [90m[1mreimport[22m | Preparing files to reimport...[39m[0m
[  71% ] [90m[1mreimport[22m | Preparing files to reimport...[39m[0m
[  71% ] [90m[1mreimport[22m | Preparing files to reimport...[39m[0m
[  71% ] [90m[1mreimport[22m | Preparing files to reimport...[39m[0m
[  71% ] [90m[1mreimport[22m | Preparing files to reimport...[39m[0m
[  71% ] [90m[1mreimport[22m | Preparing files to reimport...[39m[0m
[  71% ] [90m[1mreimport[22m | Preparing files to reimport...[39m[0m
[  71% ] [90m[1mreimport[22m | Preparing files to reimport...[39m[0m
[  71% ] [90m[1mreimport[22m | Preparing files to reimport...[39m[0m
[  71% ] [90m[1mreimport[22m | Preparing files to reimport...[39m[0m
[  71% ] [90m[1mreimport[22m | Preparing files to reimport...[39m[0m
[  71% ] [90m[1mreimport[22m | Preparing files to reimport...[39m[0m
[  71% ] [90m[1mreimport[22m | Preparing files to reimport...[39m[0m
[  71% ] [90m[1mreimport[22m | Preparing files to reimport...[39m[0m
[  71% ] [90m[1mreimport[22m | Preparing files to reimport...[39m[0m
[  71% ] [90m[1mreimport[22m | Preparing files to reimport...[39m[0m
[  71% ] [90m[1mreimport[22m | Preparing files to reimport...[39m[0m
[  71% ] [90m[1mreimport[22m | Preparing files to reimport...[39m[0m
[  71% ] [90m[1mreimport[22m | Preparing files to reimport...[39m[0m
[  71% ] [90m[1mreimport[22m | Preparing files to reimport...[39m[0m
[  71% ] [90m[1mreimport[22m | Preparing files to reimport...[39m[0m
[  71% ] [90m[1mreimport[22m | Preparing files to reimport...[39m[0m
[  71% ] [90m[1mreimport[22m | Preparing files to reimport...[39m[0m
[  72% ] [90m[1mreimport[22m | Preparing files to reimport...[39m[0m
[  72% ] [90m[1mreimport[22m | Preparing files to reimport...[39m[0m
[  72% ] [90m[1mreimport[22m | Preparing files to reimport...[39m[0m
[  72% ] [90m[1mreimport[22m | Preparing files to reimport...[39m[0m
[  72% ] [90m[1mreimport[22m | Preparing files to reimport...[39m[0m
[  72% ] [90m[1mreimport[22m | Preparing files to reimport...[39m[0m
[  72% ] [90m[1mreimport[22m | Preparing files to reimport...[39m[0m
[  72% ] [90m[1mreimport[22m | Preparing files to reimport...[39m[0m
[  72% ] [90m[1mreimport[22m | Preparing files to reimport...[39m[0m
[  72% ] [90m[1mreimport[22m | Preparing files to reimport...[39m[0m
[  72% ] [90m[1mreimport[22m | Preparing files to reimport...[39m[0m
[  72% ] [90m[1mreimport[22m | Preparing files to reimport...[39m[0m
[  72% ] [90m[1mreimport[22m | Preparing files to reimport...[39m[0m
[  72% ] [90m[1mreimport[22m | Preparing files to reimport...[39m[0m
[  72% ] [90m[1mreimport[22m | Preparing files to reimport...[39m[0m
[  72% ] [90m[1mreimport[22m | Preparing files to reimport...[39m[0m
[  72% ] [90m[1mreimport[22m | Preparing files to reimport...[39m[0m
[  72% ] [90m[1mreimport[22m | Preparing files to reimport...[39m[0m
[  72% ] [90m[1mreimport[22m | Preparing files to reimport...[39m[0m
[  72% ] [90m[1mreimport[22m | Preparing files to reimport...[39m[0m
[  72% ] [90m[1mreimport[22m | Preparing files to reimport...[39m[0m
[  72% ] [90m[1mreimport[22m | Preparing files to reimport...[39m[0m
[  72% ] [90m[1mreimport[22m | Preparing files to reimport...[39m[0m
[  72% ] [90m[1mreimport[22m | Preparing files to reimport...[39m[0m
[  72% ] [90m[1mreimport[22m | Preparing files to reimport...[39m[0m
[  72% ] [90m[1mreimport[22m | Preparing files to reimport...[39m[0m
[  72% ] [90m[1mreimport[22m | Preparing files to reimport...[39m[0m
[  72% ] [90m[1mreimport[22m | Preparing files to reimport...[39m[0m
[  72% ] [90m[1mreimport[22m | Preparing files to reimport...[39m[0m
[  72% ] [90m[1mreimport[22m | Preparing files to reimport...[39m[0m
[  72% ] [90m[1mreimport[22m | Preparing files to reimport...[39m[0m
[  72% ] [90m[1mreimport[22m | Preparing files to reimport...[39m[0m
[  72% ] [90m[1mreimport[22m | Preparing files to reimport...[39m[0m
[  72% ] [90m[1mreimport[22m | Preparing files to reimport...[39m[0m
[  72% ] [90m[1mreimport[22m | Preparing files to reimport...[39m[0m
[  73% ] [90m[1mreimport[22m | Preparing files to reimport...[39m[0m
[  73% ] [90m[1mreimport[22m | Preparing files to reimport...[39m[0m
[  73% ] [90m[1mreimport[22m | Preparing files to reimport...[39m[0m
[  73% ] [90m[1mreimport[22m | Preparing files to reimport...[39m[0m
[  73% ] [90m[1mreimport[22m | Preparing files to reimport...[39m[0m
[  73% ] [90m[1mreimport[22m | Preparing files to reimport...[39m[0m
[  73% ] [90m[1mreimport[22m | Preparing files to reimport...[39m[0m
[  73% ] [90m[1mreimport[22m | Preparing files to reimport...[39m[0m
[  73% ] [90m[1mreimport[22m | Preparing files to reimport...[39m[0m
[  73% ] [90m[1mreimport[22m | Preparing files to reimport...[39m[0m
[  73% ] [90m[1mreimport[22m | Preparing files to reimport...[39m[0m
[  73% ] [90m[1mreimport[22m | Preparing files to reimport...[39m[0m
[  73% ] [90m[1mreimport[22m | Preparing files to reimport...[39m[0m
[  73% ] [90m[1mreimport[22m | Preparing files to reimport...[39m[0m
[  73% ] [90m[1mreimport[22m | Preparing files to reimport...[39m[0m
[  73% ] [90m[1mreimport[22m | Preparing files to reimport...[39m[0m
[  73% ] [90m[1mreimport[22m | Preparing files to reimport...[39m[0m
[  73% ] [90m[1mreimport[22m | Preparing files to reimport...[39m[0m
[  73% ] [90m[1mreimport[22m | Preparing files to reimport...[39m[0m
[  73% ] [90m[1mreimport[22m | Preparing files to reimport...[39m[0m
[  73% ] [90m[1mreimport[22m | Preparing files to reimport...[39m[0m
[  73% ] [90m[1mreimport[22m | Preparing files to reimport...[39m[0m
[  73% ] [90m[1mreimport[22m | Preparing files to reimport...[39m[0m
[  73% ] [90m[1mreimport[22m | Preparing files to reimport...[39m[0m
[  73% ] [90m[1mreimport[22m | Preparing files to reimport...[39m[0m
[  73% ] [90m[1mreimport[22m | Preparing files to reimport...[39m[0m
[  73% ] [90m[1mreimport[22m | Preparing files to reimport...[39m[0m
[  73% ] [90m[1mreimport[22m | Preparing files to reimport...[39m[0m
[  73% ] [90m[1mreimport[22m | Preparing files to reimport...[39m[0m
[  73% ] [90m[1mreimport[22m | Preparing files to reimport...[39m[0m
[  73% ] [90m[1mreimport[22m | Preparing files to reimport...[39m[0m
[  73% ] [90m[1mreimport[22m | Preparing files to reimport...[39m[0m
[  73% ] [90m[1mreimport[22m | Preparing files to reimport...[39m[0m
[  73% ] [90m[1mreimport[22m | Preparing files to reimport...[39m[0m
[  73% ] [90m[1mreimport[22m | Preparing files to reimport...[39m[0m
[  74% ] [90m[1mreimport[22m | Preparing files to reimport...[39m[0m
[  74% ] [90m[1mreimport[22m | Preparing files to reimport...[39m[0m
[  74% ] [90m[1mreimport[22m | Preparing files to reimport...[39m[0m
[  74% ] [90m[1mreimport[22m | Preparing files to reimport...[39m[0m
[  74% ] [90m[1mreimport[22m | Preparing files to reimport...[39m[0m
[  74% ] [90m[1mreimport[22m | Preparing files to reimport...[39m[0m
[  74% ] [90m[1mreimport[22m | Preparing files to reimport...[39m[0m
[  74% ] [90m[1mreimport[22m | Preparing files to reimport...[39m[0m
[  74% ] [90m[1mreimport[22m | Preparing files to reimport...[39m[0m
[  74% ] [90m[1mreimport[22m | Preparing files to reimport...[39m[0m
[  74% ] [90m[1mreimport[22m | Preparing files to reimport...[39m[0m
[  74% ] [90m[1mreimport[22m | Preparing files to reimport...[39m[0m
[  74% ] [90m[1mreimport[22m | Preparing files to reimport...[39m[0m
[  74% ] [90m[1mreimport[22m | Preparing files to reimport...[39m[0m
[  74% ] [90m[1mreimport[22m | Preparing files to reimport...[39m[0m
[  74% ] [90m[1mreimport[22m | Preparing files to reimport...[39m[0m
[  74% ] [90m[1mreimport[22m | Preparing files to reimport...[39m[0m
[  74% ] [90m[1mreimport[22m | Preparing files to reimport...[39m[0m
[  74% ] [90m[1mreimport[22m | Preparing files to reimport...[39m[0m
[  74% ] [90m[1mreimport[22m | Preparing files to reimport...[39m[0m
[  74% ] [90m[1mreimport[22m | Preparing files to reimport...[39m[0m
[  74% ] [90m[1mreimport[22m | Preparing files to reimport...[39m[0m
[  74% ] [90m[1mreimport[22m | Preparing files to reimport...[39m[0m
[  74% ] [90m[1mreimport[22m | Preparing files to reimport...[39m[0m
[  74% ] [90m[1mreimport[22m | Preparing files to reimport...[39m[0m
[  74% ] [90m[1mreimport[22m | Preparing files to reimport...[39m[0m
[  74% ] [90m[1mreimport[22m | Preparing files to reimport...[39m[0m
[  74% ] [90m[1mreimport[22m | Preparing files to reimport...[39m[0m
[  74% ] [90m[1mreimport[22m | Preparing files to reimport...[39m[0m
[  74% ] [90m[1mreimport[22m | Preparing files to reimport...[39m[0m
[  74% ] [90m[1mreimport[22m | Preparing files to reimport...[39m[0m
[  74% ] [90m[1mreimport[22m | Preparing files to reimport...[39m[0m
[  74% ] [90m[1mreimport[22m | Preparing files to reimport...[39m[0m
[  74% ] [90m[1mreimport[22m | Preparing files to reimport...[39m[0m
[  74% ] [90m[1mreimport[22m | Preparing files to reimport...[39m[0m
[  75% ] [90m[1mreimport[22m | Preparing files to reimport...[39m[0m
[  75% ] [90m[1mreimport[22m | Preparing files to reimport...[39m[0m
[  75% ] [90m[1mreimport[22m | Preparing files to reimport...[39m[0m
[  75% ] [90m[1mreimport[22m | Preparing files to reimport...[39m[0m
[  75% ] [90m[1mreimport[22m | Preparing files to reimport...[39m[0m
[  75% ] [90m[1mreimport[22m | Preparing files to reimport...[39m[0m
[  75% ] [90m[1mreimport[22m | Preparing files to reimport...[39m[0m
[  75% ] [90m[1mreimport[22m | Preparing files to reimport...[39m[0m
[  75% ] [90m[1mreimport[22m | Preparing files to reimport...[39m[0m
[  75% ] [90m[1mreimport[22m | Preparing files to reimport...[39m[0m
[  75% ] [90m[1mreimport[22m | Preparing files to reimport...[39m[0m
[  75% ] [90m[1mreimport[22m | Preparing files to reimport...[39m[0m
[  75% ] [90m[1mreimport[22m | Preparing files to reimport...[39m[0m
[  75% ] [90m[1mreimport[22m | Preparing files to reimport...[39m[0m
[  75% ] [90m[1mreimport[22m | Preparing files to reimport...[39m[0m
[  75% ] [90m[1mreimport[22m | Preparing files to reimport...[39m[0m
[  75% ] [90m[1mreimport[22m | Preparing files to reimport...[39m[0m
[  75% ] [90m[1mreimport[22m | Preparing files to reimport...[39m[0m
[  75% ] [90m[1mreimport[22m | Preparing files to reimport...[39m[0m
[  75% ] [90m[1mreimport[22m | Preparing files to reimport...[39m[0m
[  75% ] [90m[1mreimport[22m | Preparing files to reimport...[39m[0m
[  75% ] [90m[1mreimport[22m | Preparing files to reimport...[39m[0m
[  75% ] [90m[1mreimport[22m | Preparing files to reimport...[39m[0m
[  75% ] [90m[1mreimport[22m | Preparing files to reimport...[39m[0m
[  75% ] [90m[1mreimport[22m | Preparing files to reimport...[39m[0m
[  75% ] [90m[1mreimport[22m | Preparing files to reimport...[39m[0m
[  75% ] [90m[1mreimport[22m | Preparing files to reimport...[39m[0m
[  75% ] [90m[1mreimport[22m | Preparing files to reimport...[39m[0m
[  75% ] [90m[1mreimport[22m | Preparing files to reimport...[39m[0m
[  75% ] [90m[1mreimport[22m | Preparing files to reimport...[39m[0m
[  75% ] [90m[1mreimport[22m | Preparing files to reimport...[39m[0m
[  75% ] [90m[1mreimport[22m | Preparing files to reimport...[39m[0m
[  75% ] [90m[1mreimport[22m | Preparing files to reimport...[39m[0m
[  75% ] [90m[1mreimport[22m | Preparing files to reimport...[39m[0m
[  75% ] [90m[1mreimport[22m | Preparing files to reimport...[39m[0m
[  76% ] [90m[1mreimport[22m | Preparing files to reimport...[39m[0m
[  76% ] [90m[1mreimport[22m | Preparing files to reimport...[39m[0m
[  76% ] [90m[1mreimport[22m | Preparing files to reimport...[39m[0m
[  76% ] [90m[1mreimport[22m | Preparing files to reimport...[39m[0m
[  76% ] [90m[1mreimport[22m | Preparing files to reimport...[39m[0m
[  76% ] [90m[1mreimport[22m | Preparing files to reimport...[39m[0m
[  76% ] [90m[1mreimport[22m | Preparing files to reimport...[39m[0m
[  76% ] [90m[1mreimport[22m | Preparing files to reimport...[39m[0m
[  76% ] [90m[1mreimport[22m | Preparing files to reimport...[39m[0m
[  76% ] [90m[1mreimport[22m | Preparing files to reimport...[39m[0m
[  76% ] [90m[1mreimport[22m | Preparing files to reimport...[39m[0m
[  76% ] [90m[1mreimport[22m | Preparing files to reimport...[39m[0m
[  76% ] [90m[1mreimport[22m | Preparing files to reimport...[39m[0m
[  76% ] [90m[1mreimport[22m | Preparing files to reimport...[39m[0m
[  76% ] [90m[1mreimport[22m | Preparing files to reimport...[39m[0m
[  76% ] [90m[1mreimport[22m | Preparing files to reimport...[39m[0m
[  76% ] [90m[1mreimport[22m | Preparing files to reimport...[39m[0m
[  76% ] [90m[1mreimport[22m | Preparing files to reimport...[39m[0m
[  76% ] [90m[1mreimport[22m | Preparing files to reimport...[39m[0m
[  76% ] [90m[1mreimport[22m | Preparing files to reimport...[39m[0m
[  76% ] [90m[1mreimport[22m | Preparing files to reimport...[39m[0m
[  76% ] [90m[1mreimport[22m | Preparing files to reimport...[39m[0m
[  76% ] [90m[1mreimport[22m | Preparing files to reimport...[39m[0m
[  76% ] [90m[1mreimport[22m | Preparing files to reimport...[39m[0m
[  76% ] [90m[1mreimport[22m | Preparing files to reimport...[39m[0m
[  76% ] [90m[1mreimport[22m | Preparing files to reimport...[39m[0m
[  76% ] [90m[1mreimport[22m | Preparing files to reimport...[39m[0m
[  76% ] [90m[1mreimport[22m | Preparing files to reimport...[39m[0m
[  76% ] [90m[1mreimport[22m | Preparing files to reimport...[39m[0m
[  76% ] [90m[1mreimport[22m | Preparing files to reimport...[39m[0m
[  76% ] [90m[1mreimport[22m | Preparing files to reimport...[39m[0m
[  76% ] [90m[1mreimport[22m | Preparing files to reimport...[39m[0m
[  76% ] [90m[1mreimport[22m | Preparing files to reimport...[39m[0m
[  76% ] [90m[1mreimport[22m | Preparing files to reimport...[39m[0m
[  76% ] [90m[1mreimport[22m | Preparing files to reimport...[39m[0m
[  77% ] [90m[1mreimport[22m | Preparing files to reimport...[39m[0m
[  77% ] [90m[1mreimport[22m | Preparing files to reimport...[39m[0m
[  77% ] [90m[1mreimport[22m | Preparing files to reimport...[39m[0m
[  77% ] [90m[1mreimport[22m | Preparing files to reimport...[39m[0m
[  77% ] [90m[1mreimport[22m | Preparing files to reimport...[39m[0m
[  77% ] [90m[1mreimport[22m | Preparing files to reimport...[39m[0m
[  77% ] [90m[1mreimport[22m | Preparing files to reimport...[39m[0m
[  77% ] [90m[1mreimport[22m | Preparing files to reimport...[39m[0m
[  77% ] [90m[1mreimport[22m | Preparing files to reimport...[39m[0m
[  77% ] [90m[1mreimport[22m | Preparing files to reimport...[39m[0m
[  77% ] [90m[1mreimport[22m | Preparing files to reimport...[39m[0m
[  77% ] [90m[1mreimport[22m | Preparing files to reimport...[39m[0m
[  77% ] [90m[1mreimport[22m | Preparing files to reimport...[39m[0m
[  77% ] [90m[1mreimport[22m | Preparing files to reimport...[39m[0m
[  77% ] [90m[1mreimport[22m | Preparing files to reimport...[39m[0m
[  77% ] [90m[1mreimport[22m | Preparing files to reimport...[39m[0m
[  77% ] [90m[1mreimport[22m | Preparing files to reimport...[39m[0m
[  77% ] [90m[1mreimport[22m | Preparing files to reimport...[39m[0m
[  77% ] [90m[1mreimport[22m | Preparing files to reimport...[39m[0m
[  77% ] [90m[1mreimport[22m | Preparing files to reimport...[39m[0m
[  77% ] [90m[1mreimport[22m | Preparing files to reimport...[39m[0m
[  77% ] [90m[1mreimport[22m | Preparing files to reimport...[39m[0m
[  77% ] [90m[1mreimport[22m | Preparing files to reimport...[39m[0m
[  77% ] [90m[1mreimport[22m | Preparing files to reimport...[39m[0m
[  77% ] [90m[1mreimport[22m | Preparing files to reimport...[39m[0m
[  77% ] [90m[1mreimport[22m | Preparing files to reimport...[39m[0m
[  77% ] [90m[1mreimport[22m | Preparing files to reimport...[39m[0m
[  77% ] [90m[1mreimport[22m | Preparing files to reimport...[39m[0m
[  77% ] [90m[1mreimport[22m | Preparing files to reimport...[39m[0m
[  77% ] [90m[1mreimport[22m | Preparing files to reimport...[39m[0m
[  77% ] [90m[1mreimport[22m | Preparing files to reimport...[39m[0m
[  77% ] [90m[1mreimport[22m | Preparing files to reimport...[39m[0m
[  77% ] [90m[1mreimport[22m | Preparing files to reimport...[39m[0m
[  77% ] [90m[1mreimport[22m | Preparing files to reimport...[39m[0m
[  77% ] [90m[1mreimport[22m | Preparing files to reimport...[39m[0m
[  78% ] [90m[1mreimport[22m | Preparing files to reimport...[39m[0m
[  78% ] [90m[1mreimport[22m | Preparing files to reimport...[39m[0m
[  78% ] [90m[1mreimport[22m | Preparing files to reimport...[39m[0m
[  78% ] [90m[1mreimport[22m | Preparing files to reimport...[39m[0m
[  78% ] [90m[1mreimport[22m | Preparing files to reimport...[39m[0m
[  78% ] [90m[1mreimport[22m | Preparing files to reimport...[39m[0m
[  78% ] [90m[1mreimport[22m | Preparing files to reimport...[39m[0m
[  78% ] [90m[1mreimport[22m | Preparing files to reimport...[39m[0m
[  78% ] [90m[1mreimport[22m | Preparing files to reimport...[39m[0m
[  78% ] [90m[1mreimport[22m | Preparing files to reimport...[39m[0m
[  78% ] [90m[1mreimport[22m | Preparing files to reimport...[39m[0m
[  78% ] [90m[1mreimport[22m | Preparing files to reimport...[39m[0m
[  78% ] [90m[1mreimport[22m | Preparing files to reimport...[39m[0m
[  78% ] [90m[1mreimport[22m | Preparing files to reimport...[39m[0m
[  78% ] [90m[1mreimport[22m | Preparing files to reimport...[39m[0m
[  78% ] [90m[1mreimport[22m | Preparing files to reimport...[39m[0m
[  78% ] [90m[1mreimport[22m | Preparing files to reimport...[39m[0m
[  78% ] [90m[1mreimport[22m | Preparing files to reimport...[39m[0m
[  78% ] [90m[1mreimport[22m | Preparing files to reimport...[39m[0m
[  78% ] [90m[1mreimport[22m | Preparing files to reimport...[39m[0m
[  78% ] [90m[1mreimport[22m | Preparing files to reimport...[39m[0m
[  78% ] [90m[1mreimport[22m | Preparing files to reimport...[39m[0m
[  78% ] [90m[1mreimport[22m | Preparing files to reimport...[39m[0m
[  78% ] [90m[1mreimport[22m | Preparing files to reimport...[39m[0m
[  78% ] [90m[1mreimport[22m | Preparing files to reimport...[39m[0m
[  78% ] [90m[1mreimport[22m | Preparing files to reimport...[39m[0m
[  78% ] [90m[1mreimport[22m | Preparing files to reimport...[39m[0m
[  78% ] [90m[1mreimport[22m | Preparing files to reimport...[39m[0m
[  78% ] [90m[1mreimport[22m | Preparing files to reimport...[39m[0m
[  78% ] [90m[1mreimport[22m | Preparing files to reimport...[39m[0m
[  78% ] [90m[1mreimport[22m | Preparing files to reimport...[39m[0m
[  78% ] [90m[1mreimport[22m | Preparing files to reimport...[39m[0m
[  78% ] [90m[1mreimport[22m | Preparing files to reimport...[39m[0m
[  78% ] [90m[1mreimport[22m | Preparing files to reimport...[39m[0m
[  78% ] [90m[1mreimport[22m | Preparing files to reimport...[39m[0m
[  79% ] [90m[1mreimport[22m | Preparing files to reimport...[39m[0m
[  79% ] [90m[1mreimport[22m | Preparing files to reimport...[39m[0m
[  79% ] [90m[1mreimport[22m | Preparing files to reimport...[39m[0m
[  79% ] [90m[1mreimport[22m | Preparing files to reimport...[39m[0m
[  79% ] [90m[1mreimport[22m | Preparing files to reimport...[39m[0m
[  79% ] [90m[1mreimport[22m | Preparing files to reimport...[39m[0m
[  79% ] [90m[1mreimport[22m | Preparing files to reimport...[39m[0m
[  79% ] [90m[1mreimport[22m | Preparing files to reimport...[39m[0m
[  79% ] [90m[1mreimport[22m | Preparing files to reimport...[39m[0m
[  79% ] [90m[1mreimport[22m | Preparing files to reimport...[39m[0m
[  79% ] [90m[1mreimport[22m | Preparing files to reimport...[39m[0m
[  79% ] [90m[1mreimport[22m | Preparing files to reimport...[39m[0m
[  79% ] [90m[1mreimport[22m | Preparing files to reimport...[39m[0m
[  79% ] [90m[1mreimport[22m | Preparing files to reimport...[39m[0m
[  79% ] [90m[1mreimport[22m | Preparing files to reimport...[39m[0m
[  79% ] [90m[1mreimport[22m | Preparing files to reimport...[39m[0m
[  79% ] [90m[1mreimport[22m | Preparing files to reimport...[39m[0m
[  79% ] [90m[1mreimport[22m | Preparing files to reimport...[39m[0m
[  79% ] [90m[1mreimport[22m | Preparing files to reimport...[39m[0m
[  79% ] [90m[1mreimport[22m | Preparing files to reimport...[39m[0m
[  79% ] [90m[1mreimport[22m | Preparing files to reimport...[39m[0m
[  79% ] [90m[1mreimport[22m | Preparing files to reimport...[39m[0m
[  79% ] [90m[1mreimport[22m | Preparing files to reimport...[39m[0m
[  79% ] [90m[1mreimport[22m | Preparing files to reimport...[39m[0m
[  79% ] [90m[1mreimport[22m | Preparing files to reimport...[39m[0m
[  79% ] [90m[1mreimport[22m | Preparing files to reimport...[39m[0m
[  79% ] [90m[1mreimport[22m | Preparing files to reimport...[39m[0m
[  79% ] [90m[1mreimport[22m | Preparing files to reimport...[39m[0m
[  79% ] [90m[1mreimport[22m | Preparing files to reimport...[39m[0m
[  79% ] [90m[1mreimport[22m | Preparing files to reimport...[39m[0m
[  79% ] [90m[1mreimport[22m | Preparing files to reimport...[39m[0m
[  79% ] [90m[1mreimport[22m | Preparing files to reimport...[39m[0m
[  79% ] [90m[1mreimport[22m | Preparing files to reimport...[39m[0m
[  79% ] [90m[1mreimport[22m | Preparing files to reimport...[39m[0m
[  79% ] [90m[1mreimport[22m | Preparing files to reimport...[39m[0m
[  80% ] [90m[1mreimport[22m | Preparing files to reimport...[39m[0m
[  80% ] [90m[1mreimport[22m | Preparing files to reimport...[39m[0m
[  80% ] [90m[1mreimport[22m | Preparing files to reimport...[39m[0m
[  80% ] [90m[1mreimport[22m | Preparing files to reimport...[39m[0m
[  80% ] [90m[1mreimport[22m | Preparing files to reimport...[39m[0m
[  80% ] [90m[1mreimport[22m | Preparing files to reimport...[39m[0m
[  80% ] [90m[1mreimport[22m | Preparing files to reimport...[39m[0m
[  80% ] [90m[1mreimport[22m | Preparing files to reimport...[39m[0m
[  80% ] [90m[1mreimport[22m | Preparing files to reimport...[39m[0m
[  80% ] [90m[1mreimport[22m | Preparing files to reimport...[39m[0m
[  80% ] [90m[1mreimport[22m | Preparing files to reimport...[39m[0m
[  80% ] [90m[1mreimport[22m | Preparing files to reimport...[39m[0m
[  80% ] [90m[1mreimport[22m | Preparing files to reimport...[39m[0m
[  80% ] [90m[1mreimport[22m | Preparing files to reimport...[39m[0m
[  80% ] [90m[1mreimport[22m | Preparing files to reimport...[39m[0m
[  80% ] [90m[1mreimport[22m | Preparing files to reimport...[39m[0m
[  80% ] [90m[1mreimport[22m | Preparing files to reimport...[39m[0m
[  80% ] [90m[1mreimport[22m | Preparing files to reimport...[39m[0m
[  80% ] [90m[1mreimport[22m | Preparing files to reimport...[39m[0m
[  80% ] [90m[1mreimport[22m | Preparing files to reimport...[39m[0m
[  80% ] [90m[1mreimport[22m | Preparing files to reimport...[39m[0m
[  80% ] [90m[1mreimport[22m | Preparing files to reimport...[39m[0m
[  80% ] [90m[1mreimport[22m | Preparing files to reimport...[39m[0m
[  80% ] [90m[1mreimport[22m | Preparing files to reimport...[39m[0m
[  80% ] [90m[1mreimport[22m | Preparing files to reimport...[39m[0m
[  80% ] [90m[1mreimport[22m | Preparing files to reimport...[39m[0m
[  80% ] [90m[1mreimport[22m | Preparing files to reimport...[39m[0m
[  80% ] [90m[1mreimport[22m | Preparing files to reimport...[39m[0m
[  80% ] [90m[1mreimport[22m | Preparing files to reimport...[39m[0m
[  80% ] [90m[1mreimport[22m | Preparing files to reimport...[39m[0m
[  80% ] [90m[1mreimport[22m | Preparing files to reimport...[39m[0m
[  80% ] [90m[1mreimport[22m | Preparing files to reimport...[39m[0m
[  80% ] [90m[1mreimport[22m | Preparing files to reimport...[39m[0m
[  80% ] [90m[1mreimport[22m | Preparing files to reimport...[39m[0m
[  80% ] [90m[1mreimport[22m | Preparing files to reimport...[39m[0m
[  81% ] [90m[1mreimport[22m | Preparing files to reimport...[39m[0m
[  81% ] [90m[1mreimport[22m | Preparing files to reimport...[39m[0m
[  81% ] [90m[1mreimport[22m | Preparing files to reimport...[39m[0m
[  81% ] [90m[1mreimport[22m | Preparing files to reimport...[39m[0m
[  81% ] [90m[1mreimport[22m | Preparing files to reimport...[39m[0m
[  81% ] [90m[1mreimport[22m | Preparing files to reimport...[39m[0m
[  81% ] [90m[1mreimport[22m | Preparing files to reimport...[39m[0m
[  81% ] [90m[1mreimport[22m | Preparing files to reimport...[39m[0m
[  81% ] [90m[1mreimport[22m | Preparing files to reimport...[39m[0m
[  81% ] [90m[1mreimport[22m | Preparing files to reimport...[39m[0m
[  81% ] [90m[1mreimport[22m | Preparing files to reimport...[39m[0m
[  81% ] [90m[1mreimport[22m | Preparing files to reimport...[39m[0m
[  81% ] [90m[1mreimport[22m | Preparing files to reimport...[39m[0m
[  81% ] [90m[1mreimport[22m | Preparing files to reimport...[39m[0m
[  81% ] [90m[1mreimport[22m | Preparing files to reimport...[39m[0m
[  81% ] [90m[1mreimport[22m | Preparing files to reimport...[39m[0m
[  81% ] [90m[1mreimport[22m | Preparing files to reimport...[39m[0m
[  81% ] [90m[1mreimport[22m | Preparing files to reimport...[39m[0m
[  81% ] [90m[1mreimport[22m | Preparing files to reimport...[39m[0m
[  81% ] [90m[1mreimport[22m | Preparing files to reimport...[39m[0m
[  81% ] [90m[1mreimport[22m | Preparing files to reimport...[39m[0m
[  81% ] [90m[1mreimport[22m | Preparing files to reimport...[39m[0m
[  81% ] [90m[1mreimport[22m | Preparing files to reimport...[39m[0m
[  81% ] [90m[1mreimport[22m | Preparing files to reimport...[39m[0m
[  81% ] [90m[1mreimport[22m | Preparing files to reimport...[39m[0m
[  81% ] [90m[1mreimport[22m | Preparing files to reimport...[39m[0m
[  81% ] [90m[1mreimport[22m | Preparing files to reimport...[39m[0m
[  81% ] [90m[1mreimport[22m | Preparing files to reimport...[39m[0m
[  81% ] [90m[1mreimport[22m | Preparing files to reimport...[39m[0m
[  81% ] [90m[1mreimport[22m | Preparing files to reimport...[39m[0m
[  81% ] [90m[1mreimport[22m | Preparing files to reimport...[39m[0m
[  81% ] [90m[1mreimport[22m | Preparing files to reimport...[39m[0m
[  81% ] [90m[1mreimport[22m | Preparing files to reimport...[39m[0m
[  81% ] [90m[1mreimport[22m | Preparing files to reimport...[39m[0m
[  81% ] [90m[1mreimport[22m | Preparing files to reimport...[39m[0m
[  82% ] [90m[1mreimport[22m | Preparing files to reimport...[39m[0m
[  82% ] [90m[1mreimport[22m | Preparing files to reimport...[39m[0m
[  82% ] [90m[1mreimport[22m | Preparing files to reimport...[39m[0m
[  82% ] [90m[1mreimport[22m | Preparing files to reimport...[39m[0m
[  82% ] [90m[1mreimport[22m | Preparing files to reimport...[39m[0m
[  82% ] [90m[1mreimport[22m | Preparing files to reimport...[39m[0m
[  82% ] [90m[1mreimport[22m | Preparing files to reimport...[39m[0m
[  82% ] [90m[1mreimport[22m | Preparing files to reimport...[39m[0m
[  82% ] [90m[1mreimport[22m | Preparing files to reimport...[39m[0m
[  82% ] [90m[1mreimport[22m | Preparing files to reimport...[39m[0m
[  82% ] [90m[1mreimport[22m | Preparing files to reimport...[39m[0m
[  82% ] [90m[1mreimport[22m | Preparing files to reimport...[39m[0m
[  82% ] [90m[1mreimport[22m | Preparing files to reimport...[39m[0m
[  82% ] [90m[1mreimport[22m | Preparing files to reimport...[39m[0m
[  82% ] [90m[1mreimport[22m | Preparing files to reimport...[39m[0m
[  82% ] [90m[1mreimport[22m | Preparing files to reimport...[39m[0m
[  82% ] [90m[1mreimport[22m | Preparing files to reimport...[39m[0m
[  82% ] [90m[1mreimport[22m | Preparing files to reimport...[39m[0m
[  82% ] [90m[1mreimport[22m | Preparing files to reimport...[39m[0m
[  82% ] [90m[1mreimport[22m | Preparing files to reimport...[39m[0m
[  82% ] [90m[1mreimport[22m | Preparing files to reimport...[39m[0m
[  82% ] [90m[1mreimport[22m | Preparing files to reimport...[39m[0m
[  82% ] [90m[1mreimport[22m | Preparing files to reimport...[39m[0m
[  82% ] [90m[1mreimport[22m | Preparing files to reimport...[39m[0m
[  82% ] [90m[1mreimport[22m | Preparing files to reimport...[39m[0m
[  82% ] [90m[1mreimport[22m | Preparing files to reimport...[39m[0m
[  82% ] [90m[1mreimport[22m | Preparing files to reimport...[39m[0m
[  82% ] [90m[1mreimport[22m | Preparing files to reimport...[39m[0m
[  82% ] [90m[1mreimport[22m | Preparing files to reimport...[39m[0m
[  82% ] [90m[1mreimport[22m | Preparing files to reimport...[39m[0m
[  82% ] [90m[1mreimport[22m | Preparing files to reimport...[39m[0m
[  82% ] [90m[1mreimport[22m | Preparing files to reimport...[39m[0m
[  82% ] [90m[1mreimport[22m | Preparing files to reimport...[39m[0m
[  82% ] [90m[1mreimport[22m | Preparing files to reimport...[39m[0m
[  82% ] [90m[1mreimport[22m | Preparing files to reimport...[39m[0m
[  83% ] [90m[1mreimport[22m | Preparing files to reimport...[39m[0m
[  83% ] [90m[1mreimport[22m | Preparing files to reimport...[39m[0m
[  83% ] [90m[1mreimport[22m | Preparing files to reimport...[39m[0m
[  83% ] [90m[1mreimport[22m | Preparing files to reimport...[39m[0m
[  83% ] [90m[1mreimport[22m | Preparing files to reimport...[39m[0m
[  83% ] [90m[1mreimport[22m | Preparing files to reimport...[39m[0m
[  83% ] [90m[1mreimport[22m | Preparing files to reimport...[39m[0m
[  83% ] [90m[1mreimport[22m | Preparing files to reimport...[39m[0m
[  83% ] [90m[1mreimport[22m | Preparing files to reimport...[39m[0m
[  83% ] [90m[1mreimport[22m | Preparing files to reimport...[39m[0m
[  83% ] [90m[1mreimport[22m | Preparing files to reimport...[39m[0m
[  83% ] [90m[1mreimport[22m | Preparing files to reimport...[39m[0m
[  83% ] [90m[1mreimport[22m | Preparing files to reimport...[39m[0m
[  83% ] [90m[1mreimport[22m | Preparing files to reimport...[39m[0m
[  83% ] [90m[1mreimport[22m | Preparing files to reimport...[39m[0m
[  83% ] [90m[1mreimport[22m | Preparing files to reimport...[39m[0m
[  83% ] [90m[1mreimport[22m | Preparing files to reimport...[39m[0m
[  83% ] [90m[1mreimport[22m | Preparing files to reimport...[39m[0m
[  83% ] [90m[1mreimport[22m | Preparing files to reimport...[39m[0m
[  83% ] [90m[1mreimport[22m | Preparing files to reimport...[39m[0m
[  83% ] [90m[1mreimport[22m | Preparing files to reimport...[39m[0m
[  83% ] [90m[1mreimport[22m | Preparing files to reimport...[39m[0m
[  83% ] [90m[1mreimport[22m | Preparing files to reimport...[39m[0m
[  83% ] [90m[1mreimport[22m | Preparing files to reimport...[39m[0m
[  83% ] [90m[1mreimport[22m | Preparing files to reimport...[39m[0m
[  83% ] [90m[1mreimport[22m | Preparing files to reimport...[39m[0m
[  83% ] [90m[1mreimport[22m | Preparing files to reimport...[39m[0m
[  83% ] [90m[1mreimport[22m | Preparing files to reimport...[39m[0m
[  83% ] [90m[1mreimport[22m | Preparing files to reimport...[39m[0m
[  83% ] [90m[1mreimport[22m | Preparing files to reimport...[39m[0m
[  83% ] [90m[1mreimport[22m | Preparing files to reimport...[39m[0m
[  83% ] [90m[1mreimport[22m | Preparing files to reimport...[39m[0m
[  83% ] [90m[1mreimport[22m | Preparing files to reimport...[39m[0m
[  83% ] [90m[1mreimport[22m | Preparing files to reimport...[39m[0m
[  83% ] [90m[1mreimport[22m | Preparing files to reimport...[39m[0m
[  84% ] [90m[1mreimport[22m | Preparing files to reimport...[39m[0m
[  84% ] [90m[1mreimport[22m | Preparing files to reimport...[39m[0m
[  84% ] [90m[1mreimport[22m | Preparing files to reimport...[39m[0m
[  84% ] [90m[1mreimport[22m | Preparing files to reimport...[39m[0m
[  84% ] [90m[1mreimport[22m | Preparing files to reimport...[39m[0m
[  84% ] [90m[1mreimport[22m | Preparing files to reimport...[39m[0m
[  84% ] [90m[1mreimport[22m | Preparing files to reimport...[39m[0m
[  84% ] [90m[1mreimport[22m | Preparing files to reimport...[39m[0m
[  84% ] [90m[1mreimport[22m | Preparing files to reimport...[39m[0m
[  84% ] [90m[1mreimport[22m | Preparing files to reimport...[39m[0m
[  84% ] [90m[1mreimport[22m | Preparing files to reimport...[39m[0m
[  84% ] [90m[1mreimport[22m | Preparing files to reimport...[39m[0m
[  84% ] [90m[1mreimport[22m | Preparing files to reimport...[39m[0m
[  84% ] [90m[1mreimport[22m | Preparing files to reimport...[39m[0m
[  84% ] [90m[1mreimport[22m | Preparing files to reimport...[39m[0m
[  84% ] [90m[1mreimport[22m | Preparing files to reimport...[39m[0m
[  84% ] [90m[1mreimport[22m | Preparing files to reimport...[39m[0m
[  84% ] [90m[1mreimport[22m | Preparing files to reimport...[39m[0m
[  84% ] [90m[1mreimport[22m | Preparing files to reimport...[39m[0m
[  84% ] [90m[1mreimport[22m | Preparing files to reimport...[39m[0m
[  84% ] [90m[1mreimport[22m | Preparing files to reimport...[39m[0m
[  84% ] [90m[1mreimport[22m | Preparing files to reimport...[39m[0m
[  84% ] [90m[1mreimport[22m | Preparing files to reimport...[39m[0m
[  84% ] [90m[1mreimport[22m | Preparing files to reimport...[39m[0m
[  84% ] [90m[1mreimport[22m | Preparing files to reimport...[39m[0m
[  84% ] [90m[1mreimport[22m | Preparing files to reimport...[39m[0m
[  84% ] [90m[1mreimport[22m | Preparing files to reimport...[39m[0m
[  84% ] [90m[1mreimport[22m | Preparing files to reimport...[39m[0m
[  84% ] [90m[1mreimport[22m | Preparing files to reimport...[39m[0m
[  84% ] [90m[1mreimport[22m | Preparing files to reimport...[39m[0m
[  84% ] [90m[1mreimport[22m | Preparing files to reimport...[39m[0m
[  84% ] [90m[1mreimport[22m | Preparing files to reimport...[39m[0m
[  84% ] [90m[1mreimport[22m | Preparing files to reimport...[39m[0m
[  84% ] [90m[1mreimport[22m | Preparing files to reimport...[39m[0m
[  84% ] [90m[1mreimport[22m | Preparing files to reimport...[39m[0m
[  85% ] [90m[1mreimport[22m | Preparing files to reimport...[39m[0m
[  85% ] [90m[1mreimport[22m | Preparing files to reimport...[39m[0m
[  85% ] [90m[1mreimport[22m | Preparing files to reimport...[39m[0m
[  85% ] [90m[1mreimport[22m | Preparing files to reimport...[39m[0m
[  85% ] [90m[1mreimport[22m | Preparing files to reimport...[39m[0m
[  85% ] [90m[1mreimport[22m | Preparing files to reimport...[39m[0m
[  85% ] [90m[1mreimport[22m | Preparing files to reimport...[39m[0m
[  85% ] [90m[1mreimport[22m | Preparing files to reimport...[39m[0m
[  85% ] [90m[1mreimport[22m | Preparing files to reimport...[39m[0m
[  85% ] [90m[1mreimport[22m | Preparing files to reimport...[39m[0m
[  85% ] [90m[1mreimport[22m | Preparing files to reimport...[39m[0m
[  85% ] [90m[1mreimport[22m | Preparing files to reimport...[39m[0m
[  85% ] [90m[1mreimport[22m | Preparing files to reimport...[39m[0m
[  85% ] [90m[1mreimport[22m | Preparing files to reimport...[39m[0m
[  85% ] [90m[1mreimport[22m | Preparing files to reimport...[39m[0m
[  85% ] [90m[1mreimport[22m | Preparing files to reimport...[39m[0m
[  85% ] [90m[1mreimport[22m | Preparing files to reimport...[39m[0m
[  85% ] [90m[1mreimport[22m | Preparing files to reimport...[39m[0m
[  85% ] [90m[1mreimport[22m | Preparing files to reimport...[39m[0m
[  85% ] [90m[1mreimport[22m | Preparing files to reimport...[39m[0m
[  85% ] [90m[1mreimport[22m | Preparing files to reimport...[39m[0m
[  85% ] [90m[1mreimport[22m | Preparing files to reimport...[39m[0m
[  85% ] [90m[1mreimport[22m | Preparing files to reimport...[39m[0m
[  85% ] [90m[1mreimport[22m | Preparing files to reimport...[39m[0m
[  85% ] [90m[1mreimport[22m | Preparing files to reimport...[39m[0m
[  85% ] [90m[1mreimport[22m | Preparing files to reimport...[39m[0m
[  85% ] [90m[1mreimport[22m | Preparing files to reimport...[39m[0m
[  85% ] [90m[1mreimport[22m | Preparing files to reimport...[39m[0m
[  85% ] [90m[1mreimport[22m | Preparing files to reimport...[39m[0m
[  85% ] [90m[1mreimport[22m | Preparing files to reimport...[39m[0m
[  85% ] [90m[1mreimport[22m | Preparing files to reimport...[39m[0m
[  85% ] [90m[1mreimport[22m | Preparing files to reimport...[39m[0m
[  85% ] [90m[1mreimport[22m | Preparing files to reimport...[39m[0m
[  85% ] [90m[1mreimport[22m | Preparing files to reimport...[39m[0m
[  86% ] [90m[1mreimport[22m | Preparing files to reimport...[39m[0m
[  86% ] [90m[1mreimport[22m | Preparing files to reimport...[39m[0m
[  86% ] [90m[1mreimport[22m | Preparing files to reimport...[39m[0m
[  86% ] [90m[1mreimport[22m | Preparing files to reimport...[39m[0m
[  86% ] [90m[1mreimport[22m | Preparing files to reimport...[39m[0m
[  86% ] [90m[1mreimport[22m | Preparing files to reimport...[39m[0m
[  86% ] [90m[1mreimport[22m | Preparing files to reimport...[39m[0m
[  86% ] [90m[1mreimport[22m | Preparing files to reimport...[39m[0m
[  86% ] [90m[1mreimport[22m | Preparing files to reimport...[39m[0m
[  86% ] [90m[1mreimport[22m | Preparing files to reimport...[39m[0m
[  86% ] [90m[1mreimport[22m | Preparing files to reimport...[39m[0m
[  86% ] [90m[1mreimport[22m | Preparing files to reimport...[39m[0m
[  86% ] [90m[1mreimport[22m | Preparing files to reimport...[39m[0m
[  86% ] [90m[1mreimport[22m | Preparing files to reimport...[39m[0m
[  86% ] [90m[1mreimport[22m | Preparing files to reimport...[39m[0m
[  86% ] [90m[1mreimport[22m | Preparing files to reimport...[39m[0m
[  86% ] [90m[1mreimport[22m | Preparing files to reimport...[39m[0m
[  86% ] [90m[1mreimport[22m | Preparing files to reimport...[39m[0m
[  86% ] [90m[1mreimport[22m | Preparing files to reimport...[39m[0m
[  86% ] [90m[1mreimport[22m | Preparing files to reimport...[39m[0m
[  86% ] [90m[1mreimport[22m | Preparing files to reimport...[39m[0m
[  86% ] [90m[1mreimport[22m | Preparing files to reimport...[39m[0m
[  86% ] [90m[1mreimport[22m | Preparing files to reimport...[39m[0m
[  86% ] [90m[1mreimport[22m | Preparing files to reimport...[39m[0m
[  86% ] [90m[1mreimport[22m | Preparing files to reimport...[39m[0m
[  86% ] [90m[1mreimport[22m | Preparing files to reimport...[39m[0m
[  86% ] [90m[1mreimport[22m | Preparing files to reimport...[39m[0m
[  86% ] [90m[1mreimport[22m | Preparing files to reimport...[39m[0m
[  86% ] [90m[1mreimport[22m | Preparing files to reimport...[39m[0m
[  86% ] [90m[1mreimport[22m | Preparing files to reimport...[39m[0m
[  86% ] [90m[1mreimport[22m | Preparing files to reimport...[39m[0m
[  86% ] [90m[1mreimport[22m | Preparing files to reimport...[39m[0m
[  86% ] [90m[1mreimport[22m | Preparing files to reimport...[39m[0m
[  86% ] [90m[1mreimport[22m | Preparing files to reimport...[39m[0m
[  86% ] [90m[1mreimport[22m | Preparing files to reimport...[39m[0m
[  87% ] [90m[1mreimport[22m | Preparing files to reimport...[39m[0m
[  87% ] [90m[1mreimport[22m | Preparing files to reimport...[39m[0m
[  87% ] [90m[1mreimport[22m | Preparing files to reimport...[39m[0m
[  87% ] [90m[1mreimport[22m | Preparing files to reimport...[39m[0m
[  87% ] [90m[1mreimport[22m | Preparing files to reimport...[39m[0m
[  87% ] [90m[1mreimport[22m | Preparing files to reimport...[39m[0m
[  87% ] [90m[1mreimport[22m | Preparing files to reimport...[39m[0m
[  87% ] [90m[1mreimport[22m | Preparing files to reimport...[39m[0m
[  87% ] [90m[1mreimport[22m | Preparing files to reimport...[39m[0m
[  87% ] [90m[1mreimport[22m | Preparing files to reimport...[39m[0m
[  87% ] [90m[1mreimport[22m | Preparing files to reimport...[39m[0m
[  87% ] [90m[1mreimport[22m | Preparing files to reimport...[39m[0m
[  87% ] [90m[1mreimport[22m | Preparing files to reimport...[39m[0m
[  87% ] [90m[1mreimport[22m | Preparing files to reimport...[39m[0m
[  87% ] [90m[1mreimport[22m | Preparing files to reimport...[39m[0m
[  87% ] [90m[1mreimport[22m | Preparing files to reimport...[39m[0m
[  87% ] [90m[1mreimport[22m | Preparing files to reimport...[39m[0m
[  87% ] [90m[1mreimport[22m | Preparing files to reimport...[39m[0m
[  87% ] [90m[1mreimport[22m | Preparing files to reimport...[39m[0m
[  87% ] [90m[1mreimport[22m | Preparing files to reimport...[39m[0m
[  87% ] [90m[1mreimport[22m | Preparing files to reimport...[39m[0m
[  87% ] [90m[1mreimport[22m | Preparing files to reimport...[39m[0m
[  87% ] [90m[1mreimport[22m | Preparing files to reimport...[39m[0m
[  87% ] [90m[1mreimport[22m | Preparing files to reimport...[39m[0m
[  87% ] [90m[1mreimport[22m | Preparing files to reimport...[39m[0m
[  87% ] [90m[1mreimport[22m | Preparing files to reimport...[39m[0m
[  87% ] [90m[1mreimport[22m | Preparing files to reimport...[39m[0m
[  87% ] [90m[1mreimport[22m | Preparing files to reimport...[39m[0m
[  87% ] [90m[1mreimport[22m | Preparing files to reimport...[39m[0m
[  87% ] [90m[1mreimport[22m | Preparing files to reimport...[39m[0m
[  87% ] [90m[1mreimport[22m | Preparing files to reimport...[39m[0m
[  87% ] [90m[1mreimport[22m | Preparing files to reimport...[39m[0m
[  87% ] [90m[1mreimport[22m | Preparing files to reimport...[39m[0m
[  87% ] [90m[1mreimport[22m | Preparing files to reimport...[39m[0m
[  87% ] [90m[1mreimport[22m | Preparing files to reimport...[39m[0m
[  88% ] [90m[1mreimport[22m | Preparing files to reimport...[39m[0m
[  88% ] [90m[1mreimport[22m | Preparing files to reimport...[39m[0m
[  88% ] [90m[1mreimport[22m | Preparing files to reimport...[39m[0m
[  88% ] [90m[1mreimport[22m | Preparing files to reimport...[39m[0m
[  88% ] [90m[1mreimport[22m | Preparing files to reimport...[39m[0m
[  88% ] [90m[1mreimport[22m | Preparing files to reimport...[39m[0m
[  88% ] [90m[1mreimport[22m | Preparing files to reimport...[39m[0m
[  88% ] [90m[1mreimport[22m | Preparing files to reimport...[39m[0m
[  88% ] [90m[1mreimport[22m | Preparing files to reimport...[39m[0m
[  88% ] [90m[1mreimport[22m | Preparing files to reimport...[39m[0m
[  88% ] [90m[1mreimport[22m | Preparing files to reimport...[39m[0m
[  88% ] [90m[1mreimport[22m | Preparing files to reimport...[39m[0m
[  88% ] [90m[1mreimport[22m | Preparing files to reimport...[39m[0m
[  88% ] [90m[1mreimport[22m | Preparing files to reimport...[39m[0m
[  88% ] [90m[1mreimport[22m | Preparing files to reimport...[39m[0m
[  88% ] [90m[1mreimport[22m | Preparing files to reimport...[39m[0m
[  88% ] [90m[1mreimport[22m | Preparing files to reimport...[39m[0m
[  88% ] [90m[1mreimport[22m | Preparing files to reimport...[39m[0m
[  88% ] [90m[1mreimport[22m | Preparing files to reimport...[39m[0m
[  88% ] [90m[1mreimport[22m | Preparing files to reimport...[39m[0m
[  88% ] [90m[1mreimport[22m | Preparing files to reimport...[39m[0m
[  88% ] [90m[1mreimport[22m | Preparing files to reimport...[39m[0m
[  88% ] [90m[1mreimport[22m | Preparing files to reimport...[39m[0m
[  88% ] [90m[1mreimport[22m | Preparing files to reimport...[39m[0m
[  88% ] [90m[1mreimport[22m | Preparing files to reimport...[39m[0m
[  88% ] [90m[1mreimport[22m | Preparing files to reimport...[39m[0m
[  88% ] [90m[1mreimport[22m | Preparing files to reimport...[39m[0m
[  88% ] [90m[1mreimport[22m | Preparing files to reimport...[39m[0m
[  88% ] [90m[1mreimport[22m | Preparing files to reimport...[39m[0m
[  88% ] [90m[1mreimport[22m | Preparing files to reimport...[39m[0m
[  88% ] [90m[1mreimport[22m | Preparing files to reimport...[39m[0m
[  88% ] [90m[1mreimport[22m | Preparing files to reimport...[39m[0m
[  88% ] [90m[1mreimport[22m | Preparing files to reimport...[39m[0m
[  88% ] [90m[1mreimport[22m | Preparing files to reimport...[39m[0m
[  88% ] [90m[1mreimport[22m | Preparing files to reimport...[39m[0m
[  89% ] [90m[1mreimport[22m | Preparing files to reimport...[39m[0m
[  89% ] [90m[1mreimport[22m | Preparing files to reimport...[39m[0m
[  89% ] [90m[1mreimport[22m | Preparing files to reimport...[39m[0m
[  89% ] [90m[1mreimport[22m | Preparing files to reimport...[39m[0m
[  89% ] [90m[1mreimport[22m | Preparing files to reimport...[39m[0m
[  89% ] [90m[1mreimport[22m | Preparing files to reimport...[39m[0m
[  89% ] [90m[1mreimport[22m | Preparing files to reimport...[39m[0m
[  89% ] [90m[1mreimport[22m | Preparing files to reimport...[39m[0m
[  89% ] [90m[1mreimport[22m | Preparing files to reimport...[39m[0m
[  89% ] [90m[1mreimport[22m | Preparing files to reimport...[39m[0m
[  89% ] [90m[1mreimport[22m | Preparing files to reimport...[39m[0m
[  89% ] [90m[1mreimport[22m | Preparing files to reimport...[39m[0m
[  89% ] [90m[1mreimport[22m | Preparing files to reimport...[39m[0m
[  89% ] [90m[1mreimport[22m | Preparing files to reimport...[39m[0m
[  89% ] [90m[1mreimport[22m | Preparing files to reimport...[39m[0m
[  89% ] [90m[1mreimport[22m | Preparing files to reimport...[39m[0m
[  89% ] [90m[1mreimport[22m | Preparing files to reimport...[39m[0m
[  89% ] [90m[1mreimport[22m | Preparing files to reimport...[39m[0m
[  89% ] [90m[1mreimport[22m | Preparing files to reimport...[39m[0m
[  89% ] [90m[1mreimport[22m | Preparing files to reimport...[39m[0m
[  89% ] [90m[1mreimport[22m | Preparing files to reimport...[39m[0m
[  89% ] [90m[1mreimport[22m | Preparing files to reimport...[39m[0m
[  89% ] [90m[1mreimport[22m | Preparing files to reimport...[39m[0m
[  89% ] [90m[1mreimport[22m | Preparing files to reimport...[39m[0m
[  89% ] [90m[1mreimport[22m | Preparing files to reimport...[39m[0m
[  89% ] [90m[1mreimport[22m | Preparing files to reimport...[39m[0m
[  89% ] [90m[1mreimport[22m | Preparing files to reimport...[39m[0m
[  89% ] [90m[1mreimport[22m | Preparing files to reimport...[39m[0m
[  89% ] [90m[1mreimport[22m | Preparing files to reimport...[39m[0m
[  89% ] [90m[1mreimport[22m | Preparing files to reimport...[39m[0m
[  89% ] [90m[1mreimport[22m | Preparing files to reimport...[39m[0m
[  89% ] [90m[1mreimport[22m | Preparing files to reimport...[39m[0m
[  89% ] [90m[1mreimport[22m | Preparing files to reimport...[39m[0m
[  89% ] [90m[1mreimport[22m | Preparing files to reimport...[39m[0m
[  89% ] [90m[1mreimport[22m | Preparing files to reimport...[39m[0m
[  90% ] [90m[1mreimport[22m | Preparing files to reimport...[39m[0m
[  90% ] [90m[1mreimport[22m | Preparing files to reimport...[39m[0m
[  90% ] [90m[1mreimport[22m | Preparing files to reimport...[39m[0m
[  90% ] [90m[1mreimport[22m | Preparing files to reimport...[39m[0m
[  90% ] [90m[1mreimport[22m | Preparing files to reimport...[39m[0m
[  90% ] [90m[1mreimport[22m | Preparing files to reimport...[39m[0m
[  90% ] [90m[1mreimport[22m | Preparing files to reimport...[39m[0m
[  90% ] [90m[1mreimport[22m | Preparing files to reimport...[39m[0m
[  90% ] [90m[1mreimport[22m | Preparing files to reimport...[39m[0m
[  90% ] [90m[1mreimport[22m | Preparing files to reimport...[39m[0m
[  90% ] [90m[1mreimport[22m | Preparing files to reimport...[39m[0m
[  90% ] [90m[1mreimport[22m | Preparing files to reimport...[39m[0m
[  90% ] [90m[1mreimport[22m | Preparing files to reimport...[39m[0m
[  90% ] [90m[1mreimport[22m | Preparing files to reimport...[39m[0m
[  90% ] [90m[1mreimport[22m | Preparing files to reimport...[39m[0m
[  90% ] [90m[1mreimport[22m | Preparing files to reimport...[39m[0m
[  90% ] [90m[1mreimport[22m | Preparing files to reimport...[39m[0m
[  90% ] [90m[1mreimport[22m | Preparing files to reimport...[39m[0m
[  90% ] [90m[1mreimport[22m | Preparing files to reimport...[39m[0m
[  90% ] [90m[1mreimport[22m | Preparing files to reimport...[39m[0m
[  90% ] [90m[1mreimport[22m | Preparing files to reimport...[39m[0m
[  90% ] [90m[1mreimport[22m | Preparing files to reimport...[39m[0m
[  90% ] [90m[1mreimport[22m | Preparing files to reimport...[39m[0m
[  90% ] [90m[1mreimport[22m | Preparing files to reimport...[39m[0m
[  90% ] [90m[1mreimport[22m | Preparing files to reimport...[39m[0m
[  90% ] [90m[1mreimport[22m | Preparing files to reimport...[39m[0m
[  90% ] [90m[1mreimport[22m | Preparing files to reimport...[39m[0m
[  90% ] [90m[1mreimport[22m | Preparing files to reimport...[39m[0m
[  90% ] [90m[1mreimport[22m | Preparing files to reimport...[39m[0m
[  90% ] [90m[1mreimport[22m | Preparing files to reimport...[39m[0m
[  90% ] [90m[1mreimport[22m | Preparing files to reimport...[39m[0m
[  90% ] [90m[1mreimport[22m | Preparing files to reimport...[39m[0m
[  90% ] [90m[1mreimport[22m | Preparing files to reimport...[39m[0m
[  90% ] [90m[1mreimport[22m | Preparing files to reimport...[39m[0m
[  90% ] [90m[1mreimport[22m | Preparing files to reimport...[39m[0m
[  91% ] [90m[1mreimport[22m | Preparing files to reimport...[39m[0m
[  91% ] [90m[1mreimport[22m | Preparing files to reimport...[39m[0m
[  91% ] [90m[1mreimport[22m | Preparing files to reimport...[39m[0m
[  91% ] [90m[1mreimport[22m | Preparing files to reimport...[39m[0m
[  91% ] [90m[1mreimport[22m | Preparing files to reimport...[39m[0m
[  91% ] [90m[1mreimport[22m | Preparing files to reimport...[39m[0m
[  91% ] [90m[1mreimport[22m | Preparing files to reimport...[39m[0m
[  91% ] [90m[1mreimport[22m | Preparing files to reimport...[39m[0m
[  91% ] [90m[1mreimport[22m | Preparing files to reimport...[39m[0m
[  91% ] [90m[1mreimport[22m | Preparing files to reimport...[39m[0m
[  91% ] [90m[1mreimport[22m | Preparing files to reimport...[39m[0m
[  91% ] [90m[1mreimport[22m | Preparing files to reimport...[39m[0m
[  91% ] [90m[1mreimport[22m | Preparing files to reimport...[39m[0m
[  91% ] [90m[1mreimport[22m | Preparing files to reimport...[39m[0m
[  91% ] [90m[1mreimport[22m | Preparing files to reimport...[39m[0m
[  91% ] [90m[1mreimport[22m | Preparing files to reimport...[39m[0m
[  91% ] [90m[1mreimport[22m | Preparing files to reimport...[39m[0m
[  91% ] [90m[1mreimport[22m | Preparing files to reimport...[39m[0m
[  91% ] [90m[1mreimport[22m | Preparing files to reimport...[39m[0m
[  91% ] [90m[1mreimport[22m | Preparing files to reimport...[39m[0m
[  91% ] [90m[1mreimport[22m | Preparing files to reimport...[39m[0m
[  91% ] [90m[1mreimport[22m | Preparing files to reimport...[39m[0m
[  91% ] [90m[1mreimport[22m | Preparing files to reimport...[39m[0m
[  91% ] [90m[1mreimport[22m | Preparing files to reimport...[39m[0m
[  91% ] [90m[1mreimport[22m | Preparing files to reimport...[39m[0m
[  91% ] [90m[1mreimport[22m | Preparing files to reimport...[39m[0m
[  91% ] [90m[1mreimport[22m | Preparing files to reimport...[39m[0m
[  91% ] [90m[1mreimport[22m | Preparing files to reimport...[39m[0m
[  91% ] [90m[1mreimport[22m | Preparing files to reimport...[39m[0m
[  91% ] [90m[1mreimport[22m | Preparing files to reimport...[39m[0m
[  91% ] [90m[1mreimport[22m | Preparing files to reimport...[39m[0m
[  91% ] [90m[1mreimport[22m | Preparing files to reimport...[39m[0m
[  91% ] [90m[1mreimport[22m | Preparing files to reimport...[39m[0m
[  91% ] [90m[1mreimport[22m | Preparing files to reimport...[39m[0m
[  91% ] [90m[1mreimport[22m | Preparing files to reimport...[39m[0m
[  92% ] [90m[1mreimport[22m | Preparing files to reimport...[39m[0m
[  92% ] [90m[1mreimport[22m | Preparing files to reimport...[39m[0m
[  92% ] [90m[1mreimport[22m | Preparing files to reimport...[39m[0m
[  92% ] [90m[1mreimport[22m | Preparing files to reimport...[39m[0m
[  92% ] [90m[1mreimport[22m | Preparing files to reimport...[39m[0m
[  92% ] [90m[1mreimport[22m | Preparing files to reimport...[39m[0m
[  92% ] [90m[1mreimport[22m | Preparing files to reimport...[39m[0m
[  92% ] [90m[1mreimport[22m | Preparing files to reimport...[39m[0m
[  92% ] [90m[1mreimport[22m | Preparing files to reimport...[39m[0m
[  92% ] [90m[1mreimport[22m | Preparing files to reimport...[39m[0m
[  92% ] [90m[1mreimport[22m | Preparing files to reimport...[39m[0m
[  92% ] [90m[1mreimport[22m | Preparing files to reimport...[39m[0m
[  92% ] [90m[1mreimport[22m | Preparing files to reimport...[39m[0m
[  92% ] [90m[1mreimport[22m | Preparing files to reimport...[39m[0m
[  92% ] [90m[1mreimport[22m | Preparing files to reimport...[39m[0m
[  92% ] [90m[1mreimport[22m | Preparing files to reimport...[39m[0m
[  92% ] [90m[1mreimport[22m | Preparing files to reimport...[39m[0m
[  92% ] [90m[1mreimport[22m | Preparing files to reimport...[39m[0m
[  92% ] [90m[1mreimport[22m | Preparing files to reimport...[39m[0m
[  92% ] [90m[1mreimport[22m | Preparing files to reimport...[39m[0m
[  92% ] [90m[1mreimport[22m | Preparing files to reimport...[39m[0m
[  92% ] [90m[1mreimport[22m | Preparing files to reimport...[39m[0m
[  92% ] [90m[1mreimport[22m | Preparing files to reimport...[39m[0m
[  92% ] [90m[1mreimport[22m | Preparing files to reimport...[39m[0m
[  92% ] [90m[1mreimport[22m | Preparing files to reimport...[39m[0m
[  92% ] [90m[1mreimport[22m | Preparing files to reimport...[39m[0m
[  92% ] [90m[1mreimport[22m | Preparing files to reimport...[39m[0m
[  92% ] [90m[1mreimport[22m | Preparing files to reimport...[39m[0m
[  92% ] [90m[1mreimport[22m | Preparing files to reimport...[39m[0m
[  92% ] [90m[1mreimport[22m | Preparing files to reimport...[39m[0m
[  92% ] [90m[1mreimport[22m | Preparing files to reimport...[39m[0m
[  92% ] [90m[1mreimport[22m | Preparing files to reimport...[39m[0m
[  92% ] [90m[1mreimport[22m | Preparing files to reimport...[39m[0m
[  92% ] [90m[1mreimport[22m | Preparing files to reimport...[39m[0m
[  92% ] [90m[1mreimport[22m | Preparing files to reimport...[39m[0m
[  93% ] [90m[1mreimport[22m | Preparing files to reimport...[39m[0m
[  93% ] [90m[1mreimport[22m | Preparing files to reimport...[39m[0m
[  93% ] [90m[1mreimport[22m | Preparing files to reimport...[39m[0m
[  93% ] [90m[1mreimport[22m | Preparing files to reimport...[39m[0m
[  93% ] [90m[1mreimport[22m | Preparing files to reimport...[39m[0m
[  93% ] [90m[1mreimport[22m | Preparing files to reimport...[39m[0m
[  93% ] [90m[1mreimport[22m | Preparing files to reimport...[39m[0m
[  93% ] [90m[1mreimport[22m | Preparing files to reimport...[39m[0m
[  93% ] [90m[1mreimport[22m | Preparing files to reimport...[39m[0m
[  93% ] [90m[1mreimport[22m | Preparing files to reimport...[39m[0m
[  93% ] [90m[1mreimport[22m | Preparing files to reimport...[39m[0m
[  93% ] [90m[1mreimport[22m | Preparing files to reimport...[39m[0m
[  93% ] [90m[1mreimport[22m | Preparing files to reimport...[39m[0m
[  93% ] [90m[1mreimport[22m | Preparing files to reimport...[39m[0m
[  93% ] [90m[1mreimport[22m | Preparing files to reimport...[39m[0m
[  93% ] [90m[1mreimport[22m | Preparing files to reimport...[39m[0m
[  93% ] [90m[1mreimport[22m | Preparing files to reimport...[39m[0m
[  93% ] [90m[1mreimport[22m | Preparing files to reimport...[39m[0m
[  93% ] [90m[1mreimport[22m | Preparing files to reimport...[39m[0m
[  93% ] [90m[1mreimport[22m | Preparing files to reimport...[39m[0m
[  93% ] [90m[1mreimport[22m | Preparing files to reimport...[39m[0m
[  93% ] [90m[1mreimport[22m | Preparing files to reimport...[39m[0m
[  93% ] [90m[1mreimport[22m | Preparing files to reimport...[39m[0m
[  93% ] [90m[1mreimport[22m | Preparing files to reimport...[39m[0m
[  93% ] [90m[1mreimport[22m | Preparing files to reimport...[39m[0m
[  93% ] [90m[1mreimport[22m | Preparing files to reimport...[39m[0m
[  93% ] [90m[1mreimport[22m | Preparing files to reimport...[39m[0m
[  93% ] [90m[1mreimport[22m | Preparing files to reimport...[39m[0m
[  93% ] [90m[1mreimport[22m | Preparing files to reimport...[39m[0m
[  93% ] [90m[1mreimport[22m | Preparing files to reimport...[39m[0m
[  93% ] [90m[1mreimport[22m | Preparing files to reimport...[39m[0m
[  93% ] [90m[1mreimport[22m | Preparing files to reimport...[39m[0m
[  93% ] [90m[1mreimport[22m | Preparing files to reimport...[39m[0m
[  93% ] [90m[1mreimport[22m | Preparing files to reimport...[39m[0m
[  93% ] [90m[1mreimport[22m | Preparing files to reimport...[39m[0m
[  94% ] [90m[1mreimport[22m | Preparing files to reimport...[39m[0m
[  94% ] [90m[1mreimport[22m | Preparing files to reimport...[39m[0m
[  94% ] [90m[1mreimport[22m | Preparing files to reimport...[39m[0m
[  94% ] [90m[1mreimport[22m | Preparing files to reimport...[39m[0m
[  94% ] [90m[1mreimport[22m | Preparing files to reimport...[39m[0m
[  94% ] [90m[1mreimport[22m | Preparing files to reimport...[39m[0m
[  94% ] [90m[1mreimport[22m | Preparing files to reimport...[39m[0m
[  94% ] [90m[1mreimport[22m | Preparing files to reimport...[39m[0m
[  94% ] [90m[1mreimport[22m | Preparing files to reimport...[39m[0m
[  94% ] [90m[1mreimport[22m | Preparing files to reimport...[39m[0m
[  94% ] [90m[1mreimport[22m | Preparing files to reimport...[39m[0m
[  94% ] [90m[1mreimport[22m | Preparing files to reimport...[39m[0m
[  94% ] [90m[1mreimport[22m | Preparing files to reimport...[39m[0m
[  94% ] [90m[1mreimport[22m | Preparing files to reimport...[39m[0m
[  94% ] [90m[1mreimport[22m | Preparing files to reimport...[39m[0m
[  94% ] [90m[1mreimport[22m | Preparing files to reimport...[39m[0m
[  94% ] [90m[1mreimport[22m | Preparing files to reimport...[39m[0m
[  94% ] [90m[1mreimport[22m | Preparing files to reimport...[39m[0m
[  94% ] [90m[1mreimport[22m | Preparing files to reimport...[39m[0m
[  94% ] [90m[1mreimport[22m | Preparing files to reimport...[39m[0m
[  94% ] [90m[1mreimport[22m | Preparing files to reimport...[39m[0m
[  94% ] [90m[1mreimport[22m | Preparing files to reimport...[39m[0m
[  94% ] [90m[1mreimport[22m | Preparing files to reimport...[39m[0m
[  94% ] [90m[1mreimport[22m | Preparing files to reimport...[39m[0m
[  94% ] [90m[1mreimport[22m | Preparing files to reimport...[39m[0m
[  94% ] [90m[1mreimport[22m | Preparing files to reimport...[39m[0m
[  94% ] [90m[1mreimport[22m | Preparing files to reimport...[39m[0m
[  94% ] [90m[1mreimport[22m | Preparing files to reimport...[39m[0m
[  94% ] [90m[1mreimport[22m | Preparing files to reimport...[39m[0m
[  94% ] [90m[1mreimport[22m | Preparing files to reimport...[39m[0m
[  94% ] [90m[1mreimport[22m | Preparing files to reimport...[39m[0m
[  94% ] [90m[1mreimport[22m | Preparing files to reimport...[39m[0m
[  94% ] [90m[1mreimport[22m | Preparing files to reimport...[39m[0m
[  94% ] [90m[1mreimport[22m | Preparing files to reimport...[39m[0m
[  94% ] [90m[1mreimport[22m | Preparing files to reimport...[39m[0m
[  95% ] [90m[1mreimport[22m | Preparing files to reimport...[39m[0m
[  95% ] [90m[1mreimport[22m | Preparing files to reimport...[39m[0m
[  95% ] [90m[1mreimport[22m | Preparing files to reimport...[39m[0m
[  95% ] [90m[1mreimport[22m | Preparing files to reimport...[39m[0m
[  95% ] [90m[1mreimport[22m | Preparing files to reimport...[39m[0m
[  95% ] [90m[1mreimport[22m | Preparing files to reimport...[39m[0m
[  95% ] [90m[1mreimport[22m | Preparing files to reimport...[39m[0m
[  95% ] [90m[1mreimport[22m | Preparing files to reimport...[39m[0m
[  95% ] [90m[1mreimport[22m | Preparing files to reimport...[39m[0m
[  95% ] [90m[1mreimport[22m | Preparing files to reimport...[39m[0m
[  95% ] [90m[1mreimport[22m | Preparing files to reimport...[39m[0m
[  95% ] [90m[1mreimport[22m | Preparing files to reimport...[39m[0m
[  95% ] [90m[1mreimport[22m | Preparing files to reimport...[39m[0m
[  95% ] [90m[1mreimport[22m | Preparing files to reimport...[39m[0m
[  95% ] [90m[1mreimport[22m | Preparing files to reimport...[39m[0m
[  95% ] [90m[1mreimport[22m | Preparing files to reimport...[39m[0m
[  95% ] [90m[1mreimport[22m | Preparing files to reimport...[39m[0m
[  95% ] [90m[1mreimport[22m | Preparing files to reimport...[39m[0m
[  95% ] [90m[1mreimport[22m | Preparing files to reimport...[39m[0m
[  95% ] [90m[1mreimport[22m | Preparing files to reimport...[39m[0m
[  95% ] [90m[1mreimport[22m | Preparing files to reimport...[39m[0m
[  95% ] [90m[1mreimport[22m | Preparing files to reimport...[39m[0m
[  95% ] [90m[1mreimport[22m | Preparing files to reimport...[39m[0m
[  95% ] [90m[1mreimport[22m | Preparing files to reimport...[39m[0m
[  95% ] [90m[1mreimport[22m | Preparing files to reimport...[39m[0m
[  95% ] [90m[1mreimport[22m | Preparing files to reimport...[39m[0m
[  95% ] [90m[1mreimport[22m | Preparing files to reimport...[39m[0m
[  95% ] [90m[1mreimport[22m | Preparing files to reimport...[39m[0m
[  95% ] [90m[1mreimport[22m | Preparing files to reimport...[39m[0m
[  95% ] [90m[1mreimport[22m | Preparing files to reimport...[39m[0m
[  95% ] [90m[1mreimport[22m | Preparing files to reimport...[39m[0m
[  95% ] [90m[1mreimport[22m | Preparing files to reimport...[39m[0m
[  95% ] [90m[1mreimport[22m | Preparing files to reimport...[39m[0m
[  95% ] [90m[1mreimport[22m | Preparing files to reimport...[39m[0m
[  95% ] [90m[1mreimport[22m | Preparing files to reimport...[39m[0m
[  96% ] [90m[1mreimport[22m | Preparing files to reimport...[39m[0m
[  96% ] [90m[1mreimport[22m | Preparing files to reimport...[39m[0m
[  96% ] [90m[1mreimport[22m | Preparing files to reimport...[39m[0m
[  96% ] [90m[1mreimport[22m | Preparing files to reimport...[39m[0m
[  96% ] [90m[1mreimport[22m | Preparing files to reimport...[39m[0m
[  96% ] [90m[1mreimport[22m | Preparing files to reimport...[39m[0m
[  96% ] [90m[1mreimport[22m | Preparing files to reimport...[39m[0m
[  96% ] [90m[1mreimport[22m | Preparing files to reimport...[39m[0m
[  96% ] [90m[1mreimport[22m | Preparing files to reimport...[39m[0m
[  96% ] [90m[1mreimport[22m | Preparing files to reimport...[39m[0m
[  96% ] [90m[1mreimport[22m | Preparing files to reimport...[39m[0m
[  96% ] [90m[1mreimport[22m | Preparing files to reimport...[39m[0m
[  96% ] [90m[1mreimport[22m | Preparing files to reimport...[39m[0m
[  96% ] [90m[1mreimport[22m | Preparing files to reimport...[39m[0m
[  96% ] [90m[1mreimport[22m | Preparing files to reimport...[39m[0m
[  96% ] [90m[1mreimport[22m | Preparing files to reimport...[39m[0m
[  96% ] [90m[1mreimport[22m | Preparing files to reimport...[39m[0m
[  96% ] [90m[1mreimport[22m | Preparing files to reimport...[39m[0m
[  96% ] [90m[1mreimport[22m | Preparing files to reimport...[39m[0m
[  96% ] [90m[1mreimport[22m | Preparing files to reimport...[39m[0m
[  96% ] [90m[1mreimport[22m | Preparing files to reimport...[39m[0m
[  96% ] [90m[1mreimport[22m | Preparing files to reimport...[39m[0m
[  96% ] [90m[1mreimport[22m | Preparing files to reimport...[39m[0m
[  96% ] [90m[1mreimport[22m | Preparing files to reimport...[39m[0m
[  96% ] [90m[1mreimport[22m | Preparing files to reimport...[39m[0m
[  96% ] [90m[1mreimport[22m | Preparing files to reimport...[39m[0m
[  96% ] [90m[1mreimport[22m | Preparing files to reimport...[39m[0m
[  96% ] [90m[1mreimport[22m | Preparing files to reimport...[39m[0m
[  96% ] [90m[1mreimport[22m | Preparing files to reimport...[39m[0m
[  96% ] [90m[1mreimport[22m | Preparing files to reimport...[39m[0m
[  96% ] [90m[1mreimport[22m | Preparing files to reimport...[39m[0m
[  96% ] [90m[1mreimport[22m | Preparing files to reimport...[39m[0m
[  96% ] [90m[1mreimport[22m | Preparing files to reimport...[39m[0m
[  96% ] [90m[1mreimport[22m | Preparing files to reimport...[39m[0m
[  96% ] [90m[1mreimport[22m | Preparing files to reimport...[39m[0m
[  97% ] [90m[1mreimport[22m | Preparing files to reimport...[39m[0m
[  97% ] [90m[1mreimport[22m | Preparing files to reimport...[39m[0m
[  97% ] [90m[1mreimport[22m | Preparing files to reimport...[39m[0m
[  97% ] [90m[1mreimport[22m | Preparing files to reimport...[39m[0m
[  97% ] [90m[1mreimport[22m | Preparing files to reimport...[39m[0m
[  97% ] [90m[1mreimport[22m | Preparing files to reimport...[39m[0m
[  97% ] [90m[1mreimport[22m | Preparing files to reimport...[39m[0m
[  97% ] [90m[1mreimport[22m | Preparing files to reimport...[39m[0m
[  97% ] [90m[1mreimport[22m | Preparing files to reimport...[39m[0m
[  97% ] [90m[1mreimport[22m | Preparing files to reimport...[39m[0m
[  97% ] [90m[1mreimport[22m | Preparing files to reimport...[39m[0m
[  97% ] [90m[1mreimport[22m | Preparing files to reimport...[39m[0m
[  97% ] [90m[1mreimport[22m | Preparing files to reimport...[39m[0m
[  97% ] [90m[1mreimport[22m | Preparing files to reimport...[39m[0m
[  97% ] [90m[1mreimport[22m | Preparing files to reimport...[39m[0m
[  97% ] [90m[1mreimport[22m | Preparing files to reimport...[39m[0m
[  97% ] [90m[1mreimport[22m | Preparing files to reimport...[39m[0m
[  97% ] [90m[1mreimport[22m | Preparing files to reimport...[39m[0m
[  97% ] [90m[1mreimport[22m | Preparing files to reimport...[39m[0m
[  97% ] [90m[1mreimport[22m | Preparing files to reimport...[39m[0m
[  97% ] [90m[1mreimport[22m | Preparing files to reimport...[39m[0m
[  97% ] [90m[1mreimport[22m | Preparing files to reimport...[39m[0m
[  97% ] [90m[1mreimport[22m | Preparing files to reimport...[39m[0m
[  97% ] [90m[1mreimport[22m | Preparing files to reimport...[39m[0m
[  97% ] [90m[1mreimport[22m | Preparing files to reimport...[39m[0m
[  97% ] [90m[1mreimport[22m | Preparing files to reimport...[39m[0m
[  97% ] [90m[1mreimport[22m | Preparing files to reimport...[39m[0m
[  97% ] [90m[1mreimport[22m | Preparing files to reimport...[39m[0m
[  97% ] [90m[1mreimport[22m | Preparing files to reimport...[39m[0m
[  97% ] [90m[1mreimport[22m | Preparing files to reimport...[39m[0m
[  97% ] [90m[1mreimport[22m | Preparing files to reimport...[39m[0m
[  97% ] [90m[1mreimport[22m | Preparing files to reimport...[39m[0m
[  97% ] [90m[1mreimport[22m | Preparing files to reimport...[39m[0m
[  97% ] [90m[1mreimport[22m | Preparing files to reimport...[39m[0m
[  97% ] [90m[1mreimport[22m | Preparing files to reimport...[39m[0m
[  98% ] [90m[1mreimport[22m | Preparing files to reimport...[39m[0m
[  98% ] [90m[1mreimport[22m | Preparing files to reimport...[39m[0m
[  98% ] [90m[1mreimport[22m | Preparing files to reimport...[39m[0m
[  98% ] [90m[1mreimport[22m | Preparing files to reimport...[39m[0m
[  98% ] [90m[1mreimport[22m | Preparing files to reimport...[39m[0m
[  98% ] [90m[1mreimport[22m | Preparing files to reimport...[39m[0m
[  98% ] [90m[1mreimport[22m | Preparing files to reimport...[39m[0m
[  98% ] [90m[1mreimport[22m | Preparing files to reimport...[39m[0m
[  98% ] [90m[1mreimport[22m | Preparing files to reimport...[39m[0m
[  98% ] [90m[1mreimport[22m | Preparing files to reimport...[39m[0m
[  98% ] [90m[1mreimport[22m | Preparing files to reimport...[39m[0m
[  98% ] [90m[1mreimport[22m | Preparing files to reimport...[39m[0m
[  98% ] [90m[1mreimport[22m | Preparing files to reimport...[39m[0m
[  98% ] [90m[1mreimport[22m | Preparing files to reimport...[39m[0m
[  98% ] [90m[1mreimport[22m | Preparing files to reimport...[39m[0m
[  98% ] [90m[1mreimport[22m | Preparing files to reimport...[39m[0m
[  98% ] [90m[1mreimport[22m | Preparing files to reimport...[39m[0m
[  98% ] [90m[1mreimport[22m | Preparing files to reimport...[39m[0m
[  98% ] [90m[1mreimport[22m | Preparing files to reimport...[39m[0m
[  98% ] [90m[1mreimport[22m | Preparing files to reimport...[39m[0m
[  98% ] [90m[1mreimport[22m | Preparing files to reimport...[39m[0m
[  98% ] [90m[1mreimport[22m | Preparing files to reimport...[39m[0m
[  98% ] [90m[1mreimport[22m | Preparing files to reimport...[39m[0m
[  98% ] [90m[1mreimport[22m | Preparing files to reimport...[39m[0m
[  98% ] [90m[1mreimport[22m | Preparing files to reimport...[39m[0m
[  98% ] [90m[1mreimport[22m | Preparing files to reimport...[39m[0m
[  98% ] [90m[1mreimport[22m | Preparing files to reimport...[39m[0m
[  98% ] [90m[1mreimport[22m | Preparing files to reimport...[39m[0m
[  98% ] [90m[1mreimport[22m | Preparing files to reimport...[39m[0m
[  98% ] [90m[1mreimport[22m | Preparing files to reimport...[39m[0m
[  98% ] [90m[1mreimport[22m | Preparing files to reimport...[39m[0m
[  98% ] [90m[1mreimport[22m | Preparing files to reimport...[39m[0m
[  98% ] [90m[1mreimport[22m | Preparing files to reimport...[39m[0m
[  98% ] [90m[1mreimport[22m | Preparing files to reimport...[39m[0m
[  98% ] [90m[1mreimport[22m | Preparing files to reimport...[39m[0m
[  99% ] [90m[1mreimport[22m | Preparing files to reimport...[39m[0m
[  99% ] [90m[1mreimport[22m | Preparing files to reimport...[39m[0m
[  99% ] [90m[1mreimport[22m | Preparing files to reimport...[39m[0m
[  99% ] [90m[1mreimport[22m | Preparing files to reimport...[39m[0m
[  99% ] [90m[1mreimport[22m | Preparing files to reimport...[39m[0m
[  99% ] [90m[1mreimport[22m | Preparing files to reimport...[39m[0m
[  99% ] [90m[1mreimport[22m | Preparing files to reimport...[39m[0m
[  99% ] [90m[1mreimport[22m | Preparing files to reimport...[39m[0m
[  99% ] [90m[1mreimport[22m | Preparing files to reimport...[39m[0m
[  99% ] [90m[1mreimport[22m | Preparing files to reimport...[39m[0m
[  99% ] [90m[1mreimport[22m | Preparing files to reimport...[39m[0m
[  99% ] [90m[1mreimport[22m | Preparing files to reimport...[39m[0m
[  99% ] [90m[1mreimport[22m | Preparing files to reimport...[39m[0m
[  99% ] [90m[1mreimport[22m | Preparing files to reimport...[39m[0m
[  99% ] [90m[1mreimport[22m | Preparing files to reimport...[39m[0m
[  99% ] [90m[1mreimport[22m | Preparing files to reimport...[39m[0m
[  99% ] [90m[1mreimport[22m | Preparing files to reimport...[39m[0m
[  99% ] [90m[1mreimport[22m | Preparing files to reimport...[39m[0m
[  99% ] [90m[1mreimport[22m | Preparing files to reimport...[39m[0m
[  99% ] [90m[1mreimport[22m | Preparing files to reimport...[39m[0m
[  99% ] [90m[1mreimport[22m | Preparing files to reimport...[39m[0m
[  99% ] [90m[1mreimport[22m | Preparing files to reimport...[39m[0m
[  99% ] [90m[1mreimport[22m | Preparing files to reimport...[39m[0m
[  99% ] [90m[1mreimport[22m | Preparing files to reimport...[39m[0m
[  99% ] [90m[1mreimport[22m | Preparing files to reimport...[39m[0m
[  99% ] [90m[1mreimport[22m | Preparing files to reimport...[39m[0m
[  99% ] [90m[1mreimport[22m | Preparing files to reimport...[39m[0m
[  99% ] [90m[1mreimport[22m | Preparing files to reimport...[39m[0m
[  99% ] [90m[1mreimport[22m | Preparing files to reimport...[39m[0m
[  99% ] [90m[1mreimport[22m | Preparing files to reimport...[39m[0m
[  99% ] [90m[1mreimport[22m | Preparing files to reimport...[39m[0m
[  99% ] [90m[1mreimport[22m | Preparing files to reimport...[39m[0m
[  99% ] [90m[1mreimport[22m | Preparing files to reimport...[39m[0m
[   0% ] [90m[1mreimport[22m | Executing pre-reimport operations...[39m[0m
[   0% ] [90m[1mreimport[22m | soft_click.mp3[39m[0m
[   0% ] [90m[1mreimport[22m | undo_click.mp3[39m[0m
[   0% ] [90m[1mreimport[22m | soft_clatter.mp3[39m[0m
[   0% ] [90m[1mreimport[22m | silence_64kb.mp3[39m[0m
[   0% ] [90m[1mreimport[22m | short_beep.mp3[39m[0m
[   0% ] [90m[1mreimport[22m | sharp_notification.mp3[39m[0m
[   0% ] [90m[1mreimport[22m | pop.mp3[39m[0m
[   0% ] [90m[1mreimport[22m | panel_bop.mp3[39m[0m
[   0% ] [90m[1mreimport[22m | myturn.mp3[39m[0m
[   0% ] [90m[1mreimport[22m | ingameyahoo.mp3[39m[0m
[   0% ] [90m[1mreimport[22m | hard_clatter.mp3[39m[0m
[   0% ] [90m[1mreimport[22m | endturn.mp3[39m[0m
[   0% ] [90m[1mreimport[22m | deadcharacter.mp3[39m[0m
[   0% ] [90m[1mreimport[22m | click.mp3[39m[0m
[   0% ] [90m[1mreimport[22m | characterclick.mp3[39m[0m
[   0% ] [90m[1mreimport[22m | champ_select.mp3[39m[0m
[   0% ] [90m[1mreimport[22m | boomidk.mp3[39m[0m
[   0% ] [90m[1mreimport[22m | ability_click.mp3[39m[0m
[   0% ] [90m[1mreimport[22m | soft_click.mp3[39m[0m
[   0% ] [90m[1mreimport[22m | undo_click.mp3[39m[0m
[   0% ] [90m[1mreimport[22m | soft_clatter.mp3[39m[0m
[   0% ] [90m[1mreimport[22m | silence_64kb.mp3[39m[0m
[   0% ] [90m[1mreimport[22m | short_beep.mp3[39m[0m
[   0% ] [90m[1mreimport[22m | sharp_notification.mp3[39m[0m
[   0% ] [90m[1mreimport[22m | pop.mp3[39m[0m
[   0% ] [90m[1mreimport[22m | panel_bop.mp3[39m[0m
[   0% ] [90m[1mreimport[22m | myturn.mp3[39m[0m
[   0% ] [90m[1mreimport[22m | ingameyahoo.mp3[39m[0m
WARNING: Not a PNG file
   at: check_error (drivers/png/png_driver_common.cpp:55)
ERROR: Condition "!success" is true. Returning: ERR_FILE_CORRUPT
   at: png_to_image (drivers/png/png_driver_common.cpp:68)
ERROR: Error loading image: 'res://deploy/assets/images/Minene Uryu/mineneprof.png'.
   at: load_image (core/io/image_loader.cpp:100)
ERROR: Error importing 'res://deploy/assets/images/Minene Uryu/mineneprof.png'.
   at: _reimport_file (editor/file_system/editor_file_system.cpp:3054)
[   0% ] [90m[1mreimport[22m | hard_clatter.mp3[39m[0m
[   0% ] [90m[1mreimport[22m | endturn.mp3[39m[0m
[   0% ] [90m[1mreimport[22m | deadcharacter.mp3[39m[0m
[   0% ] [90m[1mreimport[22m | click.mp3[39m[0m
[   0% ] [90m[1mreimport[22m | characterclick.mp3[39m[0m
[   0% ] [90m[1mreimport[22m | champ_select.mp3[39m[0m
[   0% ] [90m[1mreimport[22m | boomidk.mp3[39m[0m
[   1% ] [90m[1mreimport[22m | ability_click.mp3[39m[0m
[   1% ] [90m[1mreimport[22m | mine2.png[39m[0m
[   1% ] [90m[1mreimport[22m | mine3.png[39m[0m
[   1% ] [90m[1mreimport[22m | mine4.png[39m[0m
[   1% ] [90m[1mreimport[22m | mineprof.png[39m[0m
[   1% ] [90m[1mreimport[22m | minene1.png[39m[0m
[   1% ] [90m[1mreimport[22m | minene2.png[39m[0m
[   1% ] [90m[1mreimport[22m | minene3.png[39m[0m
[   1% ] [90m[1mreimport[22m | minene4.png[39m[0m
[   1% ] [90m[1mreimport[22m | minene5.png[39m[0m
[   1% ] [90m[1mreimport[22m | minene6.png[39m[0m
[   1% ] [90m[1mreimport[22m | mineneprof.png[39m[0m
[   1% ] [90m[1mreimport[22m | minervaprof.png[39m[0m
[   1% ] [90m[1mreimport[22m | meliodas1.png[39m[0m
[   1% ] [90m[1mreimport[22m | meliodas2.png[39m[0m
[   1% ] [90m[1mreimport[22m | meliodas3.png[39m[0m
[   1% ] [90m[1mreimport[22m | meliodas4.png[39m[0m
[   1% ] [90m[1mreimport[22m | meliodas5.png[39m[0m
[   1% ] [90m[1mreimport[22m | meliodas6.png[39m[0m
[   1% ] [90m[1mreimport[22m | meliodas.png[39m[0m
[   1% ] [90m[1mreimport[22m | profile_mastery_meliodas.png[39m[0m
[   1% ] [90m[1mreimport[22m | menthuthuyoupprof.png[39m[0m
[   1% ] [90m[1mreimport[22m | meredyprof.png[39m[0m
[   1% ] [90m[1mreimport[22m | mereoleonaprof.png[39m[0m
[   1% ] [90m[1mreimport[22m | merlinprof.png[39m[0m
[   1% ] [90m[1mreimport[22m | meruemprof.png[39m[0m
[   1% ] [90m[1mreimport[22m | metalbatprof.png[39m[0m
[   1% ] [90m[1mreimport[22m | metalseadramonprof.png[39m[0m
[   1% ] [90m[1mreimport[22m | midnightprof.png[39m[0m
[   1% ] [90m[1mreimport[22m | midnightftprof.png[39m[0m
[   1% ] [90m[1mreimport[22m | mifuneprof.png[39m[0m
[   1% ] [90m[1mreimport[22m | guyprof.png[39m[0m
[   1% ] [90m[1mreimport[22m | alt_prof_mikasa.png[39m[0m
[   1% ] [90m[1mreimport[22m | mikasa1.png[39m[0m
[   1% ] [90m[1mreimport[22m | mikasa2.png[39m[0m
[   2% ] [90m[1mreimport[22m | mikasa3.png[39m[0m
[   2% ] [90m[1mreimport[22m | mikasa4.png[39m[0m
[   2% ] [90m[1mreimport[22m | mikasa5.png[39m[0m
[   2% ] [90m[1mreimport[22m | mikasaprof.png[39m[0m
[   2% ] [90m[1mreimport[22m | minprof.png[39m[0m
[   2% ] [90m[1mreimport[22m | mine1.png[39m[0m
[   2% ] [90m[1mreimport[22m | luffy_mastery1.png[39m[0m
[   2% ] [90m[1mreimport[22m | luffy_mastery2.png[39m[0m
[   2% ] [90m[1mreimport[22m | luffy_mastery3.png[39m[0m
[   2% ] [90m[1mreimport[22m | luffy_mastery4.png[39m[0m
[   2% ] [90m[1mreimport[22m | luffy_mastery5.png[39m[0m
[   2% ] [90m[1mreimport[22m | profile_mastery_luffy.png[39m[0m
[   2% ] [90m[1mreimport[22m | monodramonprof.png[39m[0m
[   2% ] [90m[1mreimport[22m | monspeetprof.png[39m[0m
[   2% ] [90m[1mreimport[22m | monstergirlprof.png[39m[0m
[   2% ] [90m[1mreimport[22m | mordredprof.png[39m[0m
[   2% ] [90m[1mreimport[22m | morelprof.png[39m[0m
[   2% ] [90m[1mreimport[22m | compressprof.png[39m[0m
[   2% ] [90m[1mreimport[22m | mtladyprof.png[39m[0m
[   2% ] [90m[1mreimport[22m | shizuriprof.png[39m[0m
[   2% ] [90m[1mreimport[22m | alt_prof_muichiro.png[39m[0m
[   2% ] [90m[1mreimport[22m | muichiro1.png[39m[0m
[   2% ] [90m[1mreimport[22m | muichiro2.png[39m[0m
[   2% ] [90m[1mreimport[22m | muichiro3.png[39m[0m
[   2% ] [90m[1mreimport[22m | muichiro4.png[39m[0m
[   2% ] [90m[1mreimport[22m | muichiro5.png[39m[0m
[   2% ] [90m[1mreimport[22m | muichiro6.png[39m[0m
[   2% ] [90m[1mreimport[22m | muichiroprof.png[39m[0m
[   2% ] [90m[1mreimport[22m | multipaulprof.png[39m[0m
[   2% ] [90m[1mreimport[22m | muscularprof.png[39m[0m
[   2% ] [90m[1mreimport[22m | muzanprof.png[39m[0m
[   2% ] [90m[1mreimport[22m | 1.png[39m[0m
[   2% ] [90m[1mreimport[22m | 9.png[39m[0m
[   2% ] [90m[1mreimport[22m | alt_prof_myotismon.png[39m[0m
[   2% ] [90m[1mreimport[22m | myotismon1.png[39m[0m
[   3% ] [90m[1mreimport[22m | mirajaneprof.png[39m[0m
[   3% ] [90m[1mreimport[22m | mirioprof.png[39m[0m
[   3% ] [90m[1mreimport[22m | mirkoprof.png[39m[0m
[   3% ] [90m[1mreimport[22m | mirokuprof.png[39m[0m
[   3% ] [90m[1mreimport[22m | mastery_misaka1.png[39m[0m
[   3% ] [90m[1mreimport[22m | mastery_misaka2.png[39m[0m
[   3% ] [90m[1mreimport[22m | mastery_misaka3.png[39m[0m
[   3% ] [90m[1mreimport[22m | mastery_misaka4.png[39m[0m
[   3% ] [90m[1mreimport[22m | mastery_misaka5.png[39m[0m
[   3% ] [90m[1mreimport[22m | mastery_misaka6.png[39m[0m
[   3% ] [90m[1mreimport[22m | mastery_misakaprof.png[39m[0m
[   3% ] [90m[1mreimport[22m | misaka1.png[39m[0m
[   3% ] [90m[1mreimport[22m | misaka2.png[39m[0m
[   3% ] [90m[1mreimport[22m | misaka3.png[39m[0m
[   3% ] [90m[1mreimport[22m | misaka4.png[39m[0m
[   3% ] [90m[1mreimport[22m | misakaalt1.png[39m[0m
[   3% ] [90m[1mreimport[22m | misakaalt2.png[39m[0m
[   3% ] [90m[1mreimport[22m | misakaalt3.png[39m[0m
[   3% ] [90m[1mreimport[22m | misakaaltprof1.png[39m[0m
[   3% ] [90m[1mreimport[22m | misakaprof.png[39m[0m
[   3% ] [90m[1mreimport[22m | mitsuriprof.png[39m[0m
[   3% ] [90m[1mreimport[22m | mockingbirdprof.png[39m[0m
[   3% ] [90m[1mreimport[22m | nishimiyaprof.png[39m[0m
[   3% ] [90m[1mreimport[22m | yaoyorozuprof.png[39m[0m
[   3% ] [90m[1mreimport[22m | luffy1.png[39m[0m
[   3% ] [90m[1mreimport[22m | luffy2.png[39m[0m
[   3% ] [90m[1mreimport[22m | luffy3.png[39m[0m
[   3% ] [90m[1mreimport[22m | luffy4.png[39m[0m
[   3% ] [90m[1mreimport[22m | luffy5.png[39m[0m
[   3% ] [90m[1mreimport[22m | luffyprof.png[39m[0m
[   3% ] [90m[1mreimport[22m | madokaprof.png[39m[0m
[   3% ] [90m[1mreimport[22m | profile_mastery_madoka.png[39m[0m
[   3% ] [90m[1mreimport[22m | magnaprof.png[39m[0m
[   3% ] [90m[1mreimport[22m | magnamonprof.png[39m[0m
[   3% ] [90m[1mreimport[22m | mahitoprof.png[39m[0m
[   4% ] [90m[1mreimport[22m | maiprof.png[39m[0m
[   4% ] [90m[1mreimport[22m | maizeninprof.png[39m[0m
[   4% ] [90m[1mreimport[22m | majinbuuprof.png[39m[0m
[   4% ] [90m[1mreimport[22m | maka1.png[39m[0m
[   4% ] [90m[1mreimport[22m | maka2.png[39m[0m
[   4% ] [90m[1mreimport[22m | maka2alt.png[39m[0m
[   4% ] [90m[1mreimport[22m | maka3.png[39m[0m
[   4% ] [90m[1mreimport[22m | maka4.png[39m[0m
[   4% ] [90m[1mreimport[22m | maka5.png[39m[0m
[   4% ] [90m[1mreimport[22m | maka6.png[39m[0m
[   4% ] [90m[1mreimport[22m | maka.png[39m[0m
[   4% ] [90m[1mreimport[22m | makapassive.png[39m[0m
[   4% ] [90m[1mreimport[22m | makaprof.png[39m[0m
[   4% ] [90m[1mreimport[22m | profile_mastery_maka.png[39m[0m
[   4% ] [90m[1mreimport[22m | makiffprof.png[39m[0m
[   4% ] [90m[1mreimport[22m | makiprof.png[39m[0m
[   4% ] [90m[1mreimport[22m | makimaprof.png[39m[0m
[   4% ] [90m[1mreimport[22m | makoprof.png[39m[0m
[   4% ] [90m[1mreimport[22m | alt_prof_mami.png[39m[0m
[   4% ] [90m[1mreimport[22m | mami1.png[39m[0m
[   4% ] [90m[1mreimport[22m | mami2.png[39m[0m
[   4% ] [90m[1mreimport[22m | mami3.png[39m[0m
[   4% ] [90m[1mreimport[22m | mami4.png[39m[0m
[   4% ] [90m[1mreimport[22m | mami5.png[39m[0m
[   4% ] [90m[1mreimport[22m | liltottoprof.png[39m[0m
[   4% ] [90m[1mreimport[22m | lobomonprof.png[39m[0m
[   4% ] [90m[1mreimport[22m | lokiprof.png[39m[0m
[   4% ] [90m[1mreimport[22m | lubuprof.png[39m[0m
[   4% ] [90m[1mreimport[22m | luckprof.png[39m[0m
[   4% ] [90m[1mreimport[22m | lucy1.png[39m[0m
[   4% ] [90m[1mreimport[22m | lucy2.png[39m[0m
[   4% ] [90m[1mreimport[22m | lucy3.png[39m[0m
[   4% ] [90m[1mreimport[22m | lucy4.png[39m[0m
[   4% ] [90m[1mreimport[22m | lucyalt1.png[39m[0m
[   4% ] [90m[1mreimport[22m | lucyprof.png[39m[0m
[   5% ] [90m[1mreimport[22m | profile_mastery_lucy.png[39m[0m
[   5% ] [90m[1mreimport[22m | ludocielprof.png[39m[0m
[   5% ] [90m[1mreimport[22m | luppiprof.png[39m[0m
[   5% ] [90m[1mreimport[22m | lussuriaprof.png[39m[0m
[   5% ] [90m[1mreimport[22m | lyeprof.png[39m[0m
[   5% ] [90m[1mreimport[22m | lyonprof.png[39m[0m
[   5% ] [90m[1mreimport[22m | alt_prof_machinedramon.png[39m[0m
[   5% ] [90m[1mreimport[22m | machinedramon1.png[39m[0m
[   5% ] [90m[1mreimport[22m | machinedramon2.png[39m[0m
[   5% ] [90m[1mreimport[22m | machinedramon3.png[39m[0m
[   5% ] [90m[1mreimport[22m | machinedramon4.png[39m[0m
[   5% ] [90m[1mreimport[22m | machinedramon5.png[39m[0m
[   5% ] [90m[1mreimport[22m | machinedramonprof.png[39m[0m
[   5% ] [90m[1mreimport[22m | madoka1.png[39m[0m
[   5% ] [90m[1mreimport[22m | madoka2.png[39m[0m
[   5% ] [90m[1mreimport[22m | madoka3.png[39m[0m
[   5% ] [90m[1mreimport[22m | madoka4.png[39m[0m
[   5% ] [90m[1mreimport[22m | madoka5.png[39m[0m
[   5% ] [90m[1mreimport[22m | mashiroprof.png[39m[0m
[   5% ] [90m[1mreimport[22m | maskprof.png[39m[0m
[   5% ] [90m[1mreimport[22m | maulertwinsprof.png[39m[0m
[   5% ] [90m[1mreimport[22m | mavis1.png[39m[0m
[   5% ] [90m[1mreimport[22m | mavis2.png[39m[0m
[   5% ] [90m[1mreimport[22m | mavis3.png[39m[0m
[   5% ] [90m[1mreimport[22m | mavis4.png[39m[0m
[   5% ] [90m[1mreimport[22m | mavis5.png[39m[0m
[   5% ] [90m[1mreimport[22m | mavis6.png[39m[0m
[   5% ] [90m[1mreimport[22m | mavisprof.png[39m[0m
[   5% ] [90m[1mreimport[22m | pegasus1.png[39m[0m
[   5% ] [90m[1mreimport[22m | pegasus2.png[39m[0m
[   5% ] [90m[1mreimport[22m | pegasus3.png[39m[0m
[   5% ] [90m[1mreimport[22m | pegasus4.png[39m[0m
[   5% ] [90m[1mreimport[22m | pegasus5.png[39m[0m
[   5% ] [90m[1mreimport[22m | pegasusprof.png[39m[0m
[   5% ] [90m[1mreimport[22m | medeaprof.png[39m[0m
[   6% ] [90m[1mreimport[22m | medusafateprof.png[39m[0m
[   6% ] [90m[1mreimport[22m | alt_prof_megumin.png[39m[0m
[   6% ] [90m[1mreimport[22m | megumin1.png[39m[0m
[   6% ] [90m[1mreimport[22m | megumin2.png[39m[0m
[   6% ] [90m[1mreimport[22m | megumin3.png[39m[0m
[   6% ] [90m[1mreimport[22m | megumin4.png[39m[0m
[   6% ] [90m[1mreimport[22m | meguminprof.png[39m[0m
[   6% ] [90m[1mreimport[22m | meihatsumeprof.png[39m[0m
[   6% ] [90m[1mreimport[22m | meimeiprof.png[39m[0m
[   6% ] [90m[1mreimport[22m | meiprof.png[39m[0m
[   6% ] [90m[1mreimport[22m | meicoomonprof.png[39m[0m
[   6% ] [90m[1mreimport[22m | meiliprof.png[39m[0m
[   6% ] [90m[1mreimport[22m | mami6.png[39m[0m
[   6% ] [90m[1mreimport[22m | mamiprof.png[39m[0m
[   6% ] [90m[1mreimport[22m | mammonprof.png[39m[0m
[   6% ] [90m[1mreimport[22m | marco1.png[39m[0m
[   6% ] [90m[1mreimport[22m | marco2.png[39m[0m
[   6% ] [90m[1mreimport[22m | marco3.png[39m[0m
[   6% ] [90m[1mreimport[22m | marco4.png[39m[0m
[   6% ] [90m[1mreimport[22m | marco5.png[39m[0m
[   6% ] [90m[1mreimport[22m | marco6.png[39m[0m
[   6% ] [90m[1mreimport[22m | marcoprof.png[39m[0m
[   6% ] [90m[1mreimport[22m | ikusubaprof.png[39m[0m
[   6% ] [90m[1mreimport[22m | mardgeerprof.png[39m[0m
[   6% ] [90m[1mreimport[22m | mariaprof.png[39m[0m
[   6% ] [90m[1mreimport[22m | marikprof.png[39m[0m
[   6% ] [90m[1mreimport[22m | blackbeardprof.png[39m[0m
[   6% ] [90m[1mreimport[22m | marikprof.png[39m[0m
[   6% ] [90m[1mreimport[22m | mashburnedead1.png[39m[0m
[   6% ] [90m[1mreimport[22m | mashburnedead2.png[39m[0m
[   6% ] [90m[1mreimport[22m | mashburnedead3.png[39m[0m
[   6% ] [90m[1mreimport[22m | mashburnedead4.png[39m[0m
[   6% ] [90m[1mreimport[22m | mashburnedead5.png[39m[0m
[   6% ] [90m[1mreimport[22m | mashburnedeadprof.png[39m[0m
[   6% ] [90m[1mreimport[22m | alt_prof_mash.png[39m[0m
[   7% ] [90m[1mreimport[22m | mash1.png[39m[0m
[   7% ] [90m[1mreimport[22m | mash2.png[39m[0m
[   7% ] [90m[1mreimport[22m | mash3.png[39m[0m
[   7% ] [90m[1mreimport[22m | mash4.png[39m[0m
[   7% ] [90m[1mreimport[22m | mash5.png[39m[0m
[   7% ] [90m[1mreimport[22m | mash6.png[39m[0m
[   7% ] [90m[1mreimport[22m | mashprof.png[39m[0m
[   7% ] [90m[1mreimport[22m | necrolord_alistair_portrait.png[39m[0m
[   7% ] [90m[1mreimport[22m | psymon.png[39m[0m
[   7% ] [90m[1mreimport[22m | psymon_portrait.png[39m[0m
[   7% ] [90m[1mreimport[22m | pyrrha.png[39m[0m
[   7% ] [90m[1mreimport[22m | pyrrha_portrait.png[39m[0m
[   7% ] [90m[1mreimport[22m | rachnid_portrait.png[39m[0m
[   7% ] [90m[1mreimport[22m | raza_portrait.PNG[39m[0m
[   7% ] [90m[1mreimport[22m | river.PNG[39m[0m
[   7% ] [90m[1mreimport[22m | saya.png[39m[0m
[   7% ] [90m[1mreimport[22m | saya_portrait.png[39m[0m
[   7% ] [90m[1mreimport[22m | scream_in_storm_portrait.png[39m[0m
[   7% ] [90m[1mreimport[22m | thane_bjorn_portrait.png[39m[0m
[   7% ] [90m[1mreimport[22m | the_augur_portrait.png[39m[0m
[   7% ] [90m[1mreimport[22m | the_water_bearer_portrait.png[39m[0m
[   7% ] [90m[1mreimport[22m | thresgaaz_portrait.png[39m[0m
[   7% ] [90m[1mreimport[22m | titanic_shadestalk_portrait.png[39m[0m
[   7% ] [90m[1mreimport[22m | zephyrex_portrait.png[39m[0m
[   7% ] [90m[1mreimport[22m | omniman1.png[39m[0m
[   7% ] [90m[1mreimport[22m | omniman2.png[39m[0m
[   7% ] [90m[1mreimport[22m | omniman3.png[39m[0m
[   7% ] [90m[1mreimport[22m | omniman4.png[39m[0m
[   7% ] [90m[1mreimport[22m | omniman5.png[39m[0m
[   7% ] [90m[1mreimport[22m | omnimanprof.png[39m[0m
[   7% ] [90m[1mreimport[22m | omniman_mastery1.png[39m[0m
[   7% ] [90m[1mreimport[22m | omniman_mastery2.png[39m[0m
[   7% ] [90m[1mreimport[22m | omniman_mastery3.png[39m[0m
[   7% ] [90m[1mreimport[22m | omniman_mastery4.png[39m[0m
[   7% ] [90m[1mreimport[22m | augur.png[39m[0m
[   8% ] [90m[1mreimport[22m | ayana.png[39m[0m
[   8% ] [90m[1mreimport[22m | ayana_portrait.png[39m[0m
[   8% ] [90m[1mreimport[22m | blackknight.png[39m[0m
[   8% ] [90m[1mreimport[22m | black_knight_portrait.png[39m[0m
[   8% ] [90m[1mreimport[22m | cerberus_portrait.png[39m[0m
[   8% ] [90m[1mreimport[22m | daughter_of_river_portrait.png[39m[0m
[   8% ] [90m[1mreimport[22m | dusken_lily_portrait.png[39m[0m
[   8% ] [90m[1mreimport[22m | elleren_portrait.png[39m[0m
[   8% ] [90m[1mreimport[22m | experiment_88_portrait.png[39m[0m
[   8% ] [90m[1mreimport[22m | frigid_winter_portrait.png[39m[0m
[   8% ] [90m[1mreimport[22m | fukurou_the_exile_portrait.png[39m[0m
[   8% ] [90m[1mreimport[22m | gaia.png[39m[0m
[   8% ] [90m[1mreimport[22m | gaia_worldsoul_portrait.png[39m[0m
[   8% ] [90m[1mreimport[22m | goldgleam_portrait.png[39m[0m
[   8% ] [90m[1mreimport[22m | gommar.png[39m[0m
[   8% ] [90m[1mreimport[22m | gommar_portrait.png[39m[0m
[   8% ] [90m[1mreimport[22m | great_white_stag_portrait.png[39m[0m
[   8% ] [90m[1mreimport[22m | inquisitor_matthias_portrait.png[39m[0m
[   8% ] [90m[1mreimport[22m | jagram_storyteller_portrait.png[39m[0m
[   8% ] [90m[1mreimport[22m | laria.png[39m[0m
[   8% ] [90m[1mreimport[22m | laria_portrait.png[39m[0m
[   8% ] [90m[1mreimport[22m | laughterinshadowportrait.png[39m[0m
[   8% ] [90m[1mreimport[22m | magnus_portrait.png[39m[0m
[   8% ] [90m[1mreimport[22m | marcus_blackblade_portrait.png[39m[0m
[   8% ] [90m[1mreimport[22m | margrave_portrait.png[39m[0m
[   8% ] [90m[1mreimport[22m | mistwing_portrait.png[39m[0m
[   8% ] [90m[1mreimport[22m | petelgeuseprof.png[39m[0m
[   8% ] [90m[1mreimport[22m | phinksprof.png[39m[0m
[   8% ] [90m[1mreimport[22m | piccolo1.png[39m[0m
[   8% ] [90m[1mreimport[22m | piccolo2.png[39m[0m
[   8% ] [90m[1mreimport[22m | piccolo3.png[39m[0m
[   8% ] [90m[1mreimport[22m | piccolo4.png[39m[0m
[   8% ] [90m[1mreimport[22m | piccolo5.png[39m[0m
[   8% ] [90m[1mreimport[22m | piccoloprof.png[39m[0m
[   8% ] [90m[1mreimport[22m | pieckprof.png[39m[0m
[   9% ] [90m[1mreimport[22m | piedmonprof.png[39m[0m
[   9% ] [90m[1mreimport[22m | pikachu1.png[39m[0m
[   9% ] [90m[1mreimport[22m | pikachu2.png[39m[0m
[   9% ] [90m[1mreimport[22m | pikachu3.png[39m[0m
[   9% ] [90m[1mreimport[22m | pikachu4.png[39m[0m
[   9% ] [90m[1mreimport[22m | pikachu5.png[39m[0m
[   9% ] [90m[1mreimport[22m | pikachuprof.png[39m[0m
[   9% ] [90m[1mreimport[22m | pikkonprof.png[39m[0m
[   9% ] [90m[1mreimport[22m | popstepprof.png[39m[0m
[   9% ] [90m[1mreimport[22m | porcoprof.png[39m[0m
[   9% ] [90m[1mreimport[22m | poseidonprof.png[39m[0m
[   9% ] [90m[1mreimport[22m | power1.png[39m[0m
[   9% ] [90m[1mreimport[22m | power2.png[39m[0m
[   9% ] [90m[1mreimport[22m | power3.png[39m[0m
[   9% ] [90m[1mreimport[22m | power4.png[39m[0m
[   9% ] [90m[1mreimport[22m | power5.png[39m[0m
[   9% ] [90m[1mreimport[22m | powerprof.png[39m[0m
[   9% ] [90m[1mreimport[22m | powerplexprof.png[39m[0m
[   9% ] [90m[1mreimport[22m | omniman_mastery5.png[39m[0m
[   9% ] [90m[1mreimport[22m | profile_mastery_omniman.png[39m[0m
[   9% ] [90m[1mreimport[22m | alt_prof_omnimon.png[39m[0m
[   9% ] [90m[1mreimport[22m | omnimon1.png[39m[0m
[   9% ] [90m[1mreimport[22m | omnimon2.png[39m[0m
[   9% ] [90m[1mreimport[22m | omnimon3.png[39m[0m
[   9% ] [90m[1mreimport[22m | omnimon4.png[39m[0m
[   9% ] [90m[1mreimport[22m | omnimon5.png[39m[0m
[   9% ] [90m[1mreimport[22m | omnimonprof.png[39m[0m
[   9% ] [90m[1mreimport[22m | oonokiprof.png[39m[0m
[   9% ] [90m[1mreimport[22m | orgaprof.png[39m[0m
[   9% ] [90m[1mreimport[22m | orihime1.png[39m[0m
[   9% ] [90m[1mreimport[22m | orihime2.png[39m[0m
[   9% ] [90m[1mreimport[22m | orihime3.png[39m[0m
[   9% ] [90m[1mreimport[22m | orihime4.png[39m[0m
[   9% ] [90m[1mreimport[22m | orihimeprof.png[39m[0m
[   9% ] [90m[1mreimport[22m | orochiprof.png[39m[0m
[  10% ] [90m[1mreimport[22m | orochimaruprof.png[39m[0m
[  10% ] [90m[1mreimport[22m | orterprof.png[39m[0m
[  10% ] [90m[1mreimport[22m | ozaiprof.png[39m[0m
[  10% ] [90m[1mreimport[22m | palmonprof.png[39m[0m
[  10% ] [90m[1mreimport[22m | panprof.png[39m[0m
[  10% ] [90m[1mreimport[22m | pandaprof.png[39m[0m
[  10% ] [90m[1mreimport[22m | pandoraprof.png[39m[0m
[  10% ] [90m[1mreimport[22m | patamonprof.png[39m[0m
[  10% ] [90m[1mreimport[22m | pattyprof.png[39m[0m
[  10% ] [90m[1mreimport[22m | peronaprof.png[39m[0m
[  10% ] [90m[1mreimport[22m | naruto_mastery4.png[39m[0m
[  10% ] [90m[1mreimport[22m | naruto_mastery5.png[39m[0m
[  10% ] [90m[1mreimport[22m | naruto_mastery6.png[39m[0m
[  10% ] [90m[1mreimport[22m | naruto_portrait_shocked.png[39m[0m
[  10% ] [90m[1mreimport[22m | profile_mastery_naruto.png[39m[0m
[  10% ] [90m[1mreimport[22m | natsu1.png[39m[0m
[  10% ] [90m[1mreimport[22m | natsu2.png[39m[0m
[  10% ] [90m[1mreimport[22m | natsu3.png[39m[0m
[  10% ] [90m[1mreimport[22m | natsu4.png[39m[0m
[  10% ] [90m[1mreimport[22m | natsu5.png[39m[0m
[  10% ] [90m[1mreimport[22m | natsuprof.png[39m[0m
[  10% ] [90m[1mreimport[22m | natsux.png[39m[0m
[  10% ] [90m[1mreimport[22m | profile_mastery_natsu.png[39m[0m
[  10% ] [90m[1mreimport[22m | neferpitou1.png[39m[0m
[  10% ] [90m[1mreimport[22m | neferpitou2.png[39m[0m
[  10% ] [90m[1mreimport[22m | neferpitou3.png[39m[0m
[  10% ] [90m[1mreimport[22m | neferpitou4.png[39m[0m
[  10% ] [90m[1mreimport[22m | neferpitou5.png[39m[0m
[  10% ] [90m[1mreimport[22m | neferpitouprof.png[39m[0m
[  10% ] [90m[1mreimport[22m | profile_mastery_neferpitou.png[39m[0m
[  10% ] [90m[1mreimport[22m | neiruprof.png[39m[0m
[  10% ] [90m[1mreimport[22m | nejiprof.jpg[39m[0m
[  10% ] [90m[1mreimport[22m | nejireprof.png[39m[0m
[  10% ] [90m[1mreimport[22m | nel1.png[39m[0m
[  10% ] [90m[1mreimport[22m | nel2.png[39m[0m
[  11% ] [90m[1mreimport[22m | nel3.png[39m[0m
[  11% ] [90m[1mreimport[22m | nel4.png[39m[0m
[  11% ] [90m[1mreimport[22m | myotismon2.png[39m[0m
[  11% ] [90m[1mreimport[22m | myotismon3.png[39m[0m
[  11% ] [90m[1mreimport[22m | myotismon4.png[39m[0m
[  11% ] [90m[1mreimport[22m | myotismonprof.png[39m[0m
[  11% ] [90m[1mreimport[22m | mystoganprof.png[39m[0m
[  11% ] [90m[1mreimport[22m | nagatoprof.png[39m[0m
[  11% ] [90m[1mreimport[22m | alt_prof_nagisa.png[39m[0m
[  11% ] [90m[1mreimport[22m | nagisa1.png[39m[0m
[  11% ] [90m[1mreimport[22m | nagisa2.png[39m[0m
[  11% ] [90m[1mreimport[22m | nagisa3.png[39m[0m
[  11% ] [90m[1mreimport[22m | nagisa4.png[39m[0m
[  11% ] [90m[1mreimport[22m | nagisa5.png[39m[0m
[  11% ] [90m[1mreimport[22m | nagisa6.png[39m[0m
[  11% ] [90m[1mreimport[22m | nagisaprof.png[39m[0m
[  11% ] [90m[1mreimport[22m | namiprof.png[39m[0m
[  11% ] [90m[1mreimport[22m | minatoprof.png[39m[0m
[  11% ] [90m[1mreimport[22m | naobitoprof.png[39m[0m
[  11% ] [90m[1mreimport[22m | nappaprof.png[39m[0m
[  11% ] [90m[1mreimport[22m | naruto1.png[39m[0m
[  11% ] [90m[1mreimport[22m | naruto2.png[39m[0m
[  11% ] [90m[1mreimport[22m | naruto3.png[39m[0m
[  11% ] [90m[1mreimport[22m | naruto4.png[39m[0m
[  11% ] [90m[1mreimport[22m | narutoprof.png[39m[0m
[  11% ] [90m[1mreimport[22m | narutoprof_2.png[39m[0m
[  11% ] [90m[1mreimport[22m | naruto_mastery1.png[39m[0m
[  11% ] [90m[1mreimport[22m | naruto_mastery2.png[39m[0m
[  11% ] [90m[1mreimport[22m | naruto_mastery3.png[39m[0m
[  11% ] [90m[1mreimport[22m | noelle5.png[39m[0m
[  11% ] [90m[1mreimport[22m | noelle6.png[39m[0m
[  11% ] [90m[1mreimport[22m | noelle.png[39m[0m
[  11% ] [90m[1mreimport[22m | profile_mastery_noelle.png[39m[0m
[  11% ] [90m[1mreimport[22m | nonon1.png[39m[0m
[  11% ] [90m[1mreimport[22m | nonon2.png[39m[0m
[  12% ] [90m[1mreimport[22m | nonon3.png[39m[0m
[  12% ] [90m[1mreimport[22m | nonon4.png[39m[0m
[  12% ] [90m[1mreimport[22m | nonon5.png[39m[0m
[  12% ] [90m[1mreimport[22m | nonon6.png[39m[0m
[  12% ] [90m[1mreimport[22m | Nonon.png[39m[0m
[  12% ] [90m[1mreimport[22m | profile_mastery_nonon.png[39m[0m
[  12% ] [90m[1mreimport[22m | kamoprof.png[39m[0m
[  12% ] [90m[1mreimport[22m | nozelprof.png[39m[0m
[  12% ] [90m[1mreimport[22m | nuovashenronprof.png[39m[0m
[  12% ] [90m[1mreimport[22m | nyauprof.png[39m[0m
[  12% ] [90m[1mreimport[22m | alt_prof_uraraka.png[39m[0m
[  12% ] [90m[1mreimport[22m | uraraka1.png[39m[0m
[  12% ] [90m[1mreimport[22m | uraraka2.png[39m[0m
[  12% ] [90m[1mreimport[22m | uraraka3.png[39m[0m
[  12% ] [90m[1mreimport[22m | uraraka4.png[39m[0m
[  12% ] [90m[1mreimport[22m | uraraka5.png[39m[0m
[  12% ] [90m[1mreimport[22m | uraraka6.png[39m[0m
[  12% ] [90m[1mreimport[22m | urarakaprof.png[39m[0m
[  12% ] [90m[1mreimport[22m | agatha_bloodrose_portrait.png[39m[0m
[  12% ] [90m[1mreimport[22m | archibald_von_zanderville_portrait.png[39m[0m
[  12% ] [90m[1mreimport[22m | ashen_rose_portrait.png[39m[0m
[  12% ] [90m[1mreimport[22m | nel5.png[39m[0m
[  12% ] [90m[1mreimport[22m | nelaltprof.png[39m[0m
[  12% ] [90m[1mreimport[22m | nelprof.png[39m[0m
[  12% ] [90m[1mreimport[22m | robinprof.png[39m[0m
[  12% ] [90m[1mreimport[22m | nighteyeprof.png[39m[0m
[  12% ] [90m[1mreimport[22m | teslaprof.png[39m[0m
[  12% ] [90m[1mreimport[22m | alt_prof_nimaiya.png[39m[0m
[  12% ] [90m[1mreimport[22m | nimaiya1.png[39m[0m
[  12% ] [90m[1mreimport[22m | nimaiya2.png[39m[0m
[  12% ] [90m[1mreimport[22m | nimaiya3.png[39m[0m
[  12% ] [90m[1mreimport[22m | nimaiya4.png[39m[0m
[  12% ] [90m[1mreimport[22m | nimaiyaprof.png[39m[0m
[  12% ] [90m[1mreimport[22m | oetsuprof.png[39m[0m
[  12% ] [90m[1mreimport[22m | nishioprof.png[39m[0m
[  13% ] [90m[1mreimport[22m | nnoitraprof.png[39m[0m
[  13% ] [90m[1mreimport[22m | alt_prof_nobara.png[39m[0m
[  13% ] [90m[1mreimport[22m | nobara1.png[39m[0m
[  13% ] [90m[1mreimport[22m | nobara2.png[39m[0m
[  13% ] [90m[1mreimport[22m | nobara3.png[39m[0m
[  13% ] [90m[1mreimport[22m | nobara4.png[39m[0m
[  13% ] [90m[1mreimport[22m | nobara5.png[39m[0m
[  13% ] [90m[1mreimport[22m | nobaraprof.png[39m[0m
[  13% ] [90m[1mreimport[22m | nobunagaprof.png[39m[0m
[  13% ] [90m[1mreimport[22m | noelle1.png[39m[0m
[  13% ] [90m[1mreimport[22m | noelle2.png[39m[0m
[  13% ] [90m[1mreimport[22m | noelle3.png[39m[0m
[  13% ] [90m[1mreimport[22m | noelle4.png[39m[0m
[  13% ] [90m[1mreimport[22m | yuji2.png[39m[0m
[  13% ] [90m[1mreimport[22m | yuji3.png[39m[0m
[  13% ] [90m[1mreimport[22m | yuji4.png[39m[0m
[  13% ] [90m[1mreimport[22m | yuji5.png[39m[0m
[  13% ] [90m[1mreimport[22m | yujiprof.png[39m[0m
[  13% ] [90m[1mreimport[22m | midoriya1.png[39m[0m
[  13% ] [90m[1mreimport[22m | midoriya2.png[39m[0m
[  13% ] [90m[1mreimport[22m | midoriya3.png[39m[0m
[  13% ] [90m[1mreimport[22m | midoriya4.png[39m[0m
[  13% ] [90m[1mreimport[22m | midoriya5.png[39m[0m
[  13% ] [90m[1mreimport[22m | midoriyaprof.png[39m[0m
[  13% ] [90m[1mreimport[22m | midoriyaprof_2.png[39m[0m
[  13% ] [90m[1mreimport[22m | profile_mastery_midoriya.png[39m[0m
[  13% ] [90m[1mreimport[22m | jabberprof.png[39m[0m
[  13% ] [90m[1mreimport[22m | jackhanmaprof.png[39m[0m
[  13% ] [90m[1mreimport[22m | jack1.png[39m[0m
[  13% ] [90m[1mreimport[22m | jack2.png[39m[0m
[  13% ] [90m[1mreimport[22m | jack3.png[39m[0m
[  13% ] [90m[1mreimport[22m | jack4.png[39m[0m
[  13% ] [90m[1mreimport[22m | jackalt1.png[39m[0m
[  13% ] [90m[1mreimport[22m | jackprof.png[39m[0m
[  13% ] [90m[1mreimport[22m | profile_mastery_jack.png[39m[0m
[  14% ] [90m[1mreimport[22m | jacktheripperprof.png[39m[0m
[  14% ] [90m[1mreimport[22m | jackrorprof.png[39m[0m
[  14% ] [90m[1mreimport[22m | jaden1.png[39m[0m
[  14% ] [90m[1mreimport[22m | jaden2.png[39m[0m
[  14% ] [90m[1mreimport[22m | jaden3.png[39m[0m
[  14% ] [90m[1mreimport[22m | invincible_mastery6.png[39m[0m
[  14% ] [90m[1mreimport[22m | profile_mastery_invincible.png[39m[0m
[  14% ] [90m[1mreimport[22m | irisprof.png[39m[0m
[  14% ] [90m[1mreimport[22m | irisprof.png[39m[0m
[  14% ] [90m[1mreimport[22m | irohprof.png[39m[0m
[  14% ] [90m[1mreimport[22m | neteroprof.png[39m[0m
[  14% ] [90m[1mreimport[22m | profile_mastery_uryu.png[39m[0m
[  14% ] [90m[1mreimport[22m | uryu1.png[39m[0m
[  14% ] [90m[1mreimport[22m | uryu2.png[39m[0m
[  14% ] [90m[1mreimport[22m | uryu3.png[39m[0m
[  14% ] [90m[1mreimport[22m | uryu4.png[39m[0m
[  14% ] [90m[1mreimport[22m | uryu5.png[39m[0m
[  14% ] [90m[1mreimport[22m | uryuuprof.png[39m[0m
[  14% ] [90m[1mreimport[22m | ishizuprof.png[39m[0m
[  14% ] [90m[1mreimport[22m | ishtarprof.png[39m[0m
[  14% ] [90m[1mreimport[22m | iskanderprof.png[39m[0m
[  14% ] [90m[1mreimport[22m | itachi1.png[39m[0m
[  14% ] [90m[1mreimport[22m | itachi2.png[39m[0m
[  14% ] [90m[1mreimport[22m | itachi3.png[39m[0m
[  14% ] [90m[1mreimport[22m | itachi4.png[39m[0m
[  14% ] [90m[1mreimport[22m | itachi5.png[39m[0m
[  14% ] [90m[1mreimport[22m | itachi6.png[39m[0m
[  14% ] [90m[1mreimport[22m | itachi7.png[39m[0m
[  14% ] [90m[1mreimport[22m | itachialtprof.png[39m[0m
[  14% ] [90m[1mreimport[22m | itachiprof.png[39m[0m
[  14% ] [90m[1mreimport[22m | alt_prof_yuji.png[39m[0m
[  14% ] [90m[1mreimport[22m | yuji1.png[39m[0m
[  14% ] [90m[1mreimport[22m | jogoprof.png[39m[0m
[  14% ] [90m[1mreimport[22m | johnbacchusprof.png[39m[0m
[  15% ] [90m[1mreimport[22m | jokerprof.png[39m[0m
[  15% ] [90m[1mreimport[22m | eucliusprof.png[39m[0m
[  15% ] [90m[1mreimport[22m | juliusprof.png[39m[0m
[  15% ] [90m[1mreimport[22m | juraprof.png[39m[0m
[  15% ] [90m[1mreimport[22m | ukitakeprof.png[39m[0m
[  15% ] [90m[1mreimport[22m | juuzouprof.png[39m[0m
[  15% ] [90m[1mreimport[22m | juviaprof.png[39m[0m
[  15% ] [90m[1mreimport[22m | kagomeprof.png[39m[0m
[  15% ] [90m[1mreimport[22m | kaguraprof.png[39m[0m
[  15% ] [90m[1mreimport[22m | kaguyaprof.png[39m[0m
[  15% ] [90m[1mreimport[22m | kaidouprof.png[39m[0m
[  15% ] [90m[1mreimport[22m | kakashi1.png[39m[0m
[  15% ] [90m[1mreimport[22m | kakashi2.png[39m[0m
[  15% ] [90m[1mreimport[22m | kakashi3.jpg[39m[0m
[  15% ] [90m[1mreimport[22m | kakashi4.png[39m[0m
[  15% ] [90m[1mreimport[22m | kakashi5.png[39m[0m
[  15% ] [90m[1mreimport[22m | kakashiprof.png[39m[0m
[  15% ] [90m[1mreimport[22m | kakuzuprof.png[39m[0m
[  15% ] [90m[1mreimport[22m | kaldoprof.png[39m[0m
[  15% ] [90m[1mreimport[22m | 4.png[39m[0m
[  15% ] [90m[1mreimport[22m | 5.png[39m[0m
[  15% ] [90m[1mreimport[22m | alt_prof_nezuko.png[39m[0m
[  15% ] [90m[1mreimport[22m | nezuko1.png[39m[0m
[  15% ] [90m[1mreimport[22m | nezuko2.png[39m[0m
[  15% ] [90m[1mreimport[22m | nezuko3.png[39m[0m
[  15% ] [90m[1mreimport[22m | jaden4.png[39m[0m
[  15% ] [90m[1mreimport[22m | jaden5.png[39m[0m
[  15% ] [90m[1mreimport[22m | jaden6.png[39m[0m
[  15% ] [90m[1mreimport[22m | jaden7.png[39m[0m
[  15% ] [90m[1mreimport[22m | jaden8.png[39m[0m
[  15% ] [90m[1mreimport[22m | jaden9.png[39m[0m
[  15% ] [90m[1mreimport[22m | jadenprof.png[39m[0m
[  15% ] [90m[1mreimport[22m | janembaprof.png[39m[0m
[  15% ] [90m[1mreimport[22m | jeanne1.png[39m[0m
[  15% ] [90m[1mreimport[22m | jeanne2.png[39m[0m
[  16% ] [90m[1mreimport[22m | jeanne3.png[39m[0m
[  16% ] [90m[1mreimport[22m | jeanne4.png[39m[0m
[  16% ] [90m[1mreimport[22m | jeanne5.png[39m[0m
[  16% ] [90m[1mreimport[22m | jeanne6.png[39m[0m
[  16% ] [90m[1mreimport[22m | jeanneprof.png[39m[0m
[  16% ] [90m[1mreimport[22m | jeannefateprof.png[39m[0m
[  16% ] [90m[1mreimport[22m | jeiceprof.png[39m[0m
[  16% ] [90m[1mreimport[22m | jellalprof.png[39m[0m
[  16% ] [90m[1mreimport[22m | jerichoprof.png[39m[0m
[  16% ] [90m[1mreimport[22m | jesse1.png[39m[0m
[  16% ] [90m[1mreimport[22m | jesse2.png[39m[0m
[  16% ] [90m[1mreimport[22m | jesse3.png[39m[0m
[  16% ] [90m[1mreimport[22m | jesse4.png[39m[0m
[  16% ] [90m[1mreimport[22m | jesse5.png[39m[0m
[  16% ] [90m[1mreimport[22m | jesseprof.png[39m[0m
[  16% ] [90m[1mreimport[22m | jirenprof.png[39m[0m
[  16% ] [90m[1mreimport[22m | joeyprof.png[39m[0m
[  16% ] [90m[1mreimport[22m | toga6.png[39m[0m
[  16% ] [90m[1mreimport[22m | togaprof.png[39m[0m
[  16% ] [90m[1mreimport[22m | himmelprof.png[39m[0m
[  16% ] [90m[1mreimport[22m | alt_prof_hinata.png[39m[0m
[  16% ] [90m[1mreimport[22m | hinata1.png[39m[0m
[  16% ] [90m[1mreimport[22m | hinata2.png[39m[0m
[  16% ] [90m[1mreimport[22m | hinata3.png[39m[0m
[  16% ] [90m[1mreimport[22m | hinata4.png[39m[0m
[  16% ] [90m[1mreimport[22m | hinata5.png[39m[0m
[  16% ] [90m[1mreimport[22m | hinataprof.png[39m[0m
[  16% ] [90m[1mreimport[22m | shinoa1.png[39m[0m
[  16% ] [90m[1mreimport[22m | shinoa2.png[39m[0m
[  16% ] [90m[1mreimport[22m | shinoa3.png[39m[0m
[  16% ] [90m[1mreimport[22m | shinoa4.png[39m[0m
[  16% ] [90m[1mreimport[22m | shinoa5.png[39m[0m
[  16% ] [90m[1mreimport[22m | shinoaprof.png[39m[0m
[  16% ] [90m[1mreimport[22m | hirudegarnprof.png[39m[0m
[  16% ] [90m[1mreimport[22m | alt_prof_hisoka.png[39m[0m
[  17% ] [90m[1mreimport[22m | hisoka1.png[39m[0m
[  17% ] [90m[1mreimport[22m | hisoka2.png[39m[0m
[  17% ] [90m[1mreimport[22m | hisoka3.png[39m[0m
[  17% ] [90m[1mreimport[22m | hisoka4.png[39m[0m
[  17% ] [90m[1mreimport[22m | hisoka5.png[39m[0m
[  17% ] [90m[1mreimport[22m | hisoka6.png[39m[0m
[  17% ] [90m[1mreimport[22m | hisokaprof.png[39m[0m
[  17% ] [90m[1mreimport[22m | shinsoprof.png[39m[0m
[  17% ] [90m[1mreimport[22m | hiyoriprof.png[39m[0m
[  17% ] [90m[1mreimport[22m | gokuderaprof.png[39m[0m
[  17% ] [90m[1mreimport[22m | heathcliffprof.png[39m[0m
[  17% ] [90m[1mreimport[22m | helbramprof.png[39m[0m
[  17% ] [90m[1mreimport[22m | hendricksonprof.png[39m[0m
[  17% ] [90m[1mreimport[22m | heraclesprof.png[39m[0m
[  17% ] [90m[1mreimport[22m | herculeprof.png[39m[0m
[  17% ] [90m[1mreimport[22m | herculesprof.png[39m[0m
[  17% ] [90m[1mreimport[22m | hibari1.png[39m[0m
[  17% ] [90m[1mreimport[22m | hibari2.png[39m[0m
[  17% ] [90m[1mreimport[22m | hibari3.png[39m[0m
[  17% ] [90m[1mreimport[22m | hibari4.png[39m[0m
[  17% ] [90m[1mreimport[22m | hibari5.png[39m[0m
[  17% ] [90m[1mreimport[22m | hibariprof.png[39m[0m
[  17% ] [90m[1mreimport[22m | hibiki1.png[39m[0m
[  17% ] [90m[1mreimport[22m | hibiki2.png[39m[0m
[  17% ] [90m[1mreimport[22m | hibiki3.png[39m[0m
[  17% ] [90m[1mreimport[22m | hibiki4.png[39m[0m
[  17% ] [90m[1mreimport[22m | hibiki5.png[39m[0m
[  17% ] [90m[1mreimport[22m | hibikiprof.png[39m[0m
[  17% ] [90m[1mreimport[22m | hieiprof.png[39m[0m
[  17% ] [90m[1mreimport[22m | kobeniprof.png[39m[0m
[  17% ] [90m[1mreimport[22m | alt_prof_toga.png[39m[0m
[  17% ] [90m[1mreimport[22m | toga1.png[39m[0m
[  17% ] [90m[1mreimport[22m | toga2.png[39m[0m
[  17% ] [90m[1mreimport[22m | toga3.png[39m[0m
[  17% ] [90m[1mreimport[22m | toga4.png[39m[0m
[  18% ] [90m[1mreimport[22m | toga5.png[39m[0m
[  18% ] [90m[1mreimport[22m | impmon4.png[39m[0m
[  18% ] [90m[1mreimport[22m | impmon5.png[39m[0m
[  18% ] [90m[1mreimport[22m | impmon6.png[39m[0m
[  18% ] [90m[1mreimport[22m | impmonaltprof.png[39m[0m
[  18% ] [90m[1mreimport[22m | impmonprof.png[39m[0m
[  18% ] [90m[1mreimport[22m | innocentprof.png[39m[0m
[  18% ] [90m[1mreimport[22m | inoprof.png[39m[0m
[  18% ] [90m[1mreimport[22m | inuyasha1.png[39m[0m
[  18% ] [90m[1mreimport[22m | inuyasha2.png[39m[0m
[  18% ] [90m[1mreimport[22m | inuyasha3.png[39m[0m
[  18% ] [90m[1mreimport[22m | inuyasha4.png[39m[0m
[  18% ] [90m[1mreimport[22m | inuyasha5.png[39m[0m
[  18% ] [90m[1mreimport[22m | inuyashademon.png[39m[0m
[  18% ] [90m[1mreimport[22m | inuyashahuman.png[39m[0m
[  18% ] [90m[1mreimport[22m | inuyashaprof.png[39m[0m
[  18% ] [90m[1mreimport[22m | invincible1.png[39m[0m
[  18% ] [90m[1mreimport[22m | invincible2.png[39m[0m
[  18% ] [90m[1mreimport[22m | invincible3.png[39m[0m
[  18% ] [90m[1mreimport[22m | invincible4.png[39m[0m
[  18% ] [90m[1mreimport[22m | invincible5.png[39m[0m
[  18% ] [90m[1mreimport[22m | invincible6.png[39m[0m
[  18% ] [90m[1mreimport[22m | invincibleprof.png[39m[0m
[  18% ] [90m[1mreimport[22m | invincible_mastery1.png[39m[0m
[  18% ] [90m[1mreimport[22m | invincible_mastery2.png[39m[0m
[  18% ] [90m[1mreimport[22m | invincible_mastery3.png[39m[0m
[  18% ] [90m[1mreimport[22m | invincible_mastery4.png[39m[0m
[  18% ] [90m[1mreimport[22m | invincible_mastery5.png[39m[0m
[  18% ] [90m[1mreimport[22m | homuraprof.png[39m[0m
[  18% ] [90m[1mreimport[22m | horohoro1.png[39m[0m
[  18% ] [90m[1mreimport[22m | horohoro2.png[39m[0m
[  18% ] [90m[1mreimport[22m | horohoro3.png[39m[0m
[  18% ] [90m[1mreimport[22m | horohoro4.png[39m[0m
[  18% ] [90m[1mreimport[22m | horohoro5.png[39m[0m
[  18% ] [90m[1mreimport[22m | horohoro6.png[39m[0m
[  19% ] [90m[1mreimport[22m | horohoro7.png[39m[0m
[  19% ] [90m[1mreimport[22m | horohoroprof.png[39m[0m
[  19% ] [90m[1mreimport[22m | kisameprof.png[39m[0m
[  19% ] [90m[1mreimport[22m | howzerprof.png[39m[0m
[  19% ] [90m[1mreimport[22m | hummingbirdprof.png[39m[0m
[  19% ] [90m[1mreimport[22m | hyougaprof.png[39m[0m
[  19% ] [90m[1mreimport[22m | ichibe1.png[39m[0m
[  19% ] [90m[1mreimport[22m | ichibe2.png[39m[0m
[  19% ] [90m[1mreimport[22m | ichibe3.png[39m[0m
[  19% ] [90m[1mreimport[22m | ichibe4.png[39m[0m
[  19% ] [90m[1mreimport[22m | ichibe5.png[39m[0m
[  19% ] [90m[1mreimport[22m | ichibe6.png[39m[0m
[  19% ] [90m[1mreimport[22m | ichibeprof.png[39m[0m
[  19% ] [90m[1mreimport[22m | ichimaruprof.png[39m[0m
[  19% ] [90m[1mreimport[22m | ikkakuprof.png[39m[0m
[  19% ] [90m[1mreimport[22m | ikkiprof.png[39m[0m
[  19% ] [90m[1mreimport[22m | immortalprof.png[39m[0m
[  19% ] [90m[1mreimport[22m | impmon1.png[39m[0m
[  19% ] [90m[1mreimport[22m | impmon2.png[39m[0m
[  19% ] [90m[1mreimport[22m | impmon3.png[39m[0m
[  19% ] [90m[1mreimport[22m | kurapikaprof.png[39m[0m
[  19% ] [90m[1mreimport[22m | profile_mastery_kurapika.png[39m[0m
[  19% ] [90m[1mreimport[22m | kureoprof.png[39m[0m
[  19% ] [90m[1mreimport[22m | kurogiriprof.png[39m[0m
[  19% ] [90m[1mreimport[22m | kuroko1.png[39m[0m
[  19% ] [90m[1mreimport[22m | kuroko2.png[39m[0m
[  19% ] [90m[1mreimport[22m | kuroko3.png[39m[0m
[  19% ] [90m[1mreimport[22m | kuroko4.png[39m[0m
[  19% ] [90m[1mreimport[22m | kurokoprof.png[39m[0m
[  19% ] [90m[1mreimport[22m | profile_mastery_kuroko.png[39m[0m
[  19% ] [90m[1mreimport[22m | kuromeprof.png[39m[0m
[  19% ] [90m[1mreimport[22m | alt_prof_ichigo.png[39m[0m
[  19% ] [90m[1mreimport[22m | ichigo1.png[39m[0m
[  19% ] [90m[1mreimport[22m | ichigo2.png[39m[0m
[  19% ] [90m[1mreimport[22m | ichigo3.png[39m[0m
[  20% ] [90m[1mreimport[22m | ichigo4.png[39m[0m
[  20% ] [90m[1mreimport[22m | ichigo5.png[39m[0m
[  20% ] [90m[1mreimport[22m | ichigo6.png[39m[0m
[  20% ] [90m[1mreimport[22m | ichigo7.png[39m[0m
[  20% ] [90m[1mreimport[22m | ichigo8.png[39m[0m
[  20% ] [90m[1mreimport[22m | ichigo9.png[39m[0m
[  20% ] [90m[1mreimport[22m | ichigoprof.png[39m[0m
[  20% ] [90m[1mreimport[22m | ichigoprof_2.png[39m[0m
[  20% ] [90m[1mreimport[22m | ichigoprof_3.png[39m[0m
[  20% ] [90m[1mreimport[22m | kurotsuchi1.png[39m[0m
[  20% ] [90m[1mreimport[22m | kurotsuchi2.png[39m[0m
[  20% ] [90m[1mreimport[22m | kurotsuchi3.png[39m[0m
[  20% ] [90m[1mreimport[22m | korosensei3.png[39m[0m
[  20% ] [90m[1mreimport[22m | korosensei4.png[39m[0m
[  20% ] [90m[1mreimport[22m | korosensei5.png[39m[0m
[  20% ] [90m[1mreimport[22m | korosenseiprof.png[39m[0m
[  20% ] [90m[1mreimport[22m | korra1.png[39m[0m
[  20% ] [90m[1mreimport[22m | korra2.png[39m[0m
[  20% ] [90m[1mreimport[22m | korra3.png[39m[0m
[  20% ] [90m[1mreimport[22m | korra4.png[39m[0m
[  20% ] [90m[1mreimport[22m | korra5.png[39m[0m
[  20% ] [90m[1mreimport[22m | korra6.png[39m[0m
[  20% ] [90m[1mreimport[22m | korra7.png[39m[0m
[  20% ] [90m[1mreimport[22m | korra8.png[39m[0m
[  20% ] [90m[1mreimport[22m | korra9.png[39m[0m
[  20% ] [90m[1mreimport[22m | korra10.png[39m[0m
[  20% ] [90m[1mreimport[22m | korra11.png[39m[0m
[  20% ] [90m[1mreimport[22m | korraprof2.png[39m[0m
[  20% ] [90m[1mreimport[22m | korraprof.png[39m[0m
[  20% ] [90m[1mreimport[22m | mitoriprof.png[39m[0m
[  20% ] [90m[1mreimport[22m | kudamonprof.png[39m[0m
[  20% ] [90m[1mreimport[22m | kuinprof.png[39m[0m
[  20% ] [90m[1mreimport[22m | kumamonprof.png[39m[0m
[  20% ] [90m[1mreimport[22m | kuramaprof.png[39m[0m
[  20% ] [90m[1mreimport[22m | kurapika1.png[39m[0m
[  21% ] [90m[1mreimport[22m | kurapika2.png[39m[0m
[  21% ] [90m[1mreimport[22m | kurapika3.png[39m[0m
[  21% ] [90m[1mreimport[22m | kurapika4.png[39m[0m
[  21% ] [90m[1mreimport[22m | kurapika5.png[39m[0m
[  21% ] [90m[1mreimport[22m | ladydevimon3.png[39m[0m
[  21% ] [90m[1mreimport[22m | ladydevimon4.png[39m[0m
[  21% ] [90m[1mreimport[22m | ladydevimon5.png[39m[0m
[  21% ] [90m[1mreimport[22m | ladydevimonprof.png[39m[0m
[  21% ] [90m[1mreimport[22m | lalmirchprof.png[39m[0m
[  21% ] [90m[1mreimport[22m | lamboaltprof1.png[39m[0m
[  21% ] [90m[1mreimport[22m | lamboaltprof2.png[39m[0m
[  21% ] [90m[1mreimport[22m | lamboprof.png[39m[0m
[  21% ] [90m[1mreimport[22m | lanceprof.png[39m[0m
[  21% ] [90m[1mreimport[22m | laxusprof.png[39m[0m
[  21% ] [90m[1mreimport[22m | lemonprof.png[39m[0m
[  21% ] [90m[1mreimport[22m | leomonprof.png[39m[0m
[  21% ] [90m[1mreimport[22m | leonardoprof.png[39m[0m
[  21% ] [90m[1mreimport[22m | leoneprof.png[39m[0m
[  21% ] [90m[1mreimport[22m | leonidasprof.png[39m[0m
[  21% ] [90m[1mreimport[22m | leonidasrorprof.png[39m[0m
[  21% ] [90m[1mreimport[22m | leviathanprof.png[39m[0m
[  21% ] [90m[1mreimport[22m | levi1.png[39m[0m
[  21% ] [90m[1mreimport[22m | levi2.png[39m[0m
[  21% ] [90m[1mreimport[22m | levi3.png[39m[0m
[  21% ] [90m[1mreimport[22m | levi4.png[39m[0m
[  21% ] [90m[1mreimport[22m | levi5.png[39m[0m
[  21% ] [90m[1mreimport[22m | leviprof.png[39m[0m
[  21% ] [90m[1mreimport[22m | levyprof.png[39m[0m
[  21% ] [90m[1mreimport[22m | lichtprof.png[39m[0m
[  21% ] [90m[1mreimport[22m | gammaprof.png[39m[0m
[  21% ] [90m[1mreimport[22m | maxprof.png[39m[0m
[  21% ] [90m[1mreimport[22m | kurotsuchi4.png[39m[0m
[  21% ] [90m[1mreimport[22m | kurotsuchi5.png[39m[0m
[  21% ] [90m[1mreimport[22m | kurotsuchi6.png[39m[0m
[  21% ] [90m[1mreimport[22m | kurotsuchi7.png[39m[0m
[  22% ] [90m[1mreimport[22m | kurotsuchi8.png[39m[0m
[  22% ] [90m[1mreimport[22m | kurotsuchiprof.png[39m[0m
[  22% ] [90m[1mreimport[22m | kuwabaraprof.png[39m[0m
[  22% ] [90m[1mreimport[22m | profile_mastery_rengoku.png[39m[0m
[  22% ] [90m[1mreimport[22m | rengoku1.png[39m[0m
[  22% ] [90m[1mreimport[22m | rengoku2.png[39m[0m
[  22% ] [90m[1mreimport[22m | rengoku3.png[39m[0m
[  22% ] [90m[1mreimport[22m | rengoku4.png[39m[0m
[  22% ] [90m[1mreimport[22m | rengoku5.png[39m[0m
[  22% ] [90m[1mreimport[22m | rengoku6.png[39m[0m
[  22% ] [90m[1mreimport[22m | rengoku7.png[39m[0m
[  22% ] [90m[1mreimport[22m | rengoku8.png[39m[0m
[  22% ] [90m[1mreimport[22m | rengokuprof.png[39m[0m
[  22% ] [90m[1mreimport[22m | kyokaprof.png[39m[0m
[  22% ] [90m[1mreimport[22m | jiroprof.png[39m[0m
[  22% ] [90m[1mreimport[22m | kyokoprof.png[39m[0m
[  22% ] [90m[1mreimport[22m | pucelle1.png[39m[0m
[  22% ] [90m[1mreimport[22m | pucelle2.png[39m[0m
[  22% ] [90m[1mreimport[22m | pucelle3.png[39m[0m
[  22% ] [90m[1mreimport[22m | pucelle4.png[39m[0m
[  22% ] [90m[1mreimport[22m | pucelleprof.png[39m[0m
[  22% ] [90m[1mreimport[22m | ladydevimon1.png[39m[0m
[  22% ] [90m[1mreimport[22m | ladydevimon2.png[39m[0m
[  22% ] [90m[1mreimport[22m | kanekiprof.png[39m[0m
[  22% ] [90m[1mreimport[22m | ken_mastery1.png[39m[0m
[  22% ] [90m[1mreimport[22m | ken_mastery2.png[39m[0m
[  22% ] [90m[1mreimport[22m | ken_mastery3.png[39m[0m
[  22% ] [90m[1mreimport[22m | ken_mastery4.png[39m[0m
[  22% ] [90m[1mreimport[22m | profile_mastery_ken.png[39m[0m
[  22% ] [90m[1mreimport[22m | kankuroprof.png[39m[0m
[  22% ] [90m[1mreimport[22m | hanayamaprof.png[39m[0m
[  22% ] [90m[1mreimport[22m | karasuprof.png[39m[0m
[  22% ] [90m[1mreimport[22m | karnaprof.png[39m[0m
[  22% ] [90m[1mreimport[22m | karyuudoprof.png[39m[0m
[  22% ] [90m[1mreimport[22m | kastroprof.png[39m[0m
[  23% ] [90m[1mreimport[22m | miwaprof.png[39m[0m
[  23% ] [90m[1mreimport[22m | kataraprof.png[39m[0m
[  23% ] [90m[1mreimport[22m | bakugo1.png[39m[0m
[  23% ] [90m[1mreimport[22m | bakugo2.png[39m[0m
[  23% ] [90m[1mreimport[22m | bakugo3.png[39m[0m
[  23% ] [90m[1mreimport[22m | bakugo4.png[39m[0m
[  23% ] [90m[1mreimport[22m | bakugo5.png[39m[0m
[  23% ] [90m[1mreimport[22m | bakugo6.png[39m[0m
[  23% ] [90m[1mreimport[22m | bakugouprof.png[39m[0m
[  23% ] [90m[1mreimport[22m | bakugouprofold.png[39m[0m
[  23% ] [90m[1mreimport[22m | profile_mastery_bakugo.png[39m[0m
[  23% ] [90m[1mreimport[22m | kazemonprof.png[39m[0m
[  23% ] [90m[1mreimport[22m | keigoprof.png[39m[0m
[  23% ] [90m[1mreimport[22m | kennyprof.png[39m[0m
[  23% ] [90m[1mreimport[22m | kenpachiprof.png[39m[0m
[  23% ] [90m[1mreimport[22m | nezukoprof.png[39m[0m
[  23% ] [90m[1mreimport[22m | profile_mastery_tanjiro.png[39m[0m
[  23% ] [90m[1mreimport[22m | tanjiro1.png[39m[0m
[  23% ] [90m[1mreimport[22m | tanjiro2.png[39m[0m
[  23% ] [90m[1mreimport[22m | tanjiro3.png[39m[0m
[  23% ] [90m[1mreimport[22m | tanjiro4.png[39m[0m
[  23% ] [90m[1mreimport[22m | tanjiro5.png[39m[0m
[  23% ] [90m[1mreimport[22m | tanjiro6.png[39m[0m
[  23% ] [90m[1mreimport[22m | tanjiro7.png[39m[0m
[  23% ] [90m[1mreimport[22m | tanjiro8.png[39m[0m
[  23% ] [90m[1mreimport[22m | tanjiroprof.png[39m[0m
[  23% ] [90m[1mreimport[22m | tanjiro_mastery1.png[39m[0m
[  23% ] [90m[1mreimport[22m | tanjiro_mastery2.png[39m[0m
[  23% ] [90m[1mreimport[22m | tanjiro_mastery3.png[39m[0m
[  23% ] [90m[1mreimport[22m | tanjiro_mastery4.png[39m[0m
[  23% ] [90m[1mreimport[22m | tanjiro_mastery5.png[39m[0m
[  23% ] [90m[1mreimport[22m | tanjiro_mastery6.png[39m[0m
[  23% ] [90m[1mreimport[22m | tanjiro_mastery7.png[39m[0m
[  23% ] [90m[1mreimport[22m | tanjiro_mastery8.png[39m[0m
[  23% ] [90m[1mreimport[22m | kamadoprof.png[39m[0m
[  24% ] [90m[1mreimport[22m | toumaprof.png[39m[0m
[  24% ] [90m[1mreimport[22m | kamuiprof.png[39m[0m
[  24% ] [90m[1mreimport[22m | tousenprof.png[39m[0m
[  24% ] [90m[1mreimport[22m | kaneki1.png[39m[0m
[  24% ] [90m[1mreimport[22m | kaneki2.png[39m[0m
[  24% ] [90m[1mreimport[22m | kaneki3.png[39m[0m
[  24% ] [90m[1mreimport[22m | kaneki4.png[39m[0m
[  24% ] [90m[1mreimport[22m | kingopmprof.png[39m[0m
[  24% ] [90m[1mreimport[22m | kingcoldprof.png[39m[0m
[  24% ] [90m[1mreimport[22m | kirikaprof.png[39m[0m
[  24% ] [90m[1mreimport[22m | kirioprof.png[39m[0m
[  24% ] [90m[1mreimport[22m | kiritoprof.png[39m[0m
[  24% ] [90m[1mreimport[22m | kishinprof.png[39m[0m
[  24% ] [90m[1mreimport[22m | arimaprof.png[39m[0m
[  24% ] [90m[1mreimport[22m | kitara1.png[39m[0m
[  24% ] [90m[1mreimport[22m | kitara2.png[39m[0m
[  24% ] [90m[1mreimport[22m | kitara3.png[39m[0m
[  24% ] [90m[1mreimport[22m | kitara4.png[39m[0m
[  24% ] [90m[1mreimport[22m | kitaraprof.png[39m[0m
[  24% ] [90m[1mreimport[22m | kiteprof.png[39m[0m
[  24% ] [90m[1mreimport[22m | kizaruprof.png[39m[0m
[  24% ] [90m[1mreimport[22m | kleinprof.png[39m[0m
[  24% ] [90m[1mreimport[22m | knovprof.png[39m[0m
[  24% ] [90m[1mreimport[22m | knuckleprof.png[39m[0m
[  24% ] [90m[1mreimport[22m | knuckledusterprof.png[39m[0m
[  24% ] [90m[1mreimport[22m | kohakuprof.png[39m[0m
[  24% ] [90m[1mreimport[22m | crawlerprof.png[39m[0m
[  24% ] [90m[1mreimport[22m | mechamaruprof.png[39m[0m
[  24% ] [90m[1mreimport[22m | komamuraprof.png[39m[0m
[  24% ] [90m[1mreimport[22m | konanprof.png[39m[0m
[  24% ] [90m[1mreimport[22m | kongouprof.png[39m[0m
[  24% ] [90m[1mreimport[22m | alt_prof_koro.png[39m[0m
[  24% ] [90m[1mreimport[22m | korosensei1.png[39m[0m
[  24% ] [90m[1mreimport[22m | korosensei2.png[39m[0m
[  24% ] [90m[1mreimport[22m | kenseiprof.png[39m[0m
[  25% ] [90m[1mreimport[22m | kentoprof.png[39m[0m
[  25% ] [90m[1mreimport[22m | keramonprof.png[39m[0m
[  25% ] [90m[1mreimport[22m | kibaprof.png[39m[0m
[  25% ] [90m[1mreimport[22m | kidbuuprof.png[39m[0m
[  25% ] [90m[1mreimport[22m | kidgokuprof.png[39m[0m
[  25% ] [90m[1mreimport[22m | kidomnimanprof.png[39m[0m
[  25% ] [90m[1mreimport[22m | kidtrunksprof.png[39m[0m
[  25% ] [90m[1mreimport[22m | kikyoinuyashaprof.png[39m[0m
[  25% ] [90m[1mreimport[22m | kikyoprof.png[39m[0m
[  25% ] [90m[1mreimport[22m | killcannonprof.png[39m[0m
[  25% ] [90m[1mreimport[22m | killerbeeprof.png[39m[0m
[  25% ] [90m[1mreimport[22m | killua1.png[39m[0m
[  25% ] [90m[1mreimport[22m | killua2.png[39m[0m
[  25% ] [90m[1mreimport[22m | killua3.png[39m[0m
[  25% ] [90m[1mreimport[22m | killua4.png[39m[0m
[  25% ] [90m[1mreimport[22m | killuaprof.png[39m[0m
[  25% ] [90m[1mreimport[22m | profile_mastery_killua.png[39m[0m
[  25% ] [90m[1mreimport[22m | kimeramonprof.png[39m[0m
[  25% ] [90m[1mreimport[22m | king1.png[39m[0m
[  25% ] [90m[1mreimport[22m | king2.png[39m[0m
[  25% ] [90m[1mreimport[22m | king3.png[39m[0m
[  25% ] [90m[1mreimport[22m | king4.png[39m[0m
[  25% ] [90m[1mreimport[22m | king5.png[39m[0m
[  25% ] [90m[1mreimport[22m | king6.png[39m[0m
[  25% ] [90m[1mreimport[22m | king.png[39m[0m
[  25% ] [90m[1mreimport[22m | profile_mastery_king.png[39m[0m
[  25% ] [90m[1mreimport[22m | veldorisprof.png[39m[0m
[  25% ] [90m[1mreimport[22m | vessel1.png[39m[0m
[  25% ] [90m[1mreimport[22m | vessel2.png[39m[0m
[  25% ] [90m[1mreimport[22m | vessel3.png[39m[0m
[  25% ] [90m[1mreimport[22m | vessel4.png[39m[0m
[  25% ] [90m[1mreimport[22m | vessel5.png[39m[0m
[  25% ] [90m[1mreimport[22m | vessel6.png[39m[0m
[  25% ] [90m[1mreimport[22m | vesselprof.png[39m[0m
[  25% ] [90m[1mreimport[22m | vladprof.png[39m[0m
[  26% ] [90m[1mreimport[22m | watchdogprof.png[39m[0m
[  26% ] [90m[1mreimport[22m | wendyprof.png[39m[0m
[  26% ] [90m[1mreimport[22m | whitebeardprof.png[39m[0m
[  26% ] [90m[1mreimport[22m | williamprof.png[39m[0m
[  26% ] [90m[1mreimport[22m | wonderweissprof.png[39m[0m
[  26% ] [90m[1mreimport[22m | wormmonprof.png[39m[0m
[  26% ] [90m[1mreimport[22m | profile_mastery_xanxus.png[39m[0m
[  26% ] [90m[1mreimport[22m | xanxus1.png[39m[0m
[  26% ] [90m[1mreimport[22m | xanxus2.png[39m[0m
[  26% ] [90m[1mreimport[22m | xanxus3.png[39m[0m
[  26% ] [90m[1mreimport[22m | xanxus4.png[39m[0m
[  26% ] [90m[1mreimport[22m | xanxus5.png[39m[0m
[  26% ] [90m[1mreimport[22m | xanxuspassive.png[39m[0m
[  26% ] [90m[1mreimport[22m | xanxusprof.png[39m[0m
[  26% ] [90m[1mreimport[22m | yachiruprof.png[39m[0m
[  26% ] [90m[1mreimport[22m | oomoriprof.png[39m[0m
[  26% ] [90m[1mreimport[22m | kabutoprof.png[39m[0m
[  26% ] [90m[1mreimport[22m | genryuusaiprof.png[39m[0m
[  26% ] [90m[1mreimport[22m | usoppprof.PNG[39m[0m
[  26% ] [90m[1mreimport[22m | uvoginprof.png[39m[0m
[  26% ] [90m[1mreimport[22m | borushikiprof.png[39m[0m
[  26% ] [90m[1mreimport[22m | boruto1.png[39m[0m
[  26% ] [90m[1mreimport[22m | boruto2.png[39m[0m
[  26% ] [90m[1mreimport[22m | boruto3.png[39m[0m
[  26% ] [90m[1mreimport[22m | boruto4.png[39m[0m
[  26% ] [90m[1mreimport[22m | boruto5.png[39m[0m
[  26% ] [90m[1mreimport[22m | boruto6.png[39m[0m
[  26% ] [90m[1mreimport[22m | boruto7.png[39m[0m
[  26% ] [90m[1mreimport[22m | borutoprof.png[39m[0m
[  26% ] [90m[1mreimport[22m | veemonprof.png[39m[0m
[  26% ] [90m[1mreimport[22m | profile_mastery_vegeta.png[39m[0m
[  26% ] [90m[1mreimport[22m | vegeta1.png[39m[0m
[  26% ] [90m[1mreimport[22m | vegeta2.png[39m[0m
[  26% ] [90m[1mreimport[22m | vegeta3.png[39m[0m
[  26% ] [90m[1mreimport[22m | vegeta4.png[39m[0m
[  27% ] [90m[1mreimport[22m | vegeta.png[39m[0m
[  27% ] [90m[1mreimport[22m | vegeta_mastery1.png[39m[0m
[  27% ] [90m[1mreimport[22m | vegeta_mastery2.png[39m[0m
[  27% ] [90m[1mreimport[22m | vegeta_mastery3.png[39m[0m
[  27% ] [90m[1mreimport[22m | vegeta_mastery4.png[39m[0m
[  27% ] [90m[1mreimport[22m | veldora1.png[39m[0m
[  27% ] [90m[1mreimport[22m | veldora2.png[39m[0m
[  27% ] [90m[1mreimport[22m | veldora3.png[39m[0m
[  27% ] [90m[1mreimport[22m | veldora4.png[39m[0m
[  27% ] [90m[1mreimport[22m | veldora5.png[39m[0m
[  27% ] [90m[1mreimport[22m | yubelprof.png[39m[0m
[  27% ] [90m[1mreimport[22m | yugi1.png[39m[0m
[  27% ] [90m[1mreimport[22m | yugi2.png[39m[0m
[  27% ] [90m[1mreimport[22m | yugi3.png[39m[0m
[  27% ] [90m[1mreimport[22m | yugi4.png[39m[0m
[  27% ] [90m[1mreimport[22m | yugi5.png[39m[0m
[  27% ] [90m[1mreimport[22m | yugi6.png[39m[0m
[  27% ] [90m[1mreimport[22m | yugi7.png[39m[0m
[  27% ] [90m[1mreimport[22m | yugiprof.png[39m[0m
[  27% ] [90m[1mreimport[22m | kurenaiprof.png[39m[0m
[  27% ] [90m[1mreimport[22m | yuiprof.png[39m[0m
[  27% ] [90m[1mreimport[22m | yujirohanmaprof.png[39m[0m
[  27% ] [90m[1mreimport[22m | yukinoprof.png[39m[0m
[  27% ] [90m[1mreimport[22m | yukinoriprof.png[39m[0m
[  27% ] [90m[1mreimport[22m | yukioprof.png[39m[0m
[  27% ] [90m[1mreimport[22m | yukiteruprof.png[39m[0m
[  27% ] [90m[1mreimport[22m | yumichikaprof.png[39m[0m
[  27% ] [90m[1mreimport[22m | rakko1.png[39m[0m
[  27% ] [90m[1mreimport[22m | rakko2.png[39m[0m
[  27% ] [90m[1mreimport[22m | rakko3.png[39m[0m
[  27% ] [90m[1mreimport[22m | rakko4.png[39m[0m
[  27% ] [90m[1mreimport[22m | rakko5.png[39m[0m
[  27% ] [90m[1mreimport[22m | rakkoprof.png[39m[0m
[  27% ] [90m[1mreimport[22m | gasai1.png[39m[0m
[  27% ] [90m[1mreimport[22m | gasai2.png[39m[0m
[  28% ] [90m[1mreimport[22m | gasai3.png[39m[0m
[  28% ] [90m[1mreimport[22m | gasai4.png[39m[0m
[  28% ] [90m[1mreimport[22m | profile_mastery_yamamoto.png[39m[0m
[  28% ] [90m[1mreimport[22m | yamamoto1.png[39m[0m
[  28% ] [90m[1mreimport[22m | yamamoto2.png[39m[0m
[  28% ] [90m[1mreimport[22m | yamamoto3.png[39m[0m
[  28% ] [90m[1mreimport[22m | yamamoto4.png[39m[0m
[  28% ] [90m[1mreimport[22m | yamamotoalt1.png[39m[0m
[  28% ] [90m[1mreimport[22m | yamamotoalt2.png[39m[0m
[  28% ] [90m[1mreimport[22m | yamamotoprof.png[39m[0m
[  28% ] [90m[1mreimport[22m | yamchaprof.png[39m[0m
[  28% ] [90m[1mreimport[22m | yamiprof.png[39m[0m
[  28% ] [90m[1mreimport[22m | yammyprof.png[39m[0m
[  28% ] [90m[1mreimport[22m | chadprof.png[39m[0m
[  28% ] [90m[1mreimport[22m | yomiprof.png[39m[0m
[  28% ] [90m[1mreimport[22m | yomotsuprof.png[39m[0m
[  28% ] [90m[1mreimport[22m | yoruichi1.png[39m[0m
[  28% ] [90m[1mreimport[22m | yoruichi2.png[39m[0m
[  28% ] [90m[1mreimport[22m | yoruichi3.png[39m[0m
[  28% ] [90m[1mreimport[22m | yoruichi4.png[39m[0m
[  28% ] [90m[1mreimport[22m | yoruichi5.png[39m[0m
[  28% ] [90m[1mreimport[22m | yoruichialtprof.png[39m[0m
[  28% ] [90m[1mreimport[22m | yoruichiprof.png[39m[0m
[  28% ] [90m[1mreimport[22m | yubel1.png[39m[0m
[  28% ] [90m[1mreimport[22m | yubel2.png[39m[0m
[  28% ] [90m[1mreimport[22m | yubel3.png[39m[0m
[  28% ] [90m[1mreimport[22m | yubel4.png[39m[0m
[  28% ] [90m[1mreimport[22m | yubel5.png[39m[0m
[  28% ] [90m[1mreimport[22m | yubel6.png[39m[0m
[  28% ] [90m[1mreimport[22m | halibel1.png[39m[0m
[  28% ] [90m[1mreimport[22m | halibel2.png[39m[0m
[  28% ] [90m[1mreimport[22m | halibel3.png[39m[0m
[  28% ] [90m[1mreimport[22m | halibel4.png[39m[0m
[  28% ] [90m[1mreimport[22m | halibel5.png[39m[0m
[  29% ] [90m[1mreimport[22m | halibel6.png[39m[0m
[  29% ] [90m[1mreimport[22m | halibel7.png[39m[0m
[  29% ] [90m[1mreimport[22m | halibelaltprof.png[39m[0m
[  29% ] [90m[1mreimport[22m | halibelprof.png[39m[0m
[  29% ] [90m[1mreimport[22m | tienprof.png[39m[0m
[  29% ] [90m[1mreimport[22m | nidaimeprof.png[39m[0m
[  29% ] [90m[1mreimport[22m | todoprof.png[39m[0m
[  29% ] [90m[1mreimport[22m | mirioprof.png[39m[0m
[  29% ] [90m[1mreimport[22m | toguroprof.png[39m[0m
[  29% ] [90m[1mreimport[22m | toji1.png[39m[0m
[  29% ] [90m[1mreimport[22m | toji2.png[39m[0m
[  29% ] [90m[1mreimport[22m | toji3.png[39m[0m
[  29% ] [90m[1mreimport[22m | toji4.png[39m[0m
[  29% ] [90m[1mreimport[22m | toji5.png[39m[0m
[  29% ] [90m[1mreimport[22m | tojiprof.png[39m[0m
[  29% ] [90m[1mreimport[22m | shigarakiprof.png[39m[0m
[  29% ] [90m[1mreimport[22m | chopperprof.png[39m[0m
[  29% ] [90m[1mreimport[22m | alttophprof.png[39m[0m
[  29% ] [90m[1mreimport[22m | alt_prof_toph.png[39m[0m
[  29% ] [90m[1mreimport[22m | toph1.png[39m[0m
[  29% ] [90m[1mreimport[22m | toph2.png[39m[0m
[  29% ] [90m[1mreimport[22m | toph3.png[39m[0m
[  29% ] [90m[1mreimport[22m | tatsumi3.png[39m[0m
[  29% ] [90m[1mreimport[22m | tatsumi4.png[39m[0m
[  29% ] [90m[1mreimport[22m | tatsumiprof.png[39m[0m
[  29% ] [90m[1mreimport[22m | temariprof.png[39m[0m
[  29% ] [90m[1mreimport[22m | uzui1.png[39m[0m
[  29% ] [90m[1mreimport[22m | uzui2.png[39m[0m
[  29% ] [90m[1mreimport[22m | uzui3.png[39m[0m
[  29% ] [90m[1mreimport[22m | uzui4.png[39m[0m
[  29% ] [90m[1mreimport[22m | uzui5.png[39m[0m
[  29% ] [90m[1mreimport[22m | uzuiprof.png[39m[0m
[  29% ] [90m[1mreimport[22m | tentenprof.png[39m[0m
[  29% ] [90m[1mreimport[22m | tentomonprof.png[39m[0m
[  29% ] [90m[1mreimport[22m | idaprof.png[39m[0m
[  30% ] [90m[1mreimport[22m | teresaprof.png[39m[0m
[  30% ] [90m[1mreimport[22m | alt.png[39m[0m
[  30% ] [90m[1mreimport[22m | lizandpatty1.png[39m[0m
[  30% ] [90m[1mreimport[22m | lizandpatty2.png[39m[0m
[  30% ] [90m[1mreimport[22m | lizandpatty3.png[39m[0m
[  30% ] [90m[1mreimport[22m | lizandpatty4.png[39m[0m
[  30% ] [90m[1mreimport[22m | lizandpatty5.png[39m[0m
[  30% ] [90m[1mreimport[22m | lizandpatty6.png[39m[0m
[  30% ] [90m[1mreimport[22m | lizandpatty7.png[39m[0m
[  30% ] [90m[1mreimport[22m | lizprof.png[39m[0m
[  30% ] [90m[1mreimport[22m | pattyprof.png[39m[0m
[  30% ] [90m[1mreimport[22m | thomasprof.png[39m[0m
[  30% ] [90m[1mreimport[22m | thorprof.png[39m[0m
[  30% ] [90m[1mreimport[22m | thraggprof.png[39m[0m
[  30% ] [90m[1mreimport[22m | tsunadeprof.png[39m[0m
[  30% ] [90m[1mreimport[22m | tsuyu1.png[39m[0m
[  30% ] [90m[1mreimport[22m | tsuyu2.png[39m[0m
[  30% ] [90m[1mreimport[22m | tsuyu3.png[39m[0m
[  30% ] [90m[1mreimport[22m | tsuyu4.png[39m[0m
[  30% ] [90m[1mreimport[22m | tsuyuprof.png[39m[0m
[  30% ] [90m[1mreimport[22m | tuxedomaskprof.png[39m[0m
[  30% ] [90m[1mreimport[22m | twiceprof.png[39m[0m
[  30% ] [90m[1mreimport[22m | itachiprof.png[39m[0m
[  30% ] [90m[1mreimport[22m | madaraprof.png[39m[0m
[  30% ] [90m[1mreimport[22m | obitoprof.png[39m[0m
[  30% ] [90m[1mreimport[22m | ultearprof.png[39m[0m
[  30% ] [90m[1mreimport[22m | uniprof.png[39m[0m
[  30% ] [90m[1mreimport[22m | urahara1.png[39m[0m
[  30% ] [90m[1mreimport[22m | urahara2.png[39m[0m
[  30% ] [90m[1mreimport[22m | urahara3.png[39m[0m
[  30% ] [90m[1mreimport[22m | urahara4.png[39m[0m
[  30% ] [90m[1mreimport[22m | urahara5.png[39m[0m
[  30% ] [90m[1mreimport[22m | uraharaprof.png[39m[0m
[  30% ] [90m[1mreimport[22m | yusukeprof.png[39m[0m
[  30% ] [90m[1mreimport[22m | ushiwakamaruprof.png[39m[0m
[  31% ] [90m[1mreimport[22m | profile_mastery_usopp.png[39m[0m
[  31% ] [90m[1mreimport[22m | usopp1.PNG[39m[0m
[  31% ] [90m[1mreimport[22m | usopp2.PNG[39m[0m
[  31% ] [90m[1mreimport[22m | usopp3.png[39m[0m
[  31% ] [90m[1mreimport[22m | usopp4.png[39m[0m
[  31% ] [90m[1mreimport[22m | usopp5.PNG[39m[0m
[  31% ] [90m[1mreimport[22m | toph4.png[39m[0m
[  31% ] [90m[1mreimport[22m | toph5.png[39m[0m
[  31% ] [90m[1mreimport[22m | tophprof.png[39m[0m
[  31% ] [90m[1mreimport[22m | toshiroprof.png[39m[0m
[  31% ] [90m[1mreimport[22m | toudou1.png[39m[0m
[  31% ] [90m[1mreimport[22m | toudou2.png[39m[0m
[  31% ] [90m[1mreimport[22m | toudou3.png[39m[0m
[  31% ] [90m[1mreimport[22m | toudou4.png[39m[0m
[  31% ] [90m[1mreimport[22m | toudou5.png[39m[0m
[  31% ] [90m[1mreimport[22m | toudouprof.png[39m[0m
[  31% ] [90m[1mreimport[22m | lawprof.png[39m[0m
[  31% ] [90m[1mreimport[22m | kasuganoprof.png[39m[0m
[  31% ] [90m[1mreimport[22m | alt_prof_tsubaki.png[39m[0m
[  31% ] [90m[1mreimport[22m | tsubaki1.png[39m[0m
[  31% ] [90m[1mreimport[22m | tsubaki2.png[39m[0m
[  31% ] [90m[1mreimport[22m | tsubaki3.png[39m[0m
[  31% ] [90m[1mreimport[22m | tsubaki4.png[39m[0m
[  31% ] [90m[1mreimport[22m | tsubaki5.png[39m[0m
[  31% ] [90m[1mreimport[22m | tsubaki6.png[39m[0m
[  31% ] [90m[1mreimport[22m | tsubakiprof.png[39m[0m
[  31% ] [90m[1mreimport[22m | tsubasa1.png[39m[0m
[  31% ] [90m[1mreimport[22m | tsubasa2.png[39m[0m
[  31% ] [90m[1mreimport[22m | tsubasa3.png[39m[0m
[  31% ] [90m[1mreimport[22m | tsubasa4.png[39m[0m
[  31% ] [90m[1mreimport[22m | tsubasa5.png[39m[0m
[  31% ] [90m[1mreimport[22m | tsubasa6.png[39m[0m
[  31% ] [90m[1mreimport[22m | tsubasaprof.png[39m[0m
[  31% ] [90m[1mreimport[22m | mask_icon.png[39m[0m
[  31% ] [90m[1mreimport[22m | mastery panel.png[39m[0m
[  32% ] [90m[1mreimport[22m | masterybar.png[39m[0m
[  32% ] [90m[1mreimport[22m | masteryopen.png[39m[0m
[  32% ] [90m[1mreimport[22m | masteryopenhovered.png[39m[0m
[  32% ] [90m[1mreimport[22m | newbie.png[39m[0m
[  32% ] [90m[1mreimport[22m | nexus open button hovered.png[39m[0m
[  32% ] [90m[1mreimport[22m | nexus open button.png[39m[0m
[  32% ] [90m[1mreimport[22m | nexusgrey.png[39m[0m
[  32% ] [90m[1mreimport[22m | practicebutton.png[39m[0m
[  32% ] [90m[1mreimport[22m | practicebuttonhovered.png[39m[0m
[  32% ] [90m[1mreimport[22m | privatebutton.png[39m[0m
[  32% ] [90m[1mreimport[22m | privatebuttonhovered.png[39m[0m
[  32% ] [90m[1mreimport[22m | profilebuttongrey.png[39m[0m
[  32% ] [90m[1mreimport[22m | quickbutton.png[39m[0m
[  32% ] [90m[1mreimport[22m | quickbuttonhovered.png[39m[0m
[  32% ] [90m[1mreimport[22m | rankedbutton.png[39m[0m
[  32% ] [90m[1mreimport[22m | rankedbuttonhovered.png[39m[0m
[  32% ] [90m[1mreimport[22m | replaybutton.png[39m[0m
[  32% ] [90m[1mreimport[22m | rexplodeprof.png[39m[0m
[  32% ] [90m[1mreimport[22m | rightarrow.png[39m[0m
[  32% ] [90m[1mreimport[22m | rightarrowhovered.png[39m[0m
[  32% ] [90m[1mreimport[22m | searching2.png[39m[0m
[  32% ] [90m[1mreimport[22m | settingsgrey.png[39m[0m
[  32% ] [90m[1mreimport[22m | shop open button hovered.png[39m[0m
[  32% ] [90m[1mreimport[22m | shop open button.png[39m[0m
[  32% ] [90m[1mreimport[22m | shopgrey.png[39m[0m
[  32% ] [90m[1mreimport[22m | enterappanel.png[39m[0m
[  32% ] [90m[1mreimport[22m | bronze small.png[39m[0m
[  32% ] [90m[1mreimport[22m | diamond small.png[39m[0m
[  32% ] [90m[1mreimport[22m | gold small.png[39m[0m
[  32% ] [90m[1mreimport[22m | iron small.png[39m[0m
[  32% ] [90m[1mreimport[22m | masters small.png[39m[0m
[  32% ] [90m[1mreimport[22m | platinum small.png[39m[0m
[  32% ] [90m[1mreimport[22m | silver small.png[39m[0m
[  32% ] [90m[1mreimport[22m | animefilterpanel.png[39m[0m
[  32% ] [90m[1mreimport[22m | announcementgrey.png[39m[0m
[  33% ] [90m[1mreimport[22m | announcementred.png[39m[0m
[  33% ] [90m[1mreimport[22m | Ap coin icon that goes under user stats.png[39m[0m
[  33% ] [90m[1mreimport[22m | beginner.png[39m[0m
[  33% ] [90m[1mreimport[22m | character view panel.png[39m[0m
[  33% ] [90m[1mreimport[22m | characterpanel.png[39m[0m
[  33% ] [90m[1mreimport[22m | clanbuttongrey.png[39m[0m
[  33% ] [90m[1mreimport[22m | close panel button.png[39m[0m
[  33% ] [90m[1mreimport[22m | cosmeticopen.png[39m[0m
[  33% ] [90m[1mreimport[22m | cosmeticopenhovered.png[39m[0m
[  33% ] [90m[1mreimport[22m | cosmetics.png[39m[0m
[  33% ] [90m[1mreimport[22m | dices.png[39m[0m
[  33% ] [90m[1mreimport[22m | filter.png[39m[0m
[  33% ] [90m[1mreimport[22m | filterdownarrow.png[39m[0m
[  33% ] [90m[1mreimport[22m | filteruparrow.png[39m[0m
[  33% ] [90m[1mreimport[22m | leftarrow.png[39m[0m
[  33% ] [90m[1mreimport[22m | leftarrowhovered.png[39m[0m
[  33% ] [90m[1mreimport[22m | logoutbuttonopen.png[39m[0m
[  33% ] [90m[1mreimport[22m | loginpanel.png[39m[0m
[  33% ] [90m[1mreimport[22m | registerbutton.png[39m[0m
[  33% ] [90m[1mreimport[22m | sign in button.png[39m[0m
[  33% ] [90m[1mreimport[22m | sign_in_button.png[39m[0m
[  33% ] [90m[1mreimport[22m | anime tabs.png[39m[0m
[  33% ] [90m[1mreimport[22m | AP button.png[39m[0m
[  33% ] [90m[1mreimport[22m | close panel button.png[39m[0m
[  33% ] [90m[1mreimport[22m | help button.png[39m[0m
[  33% ] [90m[1mreimport[22m | nexus very top border.png[39m[0m
[  33% ] [90m[1mreimport[22m | nexusbackground.png[39m[0m
[  33% ] [90m[1mreimport[22m | minus button.png[39m[0m
[  33% ] [90m[1mreimport[22m | plus button.png[39m[0m
[  33% ] [90m[1mreimport[22m | skill cancel.png[39m[0m
[  33% ] [90m[1mreimport[22m | skill confirm.png[39m[0m
[  33% ] [90m[1mreimport[22m | skill execution main label.png[39m[0m
[  33% ] [90m[1mreimport[22m | loss_screen_panel.png[39m[0m
[  33% ] [90m[1mreimport[22m | match replay button.png[39m[0m
[  33% ] [90m[1mreimport[22m | match stats button.png[39m[0m
[  34% ] [90m[1mreimport[22m | return to menu button.png[39m[0m
[  34% ] [90m[1mreimport[22m | win label.png[39m[0m
[  34% ] [90m[1mreimport[22m | blankbutton.png[39m[0m
[  34% ] [90m[1mreimport[22m | dc.png[39m[0m
[  34% ] [90m[1mreimport[22m | default_menu_frame.png[39m[0m
[  34% ] [90m[1mreimport[22m | mastery_bar_back.png[39m[0m
[  34% ] [90m[1mreimport[22m | settingsred.png[39m[0m
[  34% ] [90m[1mreimport[22m | settingsredhovered.png[39m[0m
[  34% ] [90m[1mreimport[22m | unusable.png[39m[0m
[  34% ] [90m[1mreimport[22m | socialgrey.png[39m[0m
[  34% ] [90m[1mreimport[22m | superhero_icon.png[39m[0m
[  34% ] [90m[1mreimport[22m | titles panel.png[39m[0m
[  34% ] [90m[1mreimport[22m | titlesbutton.png[39m[0m
[  34% ] [90m[1mreimport[22m | titlesbuttonhovered.png[39m[0m
[  34% ] [90m[1mreimport[22m | userinformationpanel.png[39m[0m
[  34% ] [90m[1mreimport[22m | vertical close panel button.png[39m[0m
[  34% ] [90m[1mreimport[22m | energy exchange main label.png[39m[0m
[  34% ] [90m[1mreimport[22m | energy select.png[39m[0m
[  34% ] [90m[1mreimport[22m | behind face picture border.png[39m[0m
[  34% ] [90m[1mreimport[22m | bottom right skill panel.png[39m[0m
[  34% ] [90m[1mreimport[22m | button.png[39m[0m
[  34% ] [90m[1mreimport[22m | character skill bar.png[39m[0m
[  34% ] [90m[1mreimport[22m | Enemy User Information Right.png[39m[0m
[  34% ] [90m[1mreimport[22m | enemy_character_panel.png[39m[0m
[  34% ] [90m[1mreimport[22m | exchange energy button.png[39m[0m
[  34% ] [90m[1mreimport[22m | FINAL_SKILL_PANEL.png[39m[0m
[  34% ] [90m[1mreimport[22m | game chat mute button.png[39m[0m
[  34% ] [90m[1mreimport[22m | game chat panel.png[39m[0m
[  34% ] [90m[1mreimport[22m | ingame_background.png[39m[0m
[  34% ] [90m[1mreimport[22m | lighter_grey_your_turn.png[39m[0m
[  34% ] [90m[1mreimport[22m | settings button.png[39m[0m
[  34% ] [90m[1mreimport[22m | surrender button.png[39m[0m
[  34% ] [90m[1mreimport[22m | top bar chakra counter.png[39m[0m
[  34% ] [90m[1mreimport[22m | User Information Left.png[39m[0m
[  34% ] [90m[1mreimport[22m | white not your turn.png[39m[0m
[  35% ] [90m[1mreimport[22m | aabackground.png[39m[0m
[  35% ] [90m[1mreimport[22m | zombiemanprof.png[39m[0m
[  35% ] [90m[1mreimport[22m | zommariprof.png[39m[0m
[  35% ] [90m[1mreimport[22m | zukoprof.png[39m[0m
[  35% ] [90m[1mreimport[22m | banished.png[39m[0m
[  35% ] [90m[1mreimport[22m | blue_energy.png[39m[0m
[  35% ] [90m[1mreimport[22m | cosmetics_icon.png[39m[0m
[  35% ] [90m[1mreimport[22m | dead.png[39m[0m
[  35% ] [90m[1mreimport[22m | demon_slayer_mission_icon.png[39m[0m
[  35% ] [90m[1mreimport[22m | examplebackground.png[39m[0m
[  35% ] [90m[1mreimport[22m | examplecharselectbackground.png[39m[0m
[  35% ] [90m[1mreimport[22m | franklinprof.png[39m[0m
[  35% ] [90m[1mreimport[22m | green_energy.png[39m[0m
[  35% ] [90m[1mreimport[22m | label_HP.png[39m[0m
[  35% ] [90m[1mreimport[22m | label_HP_bg.png[39m[0m
[  35% ] [90m[1mreimport[22m | left_button.png[39m[0m
[  35% ] [90m[1mreimport[22m | lifebar_bg.png[39m[0m
[  35% ] [90m[1mreimport[22m | lifebar_fill.png[39m[0m
[  35% ] [90m[1mreimport[22m | mastery_icon.png[39m[0m
[  35% ] [90m[1mreimport[22m | mission_icon.png[39m[0m
[  35% ] [90m[1mreimport[22m | naruto_mission_icon.png[39m[0m
[  35% ] [90m[1mreimport[22m | natsufist.PNG[39m[0m
[  35% ] [90m[1mreimport[22m | oldlifebar.png[39m[0m
[  35% ] [90m[1mreimport[22m | onepiece_mission_icon.png[39m[0m
[  35% ] [90m[1mreimport[22m | placeholder_icon.png[39m[0m
[  35% ] [90m[1mreimport[22m | player_data_icon.png[39m[0m
[  35% ] [90m[1mreimport[22m | profile_mastery_touka.png[39m[0m
[  35% ] [90m[1mreimport[22m | random_energy.png[39m[0m
[  35% ] [90m[1mreimport[22m | gasai5.png[39m[0m
[  35% ] [90m[1mreimport[22m | gasai6.png[39m[0m
[  35% ] [90m[1mreimport[22m | gasaiprof.png[39m[0m
[  35% ] [90m[1mreimport[22m | yunogasaiprof.png[39m[0m
[  35% ] [90m[1mreimport[22m | profile_mastery_yuno.png[39m[0m
[  35% ] [90m[1mreimport[22m | yuno1.png[39m[0m
[  35% ] [90m[1mreimport[22m | yuno2.png[39m[0m
[  36% ] [90m[1mreimport[22m | yuno3.png[39m[0m
[  36% ] [90m[1mreimport[22m | yuno4.png[39m[0m
[  36% ] [90m[1mreimport[22m | yuno5.png[39m[0m
[  36% ] [90m[1mreimport[22m | yuno6.png[39m[0m
[  36% ] [90m[1mreimport[22m | yuno7.png[39m[0m
[  36% ] [90m[1mreimport[22m | yuno.png[39m[0m
[  36% ] [90m[1mreimport[22m | yutaprof.png[39m[0m
[  36% ] [90m[1mreimport[22m | zakuroprof.png[39m[0m
[  36% ] [90m[1mreimport[22m | zancrowprof.png[39m[0m
[  36% ] [90m[1mreimport[22m | zankaprof.png[39m[0m
[  36% ] [90m[1mreimport[22m | zarakiprof.png[39m[0m
[  36% ] [90m[1mreimport[22m | zaratrasprof.png[39m[0m
[  36% ] [90m[1mreimport[22m | zarbonprof.png[39m[0m
[  36% ] [90m[1mreimport[22m | zazanprof.png[39m[0m
[  36% ] [90m[1mreimport[22m | zekeprof.png[39m[0m
[  36% ] [90m[1mreimport[22m | zeldrisprof.png[39m[0m
[  36% ] [90m[1mreimport[22m | zerefprof.png[39m[0m
[  36% ] [90m[1mreimport[22m | zerofukuprof.png[39m[0m
[  36% ] [90m[1mreimport[22m | zeusprof.png[39m[0m
[  36% ] [90m[1mreimport[22m | zodylprof.png[39m[0m
[  36% ] [90m[1mreimport[22m | dragon_ball.png[39m[0m
[  36% ] [90m[1mreimport[22m | eminence.png[39m[0m
[  36% ] [90m[1mreimport[22m | fairytailbackground.png[39m[0m
[  36% ] [90m[1mreimport[22m | fatebackground.png[39m[0m
[  36% ] [90m[1mreimport[22m | fireforcebackground.png[39m[0m
[  36% ] [90m[1mreimport[22m | frieren.png[39m[0m
[  36% ] [90m[1mreimport[22m | hitmanrebornbackground.png[39m[0m
[  36% ] [90m[1mreimport[22m | hunterxhunterbackground.png[39m[0m
[  36% ] [90m[1mreimport[22m | inviniciblebackground.png[39m[0m
[  36% ] [90m[1mreimport[22m | jjkbackground.png[39m[0m
[  36% ] [90m[1mreimport[22m | killalakillabackground.png[39m[0m
[  36% ] [90m[1mreimport[22m | madokabackground.png[39m[0m
[  36% ] [90m[1mreimport[22m | mashle.png[39m[0m
[  36% ] [90m[1mreimport[22m | myherobackground.png[39m[0m
[  36% ] [90m[1mreimport[22m | narutobackground.png[39m[0m
[  37% ] [90m[1mreimport[22m | onepiecebackground.png[39m[0m
[  37% ] [90m[1mreimport[22m | onepunchmanbackground.png[39m[0m
[  37% ] [90m[1mreimport[22m | placeholderbackground.png[39m[0m
[  37% ] [90m[1mreimport[22m | railgunbackground.png[39m[0m
[  37% ] [90m[1mreimport[22m | sailor_moon.png[39m[0m
[  37% ] [90m[1mreimport[22m | seven_deadly_sins.png[39m[0m
[  37% ] [90m[1mreimport[22m | slimebackground.png[39m[0m
[  37% ] [90m[1mreimport[22m | solo_leveling.png[39m[0m
[  37% ] [90m[1mreimport[22m | souleaterbackground.png[39m[0m
[  37% ] [90m[1mreimport[22m | tokyoghoulbackground.png[39m[0m
[  37% ] [90m[1mreimport[22m | confirm button.png[39m[0m
[  37% ] [90m[1mreimport[22m | decline button.png[39m[0m
[  37% ] [90m[1mreimport[22m | red_energy.png[39m[0m
[  37% ] [90m[1mreimport[22m | right_button.png[39m[0m
[  37% ] [90m[1mreimport[22m | select.png[39m[0m
[  37% ] [90m[1mreimport[22m | social_icon.png[39m[0m
[  37% ] [90m[1mreimport[22m | Team_Kakashi.png[39m[0m
[  37% ] [90m[1mreimport[22m | timer_bar.png[39m[0m
[  37% ] [90m[1mreimport[22m | timer_bar_fill.png[39m[0m
[  37% ] [90m[1mreimport[22m | total_energy.png[39m[0m
[  37% ] [90m[1mreimport[22m | touka1.png[39m[0m
[  37% ] [90m[1mreimport[22m | touka2.png[39m[0m
[  37% ] [90m[1mreimport[22m | touka3.png[39m[0m
[  37% ] [90m[1mreimport[22m | touka4.png[39m[0m
[  37% ] [90m[1mreimport[22m | toukaprof.png[39m[0m
[  37% ] [90m[1mreimport[22m | toukaprof_2.png[39m[0m
[  37% ] [90m[1mreimport[22m | white_energy.png[39m[0m
[  37% ] [90m[1mreimport[22m | youlost.png[39m[0m
[  37% ] [90m[1mreimport[22m | youwon.png[39m[0m
[  37% ] [90m[1mreimport[22m | akamebackground.png[39m[0m
[  37% ] [90m[1mreimport[22m | attackontitanbackground.png[39m[0m
[  37% ] [90m[1mreimport[22m | avatarbackground.png[39m[0m
[  37% ] [90m[1mreimport[22m | back button.png[39m[0m
[  37% ] [90m[1mreimport[22m | blackcloverbackground.png[39m[0m
[  37% ] [90m[1mreimport[22m | bleachbackground.png[39m[0m
[  38% ] [90m[1mreimport[22m | deadlysinsbackground.png[39m[0m
[  38% ] [90m[1mreimport[22m | deadmanbackground.png[39m[0m
[  38% ] [90m[1mreimport[22m | demonslayerbackground.png[39m[0m
[  38% ] [90m[1mreimport[22m | digimonbackground.png[39m[0m
[  38% ] [90m[1mreimport[22m | jupiter3.png[39m[0m
[  38% ] [90m[1mreimport[22m | jupiter4.png[39m[0m
[  38% ] [90m[1mreimport[22m | jupiter5.png[39m[0m
[  38% ] [90m[1mreimport[22m | jupiterprof.png[39m[0m
[  38% ] [90m[1mreimport[22m | alt_prof_mars.png[39m[0m
[  38% ] [90m[1mreimport[22m | mars1.png[39m[0m
[  38% ] [90m[1mreimport[22m | mars2.png[39m[0m
[  38% ] [90m[1mreimport[22m | mars3.png[39m[0m
[  38% ] [90m[1mreimport[22m | mars4.png[39m[0m
[  38% ] [90m[1mreimport[22m | marsprof.png[39m[0m
[  38% ] [90m[1mreimport[22m | sailormarsprof.png[39m[0m
[  38% ] [90m[1mreimport[22m | sailormarsprofolder.png[39m[0m
[  38% ] [90m[1mreimport[22m | mercury1.png[39m[0m
[  38% ] [90m[1mreimport[22m | mercury2.png[39m[0m
[  38% ] [90m[1mreimport[22m | mercury3.png[39m[0m
[  38% ] [90m[1mreimport[22m | mercury4.png[39m[0m
[  38% ] [90m[1mreimport[22m | mercuryprof.png[39m[0m
[  38% ] [90m[1mreimport[22m | sailormoonprof.png[39m[0m
[  38% ] [90m[1mreimport[22m | sailorneptuneprof.png[39m[0m
[  38% ] [90m[1mreimport[22m | sailorplutoprof.png[39m[0m
[  38% ] [90m[1mreimport[22m | alt_prof_saturn.png[39m[0m
[  38% ] [90m[1mreimport[22m | saturn1.png[39m[0m
[  38% ] [90m[1mreimport[22m | saturn2.png[39m[0m
[  38% ] [90m[1mreimport[22m | saturn3.png[39m[0m
[  38% ] [90m[1mreimport[22m | saturn4.png[39m[0m
[  38% ] [90m[1mreimport[22m | saturn5.png[39m[0m
[  38% ] [90m[1mreimport[22m | saturnprof.png[39m[0m
[  38% ] [90m[1mreimport[22m | sukuna5.png[39m[0m
[  38% ] [90m[1mreimport[22m | sukunaprof.png[39m[0m
[  38% ] [90m[1mreimport[22m | profile_mastery_ryuko.png[39m[0m
[  38% ] [90m[1mreimport[22m | ryuko1.png[39m[0m
[  39% ] [90m[1mreimport[22m | ryuko2.png[39m[0m
[  39% ] [90m[1mreimport[22m | ryuko3.png[39m[0m
[  39% ] [90m[1mreimport[22m | ryuko4.png[39m[0m
[  39% ] [90m[1mreimport[22m | ryuko5.png[39m[0m
[  39% ] [90m[1mreimport[22m | ryuko.png[39m[0m
[  39% ] [90m[1mreimport[22m | excalibur.png[39m[0m
[  39% ] [90m[1mreimport[22m | mastery_saber1.png[39m[0m
[  39% ] [90m[1mreimport[22m | mastery_saber2.png[39m[0m
[  39% ] [90m[1mreimport[22m | mastery_saber3.png[39m[0m
[  39% ] [90m[1mreimport[22m | mastery_saber4.png[39m[0m
[  39% ] [90m[1mreimport[22m | profile_mastery_saber.png[39m[0m
[  39% ] [90m[1mreimport[22m | saber1.png[39m[0m
[  39% ] [90m[1mreimport[22m | saber2.png[39m[0m
[  39% ] [90m[1mreimport[22m | saber3.png[39m[0m
[  39% ] [90m[1mreimport[22m | saber4.png[39m[0m
[  39% ] [90m[1mreimport[22m | saberprof.png[39m[0m
[  39% ] [90m[1mreimport[22m | saboprof.png[39m[0m
[  39% ] [90m[1mreimport[22m | saiprof.png[39m[0m
[  39% ] [90m[1mreimport[22m | ceresprof.png[39m[0m
[  39% ] [90m[1mreimport[22m | chibimoonprof.png[39m[0m
[  39% ] [90m[1mreimport[22m | alt_prof_jupiter.png[39m[0m
[  39% ] [90m[1mreimport[22m | jupiter1.png[39m[0m
[  39% ] [90m[1mreimport[22m | jupiter2.png[39m[0m
[  39% ] [90m[1mreimport[22m | saitama_mastery5.png[39m[0m
[  39% ] [90m[1mreimport[22m | saitama_mastery6.png[39m[0m
[  39% ] [90m[1mreimport[22m | saitama_mastery7.png[39m[0m
[  39% ] [90m[1mreimport[22m | naruhaprof.png[39m[0m
[  39% ] [90m[1mreimport[22m | sanjiprof.png[39m[0m
[  39% ] [90m[1mreimport[22m | sarielprof.png[39m[0m
[  39% ] [90m[1mreimport[22m | kojiroprof.png[39m[0m
[  39% ] [90m[1mreimport[22m | sasoriprof.png[39m[0m
[  39% ] [90m[1mreimport[22m | profile_mastery_sasuke.png[39m[0m
[  39% ] [90m[1mreimport[22m | sasuke1.jpg[39m[0m
[  39% ] [90m[1mreimport[22m | sasuke1.png[39m[0m
[  39% ] [90m[1mreimport[22m | sasuke2.png[39m[0m
[  40% ] [90m[1mreimport[22m | sasuke3.png[39m[0m
[  40% ] [90m[1mreimport[22m | sasuke4.png[39m[0m
[  40% ] [90m[1mreimport[22m | sasuke5.png[39m[0m
[  40% ] [90m[1mreimport[22m | sasuke6.png[39m[0m
[  40% ] [90m[1mreimport[22m | sasukeprof.png[39m[0m
[  40% ] [90m[1mreimport[22m | sasukeprof_2.png[39m[0m
[  40% ] [90m[1mreimport[22m | sasuke_mastery1.png[39m[0m
[  40% ] [90m[1mreimport[22m | sasuke_mastery2.png[39m[0m
[  40% ] [90m[1mreimport[22m | sasuke_mastery3.png[39m[0m
[  40% ] [90m[1mreimport[22m | sasuke_mastery4.png[39m[0m
[  40% ] [90m[1mreimport[22m | sasuke_mastery5.png[39m[0m
[  40% ] [90m[1mreimport[22m | sasuke_mastery6.png[39m[0m
[  40% ] [90m[1mreimport[22m | satellaprof.png[39m[0m
[  40% ] [90m[1mreimport[22m | gojo1.png[39m[0m
[  40% ] [90m[1mreimport[22m | gojo2.png[39m[0m
[  40% ] [90m[1mreimport[22m | starfighterprof.png[39m[0m
[  40% ] [90m[1mreimport[22m | starhealerprof.png[39m[0m
[  40% ] [90m[1mreimport[22m | starmakerprof.png[39m[0m
[  40% ] [90m[1mreimport[22m | uranus1.png[39m[0m
[  40% ] [90m[1mreimport[22m | uranus2.png[39m[0m
[  40% ] [90m[1mreimport[22m | uranus3.png[39m[0m
[  40% ] [90m[1mreimport[22m | uranus4.png[39m[0m
[  40% ] [90m[1mreimport[22m | uranus5.png[39m[0m
[  40% ] [90m[1mreimport[22m | uranusprof.png[39m[0m
[  40% ] [90m[1mreimport[22m | venus1.png[39m[0m
[  40% ] [90m[1mreimport[22m | venus2.png[39m[0m
[  40% ] [90m[1mreimport[22m | venus3.png[39m[0m
[  40% ] [90m[1mreimport[22m | venus4.png[39m[0m
[  40% ] [90m[1mreimport[22m | venus5.png[39m[0m
[  40% ] [90m[1mreimport[22m | venusprof.png[39m[0m
[  40% ] [90m[1mreimport[22m | profile_mastery_saitama.png[39m[0m
[  40% ] [90m[1mreimport[22m | saitama1.png[39m[0m
[  40% ] [90m[1mreimport[22m | saitama2.png[39m[0m
[  40% ] [90m[1mreimport[22m | saitama3.png[39m[0m
[  40% ] [90m[1mreimport[22m | saitama4.png[39m[0m
[  41% ] [90m[1mreimport[22m | saitama5.png[39m[0m
[  41% ] [90m[1mreimport[22m | saitama7.png[39m[0m
[  41% ] [90m[1mreimport[22m | saitamaprof.png[39m[0m
[  41% ] [90m[1mreimport[22m | saitama_mastery1.png[39m[0m
[  41% ] [90m[1mreimport[22m | saitama_mastery2.png[39m[0m
[  41% ] [90m[1mreimport[22m | saitama_mastery3.png[39m[0m
[  41% ] [90m[1mreimport[22m | saitama_mastery4.png[39m[0m
[  41% ] [90m[1mreimport[22m | renamon4.png[39m[0m
[  41% ] [90m[1mreimport[22m | renamon5.png[39m[0m
[  41% ] [90m[1mreimport[22m | renamonaltprof.png[39m[0m
[  41% ] [90m[1mreimport[22m | renamonprof.png[39m[0m
[  41% ] [90m[1mreimport[22m | retsuprof.png[39m[0m
[  41% ] [90m[1mreimport[22m | unohanaprof.png[39m[0m
[  41% ] [90m[1mreimport[22m | rexprof.png[39m[0m
[  41% ] [90m[1mreimport[22m | rezeprof.png[39m[0m
[  41% ] [90m[1mreimport[22m | rikaprof.png[39m[0m
[  41% ] [90m[1mreimport[22m | profile_mastery_rimuru.png[39m[0m
[  41% ] [90m[1mreimport[22m | rimuru1.png[39m[0m
[  41% ] [90m[1mreimport[22m | rimuru2.png[39m[0m
[  41% ] [90m[1mreimport[22m | rimuru3.png[39m[0m
[  41% ] [90m[1mreimport[22m | rimuru4.png[39m[0m
[  41% ] [90m[1mreimport[22m | rimuru5.png[39m[0m
[  41% ] [90m[1mreimport[22m | rimuru6.png[39m[0m
[  41% ] [90m[1mreimport[22m | rimuru7.png[39m[0m
[  41% ] [90m[1mreimport[22m | rimuru8.png[39m[0m
[  41% ] [90m[1mreimport[22m | rimuru9.png[39m[0m
[  41% ] [90m[1mreimport[22m | rimuruprof2.png[39m[0m
[  41% ] [90m[1mreimport[22m | rimuruprof3.png[39m[0m
[  41% ] [90m[1mreimport[22m | rimuruprof.png[39m[0m
[  41% ] [90m[1mreimport[22m | rinprof.png[39m[0m
[  41% ] [90m[1mreimport[22m | riyoprof.png[39m[0m
[  41% ] [90m[1mreimport[22m | rizeprof.png[39m[0m
[  41% ] [90m[1mreimport[22m | alt_prof_rob.png[39m[0m
[  41% ] [90m[1mreimport[22m | lucciprof.png[39m[0m
[  41% ] [90m[1mreimport[22m | hadesprof.png[39m[0m
[  42% ] [90m[1mreimport[22m | micprof.png[39m[0m
[  42% ] [90m[1mreimport[22m | priscillaprof.png[39m[0m
[  42% ] [90m[1mreimport[22m | puppetmonprof.png[39m[0m
[  42% ] [90m[1mreimport[22m | puripuriprof.png[39m[0m
[  42% ] [90m[1mreimport[22m | huangprof.png[39m[0m
[  42% ] [90m[1mreimport[22m | nehelleniaprof.png[39m[0m
[  42% ] [90m[1mreimport[22m | quetzalcoatlprof.png[39m[0m
[  42% ] [90m[1mreimport[22m | rabaprof.png[39m[0m
[  42% ] [90m[1mreimport[22m | racerprof.png[39m[0m
[  42% ] [90m[1mreimport[22m | raditzprof.png[39m[0m
[  42% ] [90m[1mreimport[22m | rakanprof.png[39m[0m
[  42% ] [90m[1mreimport[22m | ramprof.png[39m[0m
[  42% ] [90m[1mreimport[22m | rasielprof.png[39m[0m
[  42% ] [90m[1mreimport[22m | rayneprof.png[39m[0m
[  42% ] [90m[1mreimport[22m | razorprof.png[39m[0m
[  42% ] [90m[1mreimport[22m | redestroprof.png[39m[0m
[  42% ] [90m[1mreimport[22m | recoomeprof.png[39m[0m
[  42% ] [90m[1mreimport[22m | regulusprof.png[39m[0m
[  42% ] [90m[1mreimport[22m | reinerprof.png[39m[0m
[  42% ] [90m[1mreimport[22m | reinhardprof.png[39m[0m
[  42% ] [90m[1mreimport[22m | reisukeprof.png[39m[0m
[  42% ] [90m[1mreimport[22m | remprof.png[39m[0m
[  42% ] [90m[1mreimport[22m | alt_prof_renamon.png[39m[0m
[  42% ] [90m[1mreimport[22m | renamon1.png[39m[0m
[  42% ] [90m[1mreimport[22m | renamon2.png[39m[0m
[  42% ] [90m[1mreimport[22m | renamon3.png[39m[0m
[  42% ] [90m[1mreimport[22m | zoro_mastery5.png[39m[0m
[  42% ] [90m[1mreimport[22m | zoro_mastery6.png[39m[0m
[  42% ] [90m[1mreimport[22m | zoro_mastery7.png[39m[0m
[  42% ] [90m[1mreimport[22m | roseprof.png[39m[0m
[  42% ] [90m[1mreimport[22m | roshiprof.png[39m[0m
[  42% ] [90m[1mreimport[22m | roswaalprof.png[39m[0m
[  42% ] [90m[1mreimport[22m | rudoprof.png[39m[0m
[  42% ] [90m[1mreimport[22m | rufusprof.png[39m[0m
[  43% ] [90m[1mreimport[22m | ruiprof.png[39m[0m
[  43% ] [90m[1mreimport[22m | rukiaprof.png[39m[0m
[  43% ] [90m[1mreimport[22m | ruler1.png[39m[0m
[  43% ] [90m[1mreimport[22m | ruler2.png[39m[0m
[  43% ] [90m[1mreimport[22m | ruler3.png[39m[0m
[  43% ] [90m[1mreimport[22m | ruler4.png[39m[0m
[  43% ] [90m[1mreimport[22m | rulerprof.png[39m[0m
[  43% ] [90m[1mreimport[22m | ryohprof.png[39m[0m
[  43% ] [90m[1mreimport[22m | profile_mastery_ryohei.png[39m[0m
[  43% ] [90m[1mreimport[22m | ryohei1.png[39m[0m
[  43% ] [90m[1mreimport[22m | ryohei2.png[39m[0m
[  43% ] [90m[1mreimport[22m | ryohei3.png[39m[0m
[  43% ] [90m[1mreimport[22m | ryohei4.png[39m[0m
[  43% ] [90m[1mreimport[22m | ryoheiprof.png[39m[0m
[  43% ] [90m[1mreimport[22m | alt_prof_sukuna.png[39m[0m
[  43% ] [90m[1mreimport[22m | sukuna1.png[39m[0m
[  43% ] [90m[1mreimport[22m | sukuna2.png[39m[0m
[  43% ] [90m[1mreimport[22m | sukuna3.png[39m[0m
[  43% ] [90m[1mreimport[22m | sukuna4.png[39m[0m
[  43% ] [90m[1mreimport[22m | rob1.png[39m[0m
[  43% ] [90m[1mreimport[22m | rob2.png[39m[0m
[  43% ] [90m[1mreimport[22m | rob3.png[39m[0m
[  43% ] [90m[1mreimport[22m | rob4.png[39m[0m
[  43% ] [90m[1mreimport[22m | rob5.png[39m[0m
[  43% ] [90m[1mreimport[22m | rob6.png[39m[0m
[  43% ] [90m[1mreimport[22m | rob7.png[39m[0m
[  43% ] [90m[1mreimport[22m | rob8.png[39m[0m
[  43% ] [90m[1mreimport[22m | rob9.png[39m[0m
[  43% ] [90m[1mreimport[22m | rob_altprof.png[39m[0m
[  43% ] [90m[1mreimport[22m | robotprof.png[39m[0m
[  43% ] [90m[1mreimport[22m | leeprof.png[39m[0m
[  43% ] [90m[1mreimport[22m | rogueprof.png[39m[0m
[  43% ] [90m[1mreimport[22m | profile_mastery_zoro.png[39m[0m
[  43% ] [90m[1mreimport[22m | zoro1.png[39m[0m
[  43% ] [90m[1mreimport[22m | zoro2.png[39m[0m
[  44% ] [90m[1mreimport[22m | zoro3.png[39m[0m
[  44% ] [90m[1mreimport[22m | zoro4.png[39m[0m
[  44% ] [90m[1mreimport[22m | zoro5.png[39m[0m
[  44% ] [90m[1mreimport[22m | zoro6.png[39m[0m
[  44% ] [90m[1mreimport[22m | zoro7.png[39m[0m
[  44% ] [90m[1mreimport[22m | zoroprof.png[39m[0m
[  44% ] [90m[1mreimport[22m | zoroprof_2.png[39m[0m
[  44% ] [90m[1mreimport[22m | zoro_mastery1.png[39m[0m
[  44% ] [90m[1mreimport[22m | zoro_mastery2.png[39m[0m
[  44% ] [90m[1mreimport[22m | zoro_mastery3.png[39m[0m
[  44% ] [90m[1mreimport[22m | zoro_mastery4.png[39m[0m
[  44% ] [90m[1mreimport[22m | squirtle6.png[39m[0m
[  44% ] [90m[1mreimport[22m | squirtle7.png[39m[0m
[  44% ] [90m[1mreimport[22m | squirtleprof.png[39m[0m
[  44% ] [90m[1mreimport[22m | stainprof.png[39m[0m
[  44% ] [90m[1mreimport[22m | stark1.png[39m[0m
[  44% ] [90m[1mreimport[22m | stark2.png[39m[0m
[  44% ] [90m[1mreimport[22m | stark3.png[39m[0m
[  44% ] [90m[1mreimport[22m | stark4.png[39m[0m
[  44% ] [90m[1mreimport[22m | stark5.png[39m[0m
[  44% ] [90m[1mreimport[22m | stark6.png[39m[0m
[  44% ] [90m[1mreimport[22m | stark7.png[39m[0m
[  44% ] [90m[1mreimport[22m | starkprof.png[39m[0m
[  44% ] [90m[1mreimport[22m | stingprof.png[39m[0m
[  44% ] [90m[1mreimport[22m | subaruprof.png[39m[0m
[  44% ] [90m[1mreimport[22m | suguruprof.png[39m[0m
[  44% ] [90m[1mreimport[22m | blue_section_background.png[39m[0m
[  44% ] [90m[1mreimport[22m | blue_section_image.png[39m[0m
[  44% ] [90m[1mreimport[22m | green_section_background.png[39m[0m
[  44% ] [90m[1mreimport[22m | green_section_image.png[39m[0m
[  44% ] [90m[1mreimport[22m | jinwoo1.png[39m[0m
[  44% ] [90m[1mreimport[22m | jinwoo2.png[39m[0m
[  44% ] [90m[1mreimport[22m | jinwoo3.png[39m[0m
[  44% ] [90m[1mreimport[22m | jinwoo4.png[39m[0m
[  44% ] [90m[1mreimport[22m | jinwoo5.png[39m[0m
[  45% ] [90m[1mreimport[22m | jinwoo6.png[39m[0m
[  45% ] [90m[1mreimport[22m | jinwoo7.png[39m[0m
[  45% ] [90m[1mreimport[22m | jinwoo8.png[39m[0m
[  45% ] [90m[1mreimport[22m | snowwhite4.png[39m[0m
[  45% ] [90m[1mreimport[22m | snowwhiteprof.png[39m[0m
[  45% ] [90m[1mreimport[22m | alt_prof_gunha.png[39m[0m
[  45% ] [90m[1mreimport[22m | gunha1.png[39m[0m
[  45% ] [90m[1mreimport[22m | gunha2.png[39m[0m
[  45% ] [90m[1mreimport[22m | gunha3.png[39m[0m
[  45% ] [90m[1mreimport[22m | gunha4.png[39m[0m
[  45% ] [90m[1mreimport[22m | gunha5.png[39m[0m
[  45% ] [90m[1mreimport[22m | gunhaprof.png[39m[0m
[  45% ] [90m[1mreimport[22m | sogiitaprof.png[39m[0m
[  45% ] [90m[1mreimport[22m | soifonprof.png[39m[0m
[  45% ] [90m[1mreimport[22m | okitaprof.png[39m[0m
[  45% ] [90m[1mreimport[22m | solomonprof.png[39m[0m
[  45% ] [90m[1mreimport[22m | profile_mastery_soul.png[39m[0m
[  45% ] [90m[1mreimport[22m | soul1.png[39m[0m
[  45% ] [90m[1mreimport[22m | soul2.png[39m[0m
[  45% ] [90m[1mreimport[22m | soul3.png[39m[0m
[  45% ] [90m[1mreimport[22m | soul4.PNG[39m[0m
[  45% ] [90m[1mreimport[22m | soul.png[39m[0m
[  45% ] [90m[1mreimport[22m | soulpassive.png[39m[0m
[  45% ] [90m[1mreimport[22m | soulprof.png[39m[0m
[  45% ] [90m[1mreimport[22m | spinnerprof.png[39m[0m
[  45% ] [90m[1mreimport[22m | squirtle1.png[39m[0m
[  45% ] [90m[1mreimport[22m | squirtle2.png[39m[0m
[  45% ] [90m[1mreimport[22m | squirtle3.png[39m[0m
[  45% ] [90m[1mreimport[22m | squirtle4.png[39m[0m
[  45% ] [90m[1mreimport[22m | squirtle5.png[39m[0m
[  45% ] [90m[1mreimport[22m | tamaki2.png[39m[0m
[  45% ] [90m[1mreimport[22m | tamaki3.png[39m[0m
[  45% ] [90m[1mreimport[22m | tamaki4.png[39m[0m
[  45% ] [90m[1mreimport[22m | tamaki5.png[39m[0m
[  45% ] [90m[1mreimport[22m | tamaki.png[39m[0m
[  46% ] [90m[1mreimport[22m | tamakiprof.png[39m[0m
[  46% ] [90m[1mreimport[22m | raidenprof.png[39m[0m
[  46% ] [90m[1mreimport[22m | tamsyprof.png[39m[0m
[  46% ] [90m[1mreimport[22m | taoprof.png[39m[0m
[  46% ] [90m[1mreimport[22m | tarmielprof.png[39m[0m
[  46% ] [90m[1mreimport[22m | profile_mastery_tatsumaki.png[39m[0m
[  46% ] [90m[1mreimport[22m | tatsumaki1.png[39m[0m
[  46% ] [90m[1mreimport[22m | tatsumaki2.png[39m[0m
[  46% ] [90m[1mreimport[22m | tatsumaki3.png[39m[0m
[  46% ] [90m[1mreimport[22m | tatsumaki4.png[39m[0m
[  46% ] [90m[1mreimport[22m | tatsumaki5.png[39m[0m
[  46% ] [90m[1mreimport[22m | tatsumaki6.png[39m[0m
[  46% ] [90m[1mreimport[22m | tatsumakiprof.png[39m[0m
[  46% ] [90m[1mreimport[22m | tatsumaki_mastery1.png[39m[0m
[  46% ] [90m[1mreimport[22m | tatsumaki_mastery2.png[39m[0m
[  46% ] [90m[1mreimport[22m | tatsumaki_mastery3.png[39m[0m
[  46% ] [90m[1mreimport[22m | tatsumaki_mastery4.png[39m[0m
[  46% ] [90m[1mreimport[22m | tatsumaki_mastery5.png[39m[0m
[  46% ] [90m[1mreimport[22m | tatsumaki_mastery6.png[39m[0m
[  46% ] [90m[1mreimport[22m | profile_mastery_tatsumi.png[39m[0m
[  46% ] [90m[1mreimport[22m | tatsumi1.png[39m[0m
[  46% ] [90m[1mreimport[22m | tatsumi2.png[39m[0m
[  46% ] [90m[1mreimport[22m | jinwoo9.png[39m[0m
[  46% ] [90m[1mreimport[22m | jinwoo10.png[39m[0m
[  46% ] [90m[1mreimport[22m | jinwoo11.png[39m[0m
[  46% ] [90m[1mreimport[22m | jinwoo12.png[39m[0m
[  46% ] [90m[1mreimport[22m | jinwooprof.png[39m[0m
[  46% ] [90m[1mreimport[22m | red_section_background.png[39m[0m
[  46% ] [90m[1mreimport[22m | red_section_image.png[39m[0m
[  46% ] [90m[1mreimport[22m | white_section_background.png[39m[0m
[  46% ] [90m[1mreimport[22m | white_section_image.png[39m[0m
[  46% ] [90m[1mreimport[22m | alt_prof_squalo.png[39m[0m
[  46% ] [90m[1mreimport[22m | squalo1.png[39m[0m
[  46% ] [90m[1mreimport[22m | squalo2.png[39m[0m
[  46% ] [90m[1mreimport[22m | squalo3.png[39m[0m
[  47% ] [90m[1mreimport[22m | squalo4.png[39m[0m
[  47% ] [90m[1mreimport[22m | squaloprof.png[39m[0m
[  47% ] [90m[1mreimport[22m | supremekaiprof.png[39m[0m
[  47% ] [90m[1mreimport[22m | susanooprof.png[39m[0m
[  47% ] [90m[1mreimport[22m | susanoororprof.png[39m[0m
[  47% ] [90m[1mreimport[22m | susanoomonprof.png[39m[0m
[  47% ] [90m[1mreimport[22m | synshenronprof.png[39m[0m
[  47% ] [90m[1mreimport[22m | szayelprof.png[39m[0m
[  47% ] [90m[1mreimport[22m | takaoprof.png[39m[0m
[  47% ] [90m[1mreimport[22m | takehisaprof.png[39m[0m
[  47% ] [90m[1mreimport[22m | takizawaprof.png[39m[0m
[  47% ] [90m[1mreimport[22m | amajikiprof.png[39m[0m
[  47% ] [90m[1mreimport[22m | profile_mastery_tamaki.png[39m[0m
[  47% ] [90m[1mreimport[22m | tamaki1.png[39m[0m
[  47% ] [90m[1mreimport[22m | seiyaprof.png[39m[0m
[  47% ] [90m[1mreimport[22m | alt_prof_semiramis.png[39m[0m
[  47% ] [90m[1mreimport[22m | semiramis1.png[39m[0m
[  47% ] [90m[1mreimport[22m | semiramis2.png[39m[0m
[  47% ] [90m[1mreimport[22m | semiramis3.png[39m[0m
[  47% ] [90m[1mreimport[22m | semiramis4.png[39m[0m
[  47% ] [90m[1mreimport[22m | semiramis5.png[39m[0m
[  47% ] [90m[1mreimport[22m | semiramisprof.png[39m[0m
[  47% ] [90m[1mreimport[22m | semiuprof.png[39m[0m
[  47% ] [90m[1mreimport[22m | senjumaruprof.png[39m[0m
[  47% ] [90m[1mreimport[22m | shinobuprof.png[39m[0m
[  47% ] [90m[1mreimport[22m | seryuprof.png[39m[0m
[  47% ] [90m[1mreimport[22m | sesshomaruprof.png[39m[0m
[  47% ] [90m[1mreimport[22m | kaiba1.png[39m[0m
[  47% ] [90m[1mreimport[22m | kaiba2.png[39m[0m
[  47% ] [90m[1mreimport[22m | kaiba3.png[39m[0m
[  47% ] [90m[1mreimport[22m | kaiba4.png[39m[0m
[  47% ] [90m[1mreimport[22m | kaiba5.png[39m[0m
[  47% ] [90m[1mreimport[22m | kaiba6.png[39m[0m
[  47% ] [90m[1mreimport[22m | kaibaprof.png[39m[0m
[  47% ] [90m[1mreimport[22m | shaiapoufprof.png[39m[0m
[  48% ] [90m[1mreimport[22m | shalnarkprof.png[39m[0m
[  48% ] [90m[1mreimport[22m | shapesmithprof.png[39m[0m
[  48% ] [90m[1mreimport[22m | profile_mastery_sheele.png[39m[0m
[  48% ] [90m[1mreimport[22m | sheele1.png[39m[0m
[  48% ] [90m[1mreimport[22m | sheele2.png[39m[0m
[  48% ] [90m[1mreimport[22m | sheele3.png[39m[0m
[  48% ] [90m[1mreimport[22m | gojo3.png[39m[0m
[  48% ] [90m[1mreimport[22m | gojo4.png[39m[0m
[  48% ] [90m[1mreimport[22m | gojo5.png[39m[0m
[  48% ] [90m[1mreimport[22m | gojoprof.png[39m[0m
[  48% ] [90m[1mreimport[22m | profile_mastery_satsuki.png[39m[0m
[  48% ] [90m[1mreimport[22m | satsuki1.png[39m[0m
[  48% ] [90m[1mreimport[22m | satsuki2.png[39m[0m
[  48% ] [90m[1mreimport[22m | satsuki3.png[39m[0m
[  48% ] [90m[1mreimport[22m | satsuki4.png[39m[0m
[  48% ] [90m[1mreimport[22m | satsuki5.png[39m[0m
[  48% ] [90m[1mreimport[22m | satsuki.png[39m[0m
[  48% ] [90m[1mreimport[22m | profile_mastery_tsuna.png[39m[0m
[  48% ] [90m[1mreimport[22m | tsunayoshi1.png[39m[0m
[  48% ] [90m[1mreimport[22m | tsunayoshi2.png[39m[0m
[  48% ] [90m[1mreimport[22m | tsunayoshi3.png[39m[0m
[  48% ] [90m[1mreimport[22m | tsunayoshi4.png[39m[0m
[  48% ] [90m[1mreimport[22m | tsunayoshiprof.png[39m[0m
[  48% ] [90m[1mreimport[22m | profile_mastery_sayaka.png[39m[0m
[  48% ] [90m[1mreimport[22m | sayaka1.png[39m[0m
[  48% ] [90m[1mreimport[22m | sayaka2.png[39m[0m
[  48% ] [90m[1mreimport[22m | sayaka3.png[39m[0m
[  48% ] [90m[1mreimport[22m | sayaka4.png[39m[0m
[  48% ] [90m[1mreimport[22m | sayaka5.png[39m[0m
[  48% ] [90m[1mreimport[22m | sayaka6.png[39m[0m
[  48% ] [90m[1mreimport[22m | sayaka7.png[39m[0m
[  48% ] [90m[1mreimport[22m | sayakaprof.png[39m[0m
[  48% ] [90m[1mreimport[22m | seilahprof.png[39m[0m
[  48% ] [90m[1mreimport[22m | alt_prof_shokuho.png[39m[0m
[  48% ] [90m[1mreimport[22m | shokuhou1.png[39m[0m
[  49% ] [90m[1mreimport[22m | shokuhou2.png[39m[0m
[  49% ] [90m[1mreimport[22m | shokuhou3.png[39m[0m
[  49% ] [90m[1mreimport[22m | shokuhou4.png[39m[0m
[  49% ] [90m[1mreimport[22m | shokuhouprof.png[39m[0m
[  49% ] [90m[1mreimport[22m | shootprof.png[39m[0m
[  49% ] [90m[1mreimport[22m | todoroki1.png[39m[0m
[  49% ] [90m[1mreimport[22m | todoroki2.png[39m[0m
[  49% ] [90m[1mreimport[22m | todoroki3.png[39m[0m
[  49% ] [90m[1mreimport[22m | todoroki4.png[39m[0m
[  49% ] [90m[1mreimport[22m | todoroki5.png[39m[0m
[  49% ] [90m[1mreimport[22m | todorokiprof.png[39m[0m
[  49% ] [90m[1mreimport[22m | shouprof.png[39m[0m
[  49% ] [90m[1mreimport[22m | shunprof.png[39m[0m
[  49% ] [90m[1mreimport[22m | kyourakuprof.png[39m[0m
[  49% ] [90m[1mreimport[22m | shuuprof.png[39m[0m
[  49% ] [90m[1mreimport[22m | siegprof.png[39m[0m
[  49% ] [90m[1mreimport[22m | silverfang.png[39m[0m
[  49% ] [90m[1mreimport[22m | silverprof.png[39m[0m
[  49% ] [90m[1mreimport[22m | hayhaprof.png[39m[0m
[  49% ] [90m[1mreimport[22m | siriusprof.png[39m[0m
[  49% ] [90m[1mreimport[22m | skullgreymonprof.png[39m[0m
[  49% ] [90m[1mreimport[22m | smokerprof.png[39m[0m
[  49% ] [90m[1mreimport[22m | snowwhite1.png[39m[0m
[  49% ] [90m[1mreimport[22m | snowwhite2.png[39m[0m
[  49% ] [90m[1mreimport[22m | snowwhite3.png[39m[0m
[  49% ] [90m[1mreimport[22m | sheele4.png[39m[0m
[  49% ] [90m[1mreimport[22m | sheeleprof.png[39m[0m
[  49% ] [90m[1mreimport[22m | sherriaprof.png[39m[0m
[  49% ] [90m[1mreimport[22m | kaienprof.png[39m[0m
[  49% ] [90m[1mreimport[22m | shikamaruprof.png[39m[0m
[  49% ] [90m[1mreimport[22m | shikiprof.png[39m[0m
[  49% ] [90m[1mreimport[22m | shinjiprof.png[39m[0m
[  49% ] [90m[1mreimport[22m | shinoprof.png[39m[0m
[  49% ] [90m[1mreimport[22m | alt_prof_shinra.png[39m[0m
[  49% ] [90m[1mreimport[22m | shinra1.png[39m[0m
[  50% ] [90m[1mreimport[22m | shinra2.png[39m[0m
[  50% ] [90m[1mreimport[22m | shinra3.png[39m[0m
[  50% ] [90m[1mreimport[22m | shinra4.png[39m[0m
[  50% ] [90m[1mreimport[22m | shinra5.png[39m[0m
[  50% ] [90m[1mreimport[22m | shinra.png[39m[0m
[  50% ] [90m[1mreimport[22m | shirabeprof.png[39m[0m
[  50% ] [90m[1mreimport[22m | mastery_shiroprof.png[39m[0m
[  50% ] [90m[1mreimport[22m | shiro1.png[39m[0m
[  50% ] [90m[1mreimport[22m | shiro2.png[39m[0m
[  50% ] [90m[1mreimport[22m | shiro3.png[39m[0m
[  50% ] [90m[1mreimport[22m | shiro4.png[39m[0m
[  50% ] [90m[1mreimport[22m | shiro5.png[39m[0m
[  50% ] [90m[1mreimport[22m | shiro.png[39m[0m
[  50% ] [90m[1mreimport[22m | shiroprof.png[39m[0m
[  50% ] [90m[1mreimport[22m | shiryuuprof.png[39m[0m
[  50% ] [90m[1mreimport[22m | shivaprof.png[39m[0m
[  50% ] [90m[1mreimport[22m | shizukuprof.png[39m[0m
[  50% ] [90m[1mreimport[22m | gamepanel_mastery_rakko.png[39m[0m
[  50% ] [90m[1mreimport[22m | gamepanel_mastery_renamon.png[39m[0m
[  50% ] [90m[1mreimport[22m | gamepanel_mastery_rengoku.png[39m[0m
[  50% ] [90m[1mreimport[22m | gamepanel_mastery_rimuru.png[39m[0m
[  50% ] [90m[1mreimport[22m | gamepanel_mastery_rob.png[39m[0m
[  50% ] [90m[1mreimport[22m | gamepanel_mastery_ryohei.png[39m[0m
[  50% ] [90m[1mreimport[22m | gamepanel_mastery_ryuko.png[39m[0m
[  50% ] [90m[1mreimport[22m | gamepanel_mastery_saber.png[39m[0m
[  50% ] [90m[1mreimport[22m | gamepanel_mastery_saitama.png[39m[0m
[  50% ] [90m[1mreimport[22m | gamepanel_mastery_sakura.png[39m[0m
[  50% ] [90m[1mreimport[22m | gamepanel_mastery_sasuke.png[39m[0m
[  50% ] [90m[1mreimport[22m | gamepanel_mastery_satsuki.png[39m[0m
[  50% ] [90m[1mreimport[22m | gamepanel_mastery_saturn.png[39m[0m
[  50% ] [90m[1mreimport[22m | gamepanel_mastery_sayaka.png[39m[0m
[  50% ] [90m[1mreimport[22m | gamepanel_mastery_semiramis.png[39m[0m
[  50% ] [90m[1mreimport[22m | gamepanel_mastery_seventeen.png[39m[0m
[  50% ] [90m[1mreimport[22m | gamepanel_mastery_sheele.png[39m[0m
[  50% ] [90m[1mreimport[22m | gamepanel_mastery_shinoa.png[39m[0m
[  51% ] [90m[1mreimport[22m | gamepanel_mastery_shinra.png[39m[0m
[  51% ] [90m[1mreimport[22m | gamepanel_mastery_shiro.png[39m[0m
[  51% ] [90m[1mreimport[22m | gamepanel_mastery_shokuhou.png[39m[0m
[  51% ] [90m[1mreimport[22m | gamepanel_mastery_soul.png[39m[0m
[  51% ] [90m[1mreimport[22m | gamepanel_mastery_squalo.png[39m[0m
[  51% ] [90m[1mreimport[22m | gamepanel_mastery_sukuna.png[39m[0m
[  51% ] [90m[1mreimport[22m | gamepanel_mastery_tamaki.png[39m[0m
[  51% ] [90m[1mreimport[22m | gamepanel_mastery_tanjiro.png[39m[0m
[  51% ] [90m[1mreimport[22m | gamepanel_mastery_tatsumaki.png[39m[0m
[  51% ] [90m[1mreimport[22m | gamepanel_mastery_mash.png[39m[0m
[  51% ] [90m[1mreimport[22m | gamepanel_mastery_mavis.png[39m[0m
[  51% ] [90m[1mreimport[22m | gamepanel_mastery_megumi.png[39m[0m
[  51% ] [90m[1mreimport[22m | gamepanel_mastery_megumin.png[39m[0m
[  51% ] [90m[1mreimport[22m | gamepanel_mastery_meliodas.png[39m[0m
[  51% ] [90m[1mreimport[22m | gamepanel_mastery_mercury.png[39m[0m
[  51% ] [90m[1mreimport[22m | gamepanel_mastery_midoriya.png[39m[0m
[  51% ] [90m[1mreimport[22m | gamepanel_mastery_mikasa.png[39m[0m
[  51% ] [90m[1mreimport[22m | gamepanel_mastery_mine.png[39m[0m
[  51% ] [90m[1mreimport[22m | gamepanel_mastery_minene.png[39m[0m
[  51% ] [90m[1mreimport[22m | gamepanel_mastery_misaka.png[39m[0m
[  51% ] [90m[1mreimport[22m | gamepanel_mastery_muichiro.png[39m[0m
[  51% ] [90m[1mreimport[22m | gamepanel_mastery_myotismon.png[39m[0m
[  51% ] [90m[1mreimport[22m | gamepanel_mastery_nagisa.png[39m[0m
[  51% ] [90m[1mreimport[22m | gamepanel_mastery_naruto.png[39m[0m
[  51% ] [90m[1mreimport[22m | gamepanel_mastery_natsu.png[39m[0m
[  51% ] [90m[1mreimport[22m | gamepanel_mastery_neferpitou.png[39m[0m
[  51% ] [90m[1mreimport[22m | gamepanel_mastery_nel.png[39m[0m
[  51% ] [90m[1mreimport[22m | gamepanel_mastery_nezuko.png[39m[0m
[  51% ] [90m[1mreimport[22m | gamepanel_mastery_nimaiya.png[39m[0m
[  51% ] [90m[1mreimport[22m | gamepanel_mastery_nobara.png[39m[0m
[  51% ] [90m[1mreimport[22m | gamepanel_mastery_noelle.png[39m[0m
[  51% ] [90m[1mreimport[22m | gamepanel_mastery_nonon.png[39m[0m
[  51% ] [90m[1mreimport[22m | gamepanel_mastery_omniman.png[39m[0m
[  51% ] [90m[1mreimport[22m | gamepanel_mastery_omnimon.png[39m[0m
[  51% ] [90m[1mreimport[22m | gamepanel_mastery_orihime.png[39m[0m
[  52% ] [90m[1mreimport[22m | gamepanel_mastery_pegasus.png[39m[0m
[  52% ] [90m[1mreimport[22m | gamepanel_mastery_zoro.png[39m[0m
[  52% ] [90m[1mreimport[22m | GamePanel_meliodas.png[39m[0m
[  52% ] [90m[1mreimport[22m | GamePanel_midoriya.png[39m[0m
[  52% ] [90m[1mreimport[22m | GamePanel_mikasa.png[39m[0m
[  52% ] [90m[1mreimport[22m | GamePanel_misaka.png[39m[0m
[  52% ] [90m[1mreimport[22m | GamePanel_naruto.png[39m[0m
[  52% ] [90m[1mreimport[22m | GamePanel_natsu.png[39m[0m
[  52% ] [90m[1mreimport[22m | GamePanel_nezuko.png[39m[0m
[  52% ] [90m[1mreimport[22m | GamePanel_noelle.png[39m[0m
[  52% ] [90m[1mreimport[22m | GamePanel_nonon.png[39m[0m
[  52% ] [90m[1mreimport[22m | GamePanel_rimuru.png[39m[0m
[  52% ] [90m[1mreimport[22m | GamePanel_ruler.png[39m[0m
[  52% ] [90m[1mreimport[22m | GamePanel_ryohei.png[39m[0m
[  52% ] [90m[1mreimport[22m | GamePanel_ryuko.png[39m[0m
[  52% ] [90m[1mreimport[22m | GamePanel_saber.png[39m[0m
[  52% ] [90m[1mreimport[22m | GamePanel_saitama.png[39m[0m
[  52% ] [90m[1mreimport[22m | GamePanel_sakura.png[39m[0m
[  52% ] [90m[1mreimport[22m | GamePanel_sasuke.png[39m[0m
[  52% ] [90m[1mreimport[22m | GamePanel_satsuki.png[39m[0m
[  52% ] [90m[1mreimport[22m | GamePanel_sayaka.png[39m[0m
[  52% ] [90m[1mreimport[22m | GamePanel_sheele.png[39m[0m
[  52% ] [90m[1mreimport[22m | GamePanel_shinra.png[39m[0m
[  52% ] [90m[1mreimport[22m | GamePanel_shiro.png[39m[0m
[  52% ] [90m[1mreimport[22m | GamePanel_snowwhite.png[39m[0m
[  52% ] [90m[1mreimport[22m | GamePanel_soul.png[39m[0m
[  52% ] [90m[1mreimport[22m | GamePanel_tamaki.png[39m[0m
[  52% ] [90m[1mreimport[22m | GamePanel_tanjiro.png[39m[0m
[  52% ] [90m[1mreimport[22m | gamepanel_mastery_tatsumi.png[39m[0m
[  52% ] [90m[1mreimport[22m | gamepanel_mastery_todoroki.png[39m[0m
[  52% ] [90m[1mreimport[22m | gamepanel_mastery_toga.png[39m[0m
[  52% ] [90m[1mreimport[22m | gamepanel_mastery_toji.png[39m[0m
[  52% ] [90m[1mreimport[22m | gamepanel_mastery_tokoyami.png[39m[0m
[  52% ] [90m[1mreimport[22m | gamepanel_mastery_toph.png[39m[0m
[  52% ] [90m[1mreimport[22m | gamepanel_mastery_toudou.png[39m[0m
[  53% ] [90m[1mreimport[22m | gamepanel_mastery_touka.png[39m[0m
[  53% ] [90m[1mreimport[22m | gamepanel_mastery_tsubaki.png[39m[0m
[  53% ] [90m[1mreimport[22m | gamepanel_mastery_tsubasa.png[39m[0m
[  53% ] [90m[1mreimport[22m | gamepanel_mastery_tsunayoshi.png[39m[0m
[  53% ] [90m[1mreimport[22m | gamepanel_mastery_tsuyu.png[39m[0m
[  53% ] [90m[1mreimport[22m | gamepanel_mastery_uranus.png[39m[0m
[  53% ] [90m[1mreimport[22m | gamepanel_mastery_uraraka.png[39m[0m
[  53% ] [90m[1mreimport[22m | gamepanel_mastery_uryuu.png[39m[0m
[  53% ] [90m[1mreimport[22m | gamepanel_mastery_usopp.png[39m[0m
[  53% ] [90m[1mreimport[22m | gamepanel_mastery_uzui.png[39m[0m
[  53% ] [90m[1mreimport[22m | gamepanel_mastery_vegeta.png[39m[0m
[  53% ] [90m[1mreimport[22m | gamepanel_mastery_veldora.png[39m[0m
[  53% ] [90m[1mreimport[22m | gamepanel_mastery_venus.png[39m[0m
[  53% ] [90m[1mreimport[22m | gamepanel_mastery_xanxus.png[39m[0m
[  53% ] [90m[1mreimport[22m | gamepanel_mastery_yamamoto.png[39m[0m
[  53% ] [90m[1mreimport[22m | gamepanel_mastery_yoh.png[39m[0m
[  53% ] [90m[1mreimport[22m | gamepanel_mastery_yubel.png[39m[0m
[  53% ] [90m[1mreimport[22m | gamepanel_mastery_yugi.png[39m[0m
[  53% ] [90m[1mreimport[22m | gamepanel_mastery_yuji.png[39m[0m
[  53% ] [90m[1mreimport[22m | gamepanel_mastery_yuno.png[39m[0m
[  53% ] [90m[1mreimport[22m | gamepanel_mastery_zenitsu.png[39m[0m
[  53% ] [90m[1mreimport[22m | gamepanel_mastery_asta.png[39m[0m
[  53% ] [90m[1mreimport[22m | gamepanel_mastery_astolfo.png[39m[0m
[  53% ] [90m[1mreimport[22m | gamepanel_mastery_atomeve.png[39m[0m
[  53% ] [90m[1mreimport[22m | gamepanel_mastery_bakugo2.png[39m[0m
[  53% ] [90m[1mreimport[22m | gamepanel_mastery_bakugo.png[39m[0m
[  53% ] [90m[1mreimport[22m | gamepanel_mastery_ban.png[39m[0m
[  53% ] [90m[1mreimport[22m | gamepanel_mastery_blackstar.png[39m[0m
[  53% ] [90m[1mreimport[22m | gamepanel_mastery_blackwargreymon.png[39m[0m
[  53% ] [90m[1mreimport[22m | gamepanel_mastery_boruto.png[39m[0m
[  53% ] [90m[1mreimport[22m | gamepanel_mastery_broly.png[39m[0m
[  53% ] [90m[1mreimport[22m | gamepanel_mastery_byakuya.png[39m[0m
[  53% ] [90m[1mreimport[22m | gamepanel_mastery_cell.png[39m[0m
[  53% ] [90m[1mreimport[22m | gamepanel_mastery_chrome.png[39m[0m
[  53% ] [90m[1mreimport[22m | gamepanel_mastery_cooler.png[39m[0m
[  54% ] [90m[1mreimport[22m | gamepanel_mastery_crona.png[39m[0m
[  54% ] [90m[1mreimport[22m | gamepanel_mastery_death.png[39m[0m
[  54% ] [90m[1mreimport[22m | gamepanel_mastery_diane.png[39m[0m
[  54% ] [90m[1mreimport[22m | gamepanel_mastery_edward.png[39m[0m
[  54% ] [90m[1mreimport[22m | gamepanel_mastery_emiya.png[39m[0m
[  54% ] [90m[1mreimport[22m | gamepanel_mastery_emiyaarcher.png[39m[0m
[  54% ] [90m[1mreimport[22m | gamepanel_mastery_eren.png[39m[0m
[  54% ] [90m[1mreimport[22m | gamepanel_mastery_erza.png[39m[0m
[  54% ] [90m[1mreimport[22m | gamepanel_mastery_esdeath.png[39m[0m
[  54% ] [90m[1mreimport[22m | gamepanel_mastery_frankenstein.png[39m[0m
[  54% ] [90m[1mreimport[22m | gamepanel_mastery_frieren.png[39m[0m
[  54% ] [90m[1mreimport[22m | gamepanel_mastery_gallantmon.png[39m[0m
[  54% ] [90m[1mreimport[22m | gamepanel_mastery_ganta.png[39m[0m
[  54% ] [90m[1mreimport[22m | GamePanel_ganta.png[39m[0m
[  54% ] [90m[1mreimport[22m | GamePanel_genos.png[39m[0m
[  54% ] [90m[1mreimport[22m | GamePanel_gilgamesh.png[39m[0m
[  54% ] [90m[1mreimport[22m | GamePanel_gon.png[39m[0m
[  54% ] [90m[1mreimport[22m | GamePanel_gray.png[39m[0m
[  54% ] [90m[1mreimport[22m | GamePanel_ichigo.png[39m[0m
[  54% ] [90m[1mreimport[22m | GamePanel_jack.png[39m[0m
[  54% ] [90m[1mreimport[22m | GamePanel_ken.png[39m[0m
[  54% ] [90m[1mreimport[22m | GamePanel_killua.png[39m[0m
[  54% ] [90m[1mreimport[22m | GamePanel_king.png[39m[0m
[  54% ] [90m[1mreimport[22m | GamePanel_korra.png[39m[0m
[  54% ] [90m[1mreimport[22m | GamePanel_kurapika.png[39m[0m
[  54% ] [90m[1mreimport[22m | GamePanel_kuroko.png[39m[0m
[  54% ] [90m[1mreimport[22m | GamePanel_lapucelle.png[39m[0m
[  54% ] [90m[1mreimport[22m | GamePanel_lucy.png[39m[0m
[  54% ] [90m[1mreimport[22m | GamePanel_luffy.png[39m[0m
[  54% ] [90m[1mreimport[22m | GamePanel_madoka.png[39m[0m
[  54% ] [90m[1mreimport[22m | GamePanel_maka.png[39m[0m
[  54% ] [90m[1mreimport[22m | gamepanel_mastery_aang.png[39m[0m
[  54% ] [90m[1mreimport[22m | gamepanel_mastery_ace.png[39m[0m
[  54% ] [90m[1mreimport[22m | gamepanel_mastery_adam.png[39m[0m
[  54% ] [90m[1mreimport[22m | gamepanel_mastery_aiohto.png[39m[0m
[  55% ] [90m[1mreimport[22m | gamepanel_mastery_akame.png[39m[0m
[  55% ] [90m[1mreimport[22m | gamepanel_mastery_allmight.png[39m[0m
[  55% ] [90m[1mreimport[22m | gamepanel_mastery_alphamon.png[39m[0m
[  55% ] [90m[1mreimport[22m | gamepanel_mastery_alphonse.png[39m[0m
[  55% ] [90m[1mreimport[22m | gamepanel_mastery_arthur.png[39m[0m
[  55% ] [90m[1mreimport[22m | gamepanel_mastery_jeanne.png[39m[0m
[  55% ] [90m[1mreimport[22m | gamepanel_mastery_jesse.png[39m[0m
[  55% ] [90m[1mreimport[22m | gamepanel_mastery_jinwoo.png[39m[0m
[  55% ] [90m[1mreimport[22m | gamepanel_mastery_jupiter.png[39m[0m
[  55% ] [90m[1mreimport[22m | gamepanel_mastery_kaiba.png[39m[0m
[  55% ] [90m[1mreimport[22m | gamepanel_mastery_ken.png[39m[0m
[  55% ] [90m[1mreimport[22m | gamepanel_mastery_kid.png[39m[0m
[  55% ] [90m[1mreimport[22m | gamepanel_mastery_killua.png[39m[0m
[  55% ] [90m[1mreimport[22m | gamepanel_mastery_king.png[39m[0m
[  55% ] [90m[1mreimport[22m | gamepanel_mastery_kitara.png[39m[0m
[  55% ] [90m[1mreimport[22m | gamepanel_mastery_koro.png[39m[0m
[  55% ] [90m[1mreimport[22m | gamepanel_mastery_korra.png[39m[0m
[  55% ] [90m[1mreimport[22m | gamepanel_mastery_kurapika.png[39m[0m
[  55% ] [90m[1mreimport[22m | gamepanel_mastery_kuroko.png[39m[0m
[  55% ] [90m[1mreimport[22m | gamepanel_mastery_kurotsuchi.png[39m[0m
[  55% ] [90m[1mreimport[22m | gamepanel_mastery_ladydevimon.png[39m[0m
[  55% ] [90m[1mreimport[22m | gamepanel_mastery_levi.png[39m[0m
[  55% ] [90m[1mreimport[22m | gamepanel_mastery_lizandpatty.png[39m[0m
[  55% ] [90m[1mreimport[22m | gamepanel_mastery_lucy.png[39m[0m
[  55% ] [90m[1mreimport[22m | gamepanel_mastery_luffy.png[39m[0m
[  55% ] [90m[1mreimport[22m | gamepanel_mastery_lyserg.png[39m[0m
[  55% ] [90m[1mreimport[22m | gamepanel_mastery_machinedramon.png[39m[0m
[  55% ] [90m[1mreimport[22m | gamepanel_mastery_madoka.png[39m[0m
[  55% ] [90m[1mreimport[22m | gamepanel_mastery_maka.png[39m[0m
[  55% ] [90m[1mreimport[22m | gamepanel_mastery_mami.png[39m[0m
[  55% ] [90m[1mreimport[22m | gamepanel_mastery_marco.png[39m[0m
[  55% ] [90m[1mreimport[22m | gamepanel_mastery_mars.png[39m[0m
[  55% ] [90m[1mreimport[22m | gamepanel_mastery_gasai.png[39m[0m
[  55% ] [90m[1mreimport[22m | gamepanel_mastery_gatomon.png[39m[0m
[  55% ] [90m[1mreimport[22m | gamepanel_mastery_genos.png[39m[0m
[  56% ] [90m[1mreimport[22m | gamepanel_mastery_gilgamesh.png[39m[0m
[  56% ] [90m[1mreimport[22m | gamepanel_mastery_gogeta.png[39m[0m
[  56% ] [90m[1mreimport[22m | gamepanel_mastery_gohan.png[39m[0m
[  56% ] [90m[1mreimport[22m | gamepanel_mastery_gojo.png[39m[0m
[  56% ] [90m[1mreimport[22m | gamepanel_mastery_goku.png[39m[0m
[  56% ] [90m[1mreimport[22m | gamepanel_mastery_gon.png[39m[0m
[  56% ] [90m[1mreimport[22m | gamepanel_mastery_gray.png[39m[0m
[  56% ] [90m[1mreimport[22m | gamepanel_mastery_gunha.png[39m[0m
[  56% ] [90m[1mreimport[22m | gamepanel_mastery_halibel.png[39m[0m
[  56% ] [90m[1mreimport[22m | gamepanel_mastery_hashirama.png[39m[0m
[  56% ] [90m[1mreimport[22m | gamepanel_mastery_hawkmon.png[39m[0m
[  56% ] [90m[1mreimport[22m | gamepanel_mastery_hibari.png[39m[0m
[  56% ] [90m[1mreimport[22m | gamepanel_mastery_hinata.png[39m[0m
[  56% ] [90m[1mreimport[22m | gamepanel_mastery_hisoka.png[39m[0m
[  56% ] [90m[1mreimport[22m | gamepanel_mastery_horohoro.png[39m[0m
[  56% ] [90m[1mreimport[22m | gamepanel_mastery_ichibe.png[39m[0m
[  56% ] [90m[1mreimport[22m | gamepanel_mastery_ichigo.png[39m[0m
[  56% ] [90m[1mreimport[22m | gamepanel_mastery_impmon.png[39m[0m
[  56% ] [90m[1mreimport[22m | gamepanel_mastery_inosuke.png[39m[0m
[  56% ] [90m[1mreimport[22m | gamepanel_mastery_inuyasha.png[39m[0m
[  56% ] [90m[1mreimport[22m | gamepanel_mastery_invincible.png[39m[0m
[  56% ] [90m[1mreimport[22m | gamepanel_mastery_itachi.png[39m[0m
[  56% ] [90m[1mreimport[22m | gamepanel_mastery_jack.png[39m[0m
[  56% ] [90m[1mreimport[22m | gamepanel_mastery_jaden.png[39m[0m
[  56% ] [90m[1mreimport[22m | gamepanel_mastery_jayden.png[39m[0m
[  56% ] [90m[1mreimport[22m | mastery_panel_elite_orihime.png[39m[0m
[  56% ] [90m[1mreimport[22m | mastery_panel_elite_pegasus.png[39m[0m
[  56% ] [90m[1mreimport[22m | mastery_panel_elite_rakko.png[39m[0m
[  56% ] [90m[1mreimport[22m | mastery_panel_elite_renamon.png[39m[0m
[  56% ] [90m[1mreimport[22m | mastery_panel_elite_rengoku.png[39m[0m
[  56% ] [90m[1mreimport[22m | mastery_panel_elite_rimuru.png[39m[0m
[  56% ] [90m[1mreimport[22m | mastery_panel_elite_rob.png[39m[0m
[  56% ] [90m[1mreimport[22m | mastery_panel_elite_ryohei.png[39m[0m
[  56% ] [90m[1mreimport[22m | mastery_panel_elite_ryuko.png[39m[0m
[  56% ] [90m[1mreimport[22m | mastery_panel_elite_saber.png[39m[0m
[  57% ] [90m[1mreimport[22m | mastery_panel_elite_saitama.png[39m[0m
[  57% ] [90m[1mreimport[22m | mastery_panel_elite_sakura.png[39m[0m
[  57% ] [90m[1mreimport[22m | mastery_panel_elite_sasuke.png[39m[0m
[  57% ] [90m[1mreimport[22m | mastery_panel_elite_satsuki.png[39m[0m
[  57% ] [90m[1mreimport[22m | mastery_panel_elite_saturn.png[39m[0m
[  57% ] [90m[1mreimport[22m | mastery_panel_elite_sayaka.png[39m[0m
[  57% ] [90m[1mreimport[22m | mastery_panel_elite_semiramis.png[39m[0m
[  57% ] [90m[1mreimport[22m | mastery_panel_elite_seventeen.png[39m[0m
[  57% ] [90m[1mreimport[22m | mastery_panel_elite_sheele.png[39m[0m
[  57% ] [90m[1mreimport[22m | mastery_panel_elite_shinoa.png[39m[0m
[  57% ] [90m[1mreimport[22m | mastery_panel_elite_shinra.png[39m[0m
[  57% ] [90m[1mreimport[22m | mastery_panel_elite_shiro.png[39m[0m
[  57% ] [90m[1mreimport[22m | mastery_panel_elite_shokuhou.png[39m[0m
[  57% ] [90m[1mreimport[22m | mastery_panel_elite_soul.png[39m[0m
[  57% ] [90m[1mreimport[22m | mastery_panel_elite_squalo.png[39m[0m
[  57% ] [90m[1mreimport[22m | mastery_panel_elite_sukuna.png[39m[0m
[  57% ] [90m[1mreimport[22m | mastery_panel_elite_tamaki.png[39m[0m
[  57% ] [90m[1mreimport[22m | mastery_panel_elite_mami.png[39m[0m
[  57% ] [90m[1mreimport[22m | mastery_panel_elite_marco.png[39m[0m
[  57% ] [90m[1mreimport[22m | mastery_panel_elite_mars.png[39m[0m
[  57% ] [90m[1mreimport[22m | mastery_panel_elite_mash.png[39m[0m
[  57% ] [90m[1mreimport[22m | mastery_panel_elite_mavis.png[39m[0m
[  57% ] [90m[1mreimport[22m | mastery_panel_elite_megumi.png[39m[0m
[  57% ] [90m[1mreimport[22m | mastery_panel_elite_megumin.png[39m[0m
[  57% ] [90m[1mreimport[22m | mastery_panel_elite_meliodas.png[39m[0m
[  57% ] [90m[1mreimport[22m | mastery_panel_elite_mercury.png[39m[0m
[  57% ] [90m[1mreimport[22m | mastery_panel_elite_midoriya.png[39m[0m
[  57% ] [90m[1mreimport[22m | mastery_panel_elite_mikasa.png[39m[0m
[  57% ] [90m[1mreimport[22m | mastery_panel_elite_mine.png[39m[0m
[  57% ] [90m[1mreimport[22m | mastery_panel_elite_minene.png[39m[0m
[  57% ] [90m[1mreimport[22m | mastery_panel_elite_misaka.png[39m[0m
[  57% ] [90m[1mreimport[22m | mastery_panel_elite_muichiro.png[39m[0m
[  57% ] [90m[1mreimport[22m | mastery_panel_elite_myotismon.png[39m[0m
[  57% ] [90m[1mreimport[22m | mastery_panel_elite_nagisa.png[39m[0m
[  58% ] [90m[1mreimport[22m | mastery_panel_elite_naruto.png[39m[0m
[  58% ] [90m[1mreimport[22m | mastery_panel_elite_natsu.png[39m[0m
[  58% ] [90m[1mreimport[22m | mastery_panel_elite_neferpitou.png[39m[0m
[  58% ] [90m[1mreimport[22m | mastery_panel_elite_nel.png[39m[0m
[  58% ] [90m[1mreimport[22m | mastery_panel_elite_nezuko.png[39m[0m
[  58% ] [90m[1mreimport[22m | mastery_panel_elite_nimaiya.png[39m[0m
[  58% ] [90m[1mreimport[22m | mastery_panel_elite_nobara.png[39m[0m
[  58% ] [90m[1mreimport[22m | mastery_panel_elite_noelle.png[39m[0m
[  58% ] [90m[1mreimport[22m | mastery_panel_elite_nonon.png[39m[0m
[  58% ] [90m[1mreimport[22m | mastery_panel_elite_omnimon.png[39m[0m
[  58% ] [90m[1mreimport[22m | mastery_panel_elite_zenitsu.png[39m[0m
[  58% ] [90m[1mreimport[22m | mastery_panel_elite_zoro.png[39m[0m
[  58% ] [90m[1mreimport[22m | mastery_panel_erza.png[39m[0m
[  58% ] [90m[1mreimport[22m | mastery_panel_renamon.png[39m[0m
[  58% ] [90m[1mreimport[22m | mastery_panel_toph.png[39m[0m
[  58% ] [90m[1mreimport[22m | playercard_color_cyan.png[39m[0m
[  58% ] [90m[1mreimport[22m | playercard_color_darkblue.png[39m[0m
[  58% ] [90m[1mreimport[22m | playercard_color_darkpurple.png[39m[0m
[  58% ] [90m[1mreimport[22m | playercard_color_default.png[39m[0m
[  58% ] [90m[1mreimport[22m | playercard_color_green.png[39m[0m
[  58% ] [90m[1mreimport[22m | playercard_color_lightblue.png[39m[0m
[  58% ] [90m[1mreimport[22m | playercard_color_lightgreen.png[39m[0m
[  58% ] [90m[1mreimport[22m | playercard_color_lightpurple.png[39m[0m
[  58% ] [90m[1mreimport[22m | playercard_color_magenta.png[39m[0m
[  58% ] [90m[1mreimport[22m | playercard_color_orange.png[39m[0m
[  58% ] [90m[1mreimport[22m | playercard_color_pink.png[39m[0m
[  58% ] [90m[1mreimport[22m | playercard_color_red.png[39m[0m
[  58% ] [90m[1mreimport[22m | playercard_color_yellow.png[39m[0m
[  58% ] [90m[1mreimport[22m | playercard_mastery_aang.png[39m[0m
[  58% ] [90m[1mreimport[22m | playercard_mastery_ace.png[39m[0m
[  58% ] [90m[1mreimport[22m | playercard_mastery_akame.png[39m[0m
[  58% ] [90m[1mreimport[22m | playercard_mastery_allmight.png[39m[0m
[  58% ] [90m[1mreimport[22m | playercard_mastery_alphamon.png[39m[0m
[  58% ] [90m[1mreimport[22m | playercard_mastery_alphonse.png[39m[0m
[  58% ] [90m[1mreimport[22m | playercard_mastery_asta.png[39m[0m
[  59% ] [90m[1mreimport[22m | playercard_mastery_bakugo.png[39m[0m
[  59% ] [90m[1mreimport[22m | playercard_mastery_ban.png[39m[0m
[  59% ] [90m[1mreimport[22m | mastery_panel_elite_tanjiro.png[39m[0m
[  59% ] [90m[1mreimport[22m | mastery_panel_elite_tatsumaki.png[39m[0m
[  59% ] [90m[1mreimport[22m | mastery_panel_elite_tatsumi.png[39m[0m
[  59% ] [90m[1mreimport[22m | mastery_panel_elite_todoroki.png[39m[0m
[  59% ] [90m[1mreimport[22m | mastery_panel_elite_toga.png[39m[0m
[  59% ] [90m[1mreimport[22m | mastery_panel_elite_toji.png[39m[0m
[  59% ] [90m[1mreimport[22m | mastery_panel_elite_tokoyami.png[39m[0m
[  59% ] [90m[1mreimport[22m | mastery_panel_elite_toph.png[39m[0m
[  59% ] [90m[1mreimport[22m | mastery_panel_elite_toudou.png[39m[0m
[  59% ] [90m[1mreimport[22m | mastery_panel_elite_touka.png[39m[0m
[  59% ] [90m[1mreimport[22m | mastery_panel_elite_tsubaki.png[39m[0m
[  59% ] [90m[1mreimport[22m | mastery_panel_elite_tsubasa.png[39m[0m
[  59% ] [90m[1mreimport[22m | mastery_panel_elite_tsunayoshi.png[39m[0m
[  59% ] [90m[1mreimport[22m | mastery_panel_elite_tsuyu.png[39m[0m
[  59% ] [90m[1mreimport[22m | mastery_panel_elite_uranus.png[39m[0m
[  59% ] [90m[1mreimport[22m | mastery_panel_elite_uraraka.png[39m[0m
[  59% ] [90m[1mreimport[22m | mastery_panel_elite_usopp.png[39m[0m
[  59% ] [90m[1mreimport[22m | mastery_panel_elite_uzui.png[39m[0m
[  59% ] [90m[1mreimport[22m | mastery_panel_elite_vegeta.png[39m[0m
[  59% ] [90m[1mreimport[22m | mastery_panel_elite_veldora.png[39m[0m
[  59% ] [90m[1mreimport[22m | mastery_panel_elite_venus.png[39m[0m
[  59% ] [90m[1mreimport[22m | mastery_panel_elite_xanxus.png[39m[0m
[  59% ] [90m[1mreimport[22m | mastery_panel_elite_yamamoto.png[39m[0m
[  59% ] [90m[1mreimport[22m | mastery_panel_elite_yoh.png[39m[0m
[  59% ] [90m[1mreimport[22m | mastery_panel_elite_yubel.png[39m[0m
[  59% ] [90m[1mreimport[22m | mastery_panel_elite_yugi.png[39m[0m
[  59% ] [90m[1mreimport[22m | mastery_panel_elite_yuji.png[39m[0m
[  59% ] [90m[1mreimport[22m | mastery_panel_elite_yuno.png[39m[0m
[  59% ] [90m[1mreimport[22m | mastery_panel_elite_ace.png[39m[0m
[  59% ] [90m[1mreimport[22m | mastery_panel_elite_adam.png[39m[0m
[  59% ] [90m[1mreimport[22m | mastery_panel_elite_aiohto.png[39m[0m
[  59% ] [90m[1mreimport[22m | mastery_panel_elite_akame.png[39m[0m
[  59% ] [90m[1mreimport[22m | mastery_panel_elite_allmight.png[39m[0m
[  60% ] [90m[1mreimport[22m | mastery_panel_elite_alphamon.png[39m[0m
[  60% ] [90m[1mreimport[22m | mastery_panel_elite_alphonse.png[39m[0m
[  60% ] [90m[1mreimport[22m | mastery_panel_elite_arthur.png[39m[0m
[  60% ] [90m[1mreimport[22m | mastery_panel_elite_asta.png[39m[0m
[  60% ] [90m[1mreimport[22m | mastery_panel_elite_astolfo.png[39m[0m
[  60% ] [90m[1mreimport[22m | mastery_panel_elite_bakugo.png[39m[0m
[  60% ] [90m[1mreimport[22m | mastery_panel_elite_ban.png[39m[0m
[  60% ] [90m[1mreimport[22m | mastery_panel_elite_blackstar.png[39m[0m
[  60% ] [90m[1mreimport[22m | mastery_panel_elite_blackwargreymon.png[39m[0m
[  60% ] [90m[1mreimport[22m | mastery_panel_elite_boruto.png[39m[0m
[  60% ] [90m[1mreimport[22m | mastery_panel_elite_broly.png[39m[0m
[  60% ] [90m[1mreimport[22m | mastery_panel_elite_byakuya.png[39m[0m
[  60% ] [90m[1mreimport[22m | mastery_panel_elite_cell.png[39m[0m
[  60% ] [90m[1mreimport[22m | mastery_panel_elite_chrome.png[39m[0m
[  60% ] [90m[1mreimport[22m | mastery_panel_elite_cooler.png[39m[0m
[  60% ] [90m[1mreimport[22m | mastery_panel_elite_crona.png[39m[0m
[  60% ] [90m[1mreimport[22m | mastery_panel_elite_death.png[39m[0m
[  60% ] [90m[1mreimport[22m | mastery_panel_elite_diane.png[39m[0m
[  60% ] [90m[1mreimport[22m | mastery_panel_elite_edward.png[39m[0m
[  60% ] [90m[1mreimport[22m | mastery_panel_elite_emiya.png[39m[0m
[  60% ] [90m[1mreimport[22m | mastery_panel_elite_emiyaarcher.png[39m[0m
[  60% ] [90m[1mreimport[22m | mastery_panel_elite_eren.png[39m[0m
[  60% ] [90m[1mreimport[22m | GamePanel_tatsumaki.png[39m[0m
[  60% ] [90m[1mreimport[22m | GamePanel_tatsumi.png[39m[0m
[  60% ] [90m[1mreimport[22m | GamePanel_touka.png[39m[0m
[  60% ] [90m[1mreimport[22m | gamepanel_treasure_amethyst.png[39m[0m
[  60% ] [90m[1mreimport[22m | gamepanel_treasure_amethystonyx.png[39m[0m
[  60% ] [90m[1mreimport[22m | gamepanel_treasure_diamond.png[39m[0m
[  60% ] [90m[1mreimport[22m | gamepanel_treasure_diamondonyx.png[39m[0m
[  60% ] [90m[1mreimport[22m | gamepanel_treasure_emerald.png[39m[0m
[  60% ] [90m[1mreimport[22m | gamepanel_treasure_emeraldonyx.png[39m[0m
[  60% ] [90m[1mreimport[22m | gamepanel_treasure_gold.png[39m[0m
[  60% ] [90m[1mreimport[22m | gamepanel_treasure_platinum.png[39m[0m
[  60% ] [90m[1mreimport[22m | gamepanel_treasure_ruby.png[39m[0m
[  60% ] [90m[1mreimport[22m | gamepanel_treasure_rubyonyx.png[39m[0m
[  61% ] [90m[1mreimport[22m | gamepanel_treasure_sapphire.png[39m[0m
[  61% ] [90m[1mreimport[22m | gamepanel_treasure_sapphireonyx.png[39m[0m
[  61% ] [90m[1mreimport[22m | gamepanel_treasure_silver.png[39m[0m
[  61% ] [90m[1mreimport[22m | gamepanel_treasure_topaz.png[39m[0m
[  61% ] [90m[1mreimport[22m | gamepanel_treasure_topazonyx.png[39m[0m
[  61% ] [90m[1mreimport[22m | GamePanel_tsuna.png[39m[0m
[  61% ] [90m[1mreimport[22m | GamePanel_uraraka.png[39m[0m
[  61% ] [90m[1mreimport[22m | GamePanel_uryuu.png[39m[0m
[  61% ] [90m[1mreimport[22m | GamePanel_usopp.png[39m[0m
[  61% ] [90m[1mreimport[22m | GamePanel_yamamoto.png[39m[0m
[  61% ] [90m[1mreimport[22m | GamePanel_yuno.png[39m[0m
[  61% ] [90m[1mreimport[22m | GamePanel_zenitsu.png[39m[0m
[  61% ] [90m[1mreimport[22m | GamePanel_zoro.png[39m[0m
[  61% ] [90m[1mreimport[22m | mastery_panel_elite_aang.png[39m[0m
[  61% ] [90m[1mreimport[22m | mastery_panel_elite_itachi.png[39m[0m
[  61% ] [90m[1mreimport[22m | mastery_panel_elite_jack.png[39m[0m
[  61% ] [90m[1mreimport[22m | mastery_panel_elite_jaden.png[39m[0m
[  61% ] [90m[1mreimport[22m | mastery_panel_elite_jeanne.png[39m[0m
[  61% ] [90m[1mreimport[22m | mastery_panel_elite_jesse.png[39m[0m
[  61% ] [90m[1mreimport[22m | mastery_panel_elite_jinwoo.png[39m[0m
[  61% ] [90m[1mreimport[22m | mastery_panel_elite_jupiter.png[39m[0m
[  61% ] [90m[1mreimport[22m | mastery_panel_elite_kaiba.png[39m[0m
[  61% ] [90m[1mreimport[22m | mastery_panel_elite_ken.png[39m[0m
[  61% ] [90m[1mreimport[22m | mastery_panel_elite_kid.png[39m[0m
[  61% ] [90m[1mreimport[22m | mastery_panel_elite_killua.png[39m[0m
[  61% ] [90m[1mreimport[22m | mastery_panel_elite_king.png[39m[0m
[  61% ] [90m[1mreimport[22m | mastery_panel_elite_kitara.png[39m[0m
[  61% ] [90m[1mreimport[22m | mastery_panel_elite_koro.png[39m[0m
[  61% ] [90m[1mreimport[22m | mastery_panel_elite_korra.png[39m[0m
[  61% ] [90m[1mreimport[22m | mastery_panel_elite_kurapika.png[39m[0m
[  61% ] [90m[1mreimport[22m | mastery_panel_elite_kuroko.png[39m[0m
[  61% ] [90m[1mreimport[22m | mastery_panel_elite_kurotsuchi.png[39m[0m
[  61% ] [90m[1mreimport[22m | mastery_panel_elite_ladydevimon.png[39m[0m
[  61% ] [90m[1mreimport[22m | mastery_panel_elite_levi.png[39m[0m
[  61% ] [90m[1mreimport[22m | mastery_panel_elite_lizandpatty.png[39m[0m
[  62% ] [90m[1mreimport[22m | mastery_panel_elite_lucy.png[39m[0m
[  62% ] [90m[1mreimport[22m | mastery_panel_elite_luffy.png[39m[0m
[  62% ] [90m[1mreimport[22m | mastery_panel_elite_lyserg.png[39m[0m
[  62% ] [90m[1mreimport[22m | mastery_panel_elite_machinedramon.png[39m[0m
[  62% ] [90m[1mreimport[22m | mastery_panel_elite_madoka.png[39m[0m
[  62% ] [90m[1mreimport[22m | mastery_panel_elite_maka.png[39m[0m
[  62% ] [90m[1mreimport[22m | mastery_panel_elite_erza.png[39m[0m
[  62% ] [90m[1mreimport[22m | mastery_panel_elite_esdeath.png[39m[0m
[  62% ] [90m[1mreimport[22m | mastery_panel_elite_frankenstein.png[39m[0m
[  62% ] [90m[1mreimport[22m | mastery_panel_elite_gallantmon.png[39m[0m
[  62% ] [90m[1mreimport[22m | mastery_panel_elite_ganta.png[39m[0m
[  62% ] [90m[1mreimport[22m | mastery_panel_elite_gasai.png[39m[0m
[  62% ] [90m[1mreimport[22m | mastery_panel_elite_gatomon.png[39m[0m
[  62% ] [90m[1mreimport[22m | mastery_panel_elite_genos.png[39m[0m
[  62% ] [90m[1mreimport[22m | mastery_panel_elite_gilgamesh.png[39m[0m
[  62% ] [90m[1mreimport[22m | mastery_panel_elite_gogeta.png[39m[0m
[  62% ] [90m[1mreimport[22m | mastery_panel_elite_gohan.png[39m[0m
[  62% ] [90m[1mreimport[22m | mastery_panel_elite_gojo.png[39m[0m
[  62% ] [90m[1mreimport[22m | mastery_panel_elite_goku.png[39m[0m
[  62% ] [90m[1mreimport[22m | mastery_panel_elite_gon.png[39m[0m
[  62% ] [90m[1mreimport[22m | mastery_panel_elite_gray.png[39m[0m
[  62% ] [90m[1mreimport[22m | mastery_panel_elite_gunha.png[39m[0m
[  62% ] [90m[1mreimport[22m | mastery_panel_elite_halibel.png[39m[0m
[  62% ] [90m[1mreimport[22m | mastery_panel_elite_hashirama.png[39m[0m
[  62% ] [90m[1mreimport[22m | mastery_panel_elite_hawkmon.png[39m[0m
[  62% ] [90m[1mreimport[22m | mastery_panel_elite_hibari.png[39m[0m
[  62% ] [90m[1mreimport[22m | mastery_panel_elite_hinata.png[39m[0m
[  62% ] [90m[1mreimport[22m | mastery_panel_elite_hisoka.png[39m[0m
[  62% ] [90m[1mreimport[22m | mastery_panel_elite_horohoro.png[39m[0m
[  62% ] [90m[1mreimport[22m | mastery_panel_elite_ichibe.png[39m[0m
[  62% ] [90m[1mreimport[22m | mastery_panel_elite_ichigo.png[39m[0m
[  62% ] [90m[1mreimport[22m | mastery_panel_elite_impmon.png[39m[0m
[  62% ] [90m[1mreimport[22m | mastery_panel_elite_inosuke.png[39m[0m
[  62% ] [90m[1mreimport[22m | mastery_panel_elite_inuyasha.png[39m[0m
[  62% ] [90m[1mreimport[22m | ninja.png[39m[0m
[  63% ] [90m[1mreimport[22m | ninjaholo2.png[39m[0m
[  63% ] [90m[1mreimport[22m | ninjaholo3.png[39m[0m
[  63% ] [90m[1mreimport[22m | ninjaholo.png[39m[0m
[  63% ] [90m[1mreimport[22m | pirate.png[39m[0m
[  63% ] [90m[1mreimport[22m | rap_sheet_panel.png[39m[0m
[  63% ] [90m[1mreimport[22m | scythe.png[39m[0m
[  63% ] [90m[1mreimport[22m | selected_mission_panel.png[39m[0m
[  63% ] [90m[1mreimport[22m | servant.png[39m[0m
[  63% ] [90m[1mreimport[22m | shadow.png[39m[0m
[  63% ] [90m[1mreimport[22m | shinigami.png[39m[0m
[  63% ] [90m[1mreimport[22m | sins.png[39m[0m
[  63% ] [90m[1mreimport[22m | sound.png[39m[0m
[  63% ] [90m[1mreimport[22m | strawhat.png[39m[0m
[  63% ] [90m[1mreimport[22m | sword.png[39m[0m
[  63% ] [90m[1mreimport[22m | target_bounty_panel.png[39m[0m
[  63% ] [90m[1mreimport[22m | team 7.png[39m[0m
[  63% ] [90m[1mreimport[22m | tech.png[39m[0m
[  63% ] [90m[1mreimport[22m | undead.png[39m[0m
[  63% ] [90m[1mreimport[22m | versus.png[39m[0m
[  63% ] [90m[1mreimport[22m | villain.png[39m[0m
[  63% ] [90m[1mreimport[22m | vongola.png[39m[0m
[  63% ] [90m[1mreimport[22m | vs.png[39m[0m
[  63% ] [90m[1mreimport[22m | water.png[39m[0m
[  63% ] [90m[1mreimport[22m | with.png[39m[0m
[  63% ] [90m[1mreimport[22m | ashehat.png[39m[0m
[  63% ] [90m[1mreimport[22m | hat_event_christmas.png[39m[0m
[  63% ] [90m[1mreimport[22m | background_ingame_shiro.png[39m[0m
[  63% ] [90m[1mreimport[22m | against.png[39m[0m
[  63% ] [90m[1mreimport[22m | air.png[39m[0m
[  63% ] [90m[1mreimport[22m | assassin.png[39m[0m
[  63% ] [90m[1mreimport[22m | beast.png[39m[0m
[  63% ] [90m[1mreimport[22m | black bulls.png[39m[0m
[  63% ] [90m[1mreimport[22m | blood.png[39m[0m
[  63% ] [90m[1mreimport[22m | bounty_button_panel.png[39m[0m
[  63% ] [90m[1mreimport[22m | bounty_menu_panel.png[39m[0m
[  64% ] [90m[1mreimport[22m | bow.png[39m[0m
[  64% ] [90m[1mreimport[22m | brawler.png[39m[0m
[  64% ] [90m[1mreimport[22m | completed.png[39m[0m
[  64% ] [90m[1mreimport[22m | defender.png[39m[0m
[  64% ] [90m[1mreimport[22m | digimon.png[39m[0m
[  64% ] [90m[1mreimport[22m | earth.png[39m[0m
[  64% ] [90m[1mreimport[22m | esper.png[39m[0m
[  64% ] [90m[1mreimport[22m | eye.png[39m[0m
[  64% ] [90m[1mreimport[22m | fairy tail.png[39m[0m
[  64% ] [90m[1mreimport[22m | fire.png[39m[0m
[  64% ] [90m[1mreimport[22m | gun.png[39m[0m
[  64% ] [90m[1mreimport[22m | hero.png[39m[0m
[  64% ] [90m[1mreimport[22m | ice.png[39m[0m
[  64% ] [90m[1mreimport[22m | leader.png[39m[0m
[  64% ] [90m[1mreimport[22m | lightning.png[39m[0m
[  64% ] [90m[1mreimport[22m | mage.png[39m[0m
[  64% ] [90m[1mreimport[22m | magical girl.png[39m[0m
[  64% ] [90m[1mreimport[22m | night raid.png[39m[0m
[  64% ] [90m[1mreimport[22m | hat_mastery_gojo.png[39m[0m
[  64% ] [90m[1mreimport[22m | hat_mastery_goku.png[39m[0m
[  64% ] [90m[1mreimport[22m | hat_mastery_gon.png[39m[0m
[  64% ] [90m[1mreimport[22m | hat_mastery_gray.png[39m[0m
[  64% ] [90m[1mreimport[22m | hat_mastery_gunha.png[39m[0m
[  64% ] [90m[1mreimport[22m | hat_mastery_hashirama.png[39m[0m
[  64% ] [90m[1mreimport[22m | hat_mastery_hawkmon.png[39m[0m
[  64% ] [90m[1mreimport[22m | hat_mastery_hinata.png[39m[0m
[  64% ] [90m[1mreimport[22m | hat_mastery_hisoka.png[39m[0m
[  64% ] [90m[1mreimport[22m | hat_mastery_horohoro.png[39m[0m
[  64% ] [90m[1mreimport[22m | hat_mastery_ichibe.png[39m[0m
[  64% ] [90m[1mreimport[22m | hat_mastery_ichigo.png[39m[0m
[  64% ] [90m[1mreimport[22m | hat_mastery_inosuke.png[39m[0m
[  64% ] [90m[1mreimport[22m | hat_mastery_inuyasha.png[39m[0m
[  64% ] [90m[1mreimport[22m | hat_mastery_jack.png[39m[0m
[  64% ] [90m[1mreimport[22m | hat_mastery_jaden.png[39m[0m
[  64% ] [90m[1mreimport[22m | hat_mastery_jeanne.png[39m[0m
[  65% ] [90m[1mreimport[22m | hat_mastery_jesse.png[39m[0m
[  65% ] [90m[1mreimport[22m | hat_mastery_jupiter.png[39m[0m
[  65% ] [90m[1mreimport[22m | hat_mastery_kaiba.png[39m[0m
[  65% ] [90m[1mreimport[22m | hat_mastery_kakashi.png[39m[0m
[  65% ] [90m[1mreimport[22m | hat_mastery_kaneki.png[39m[0m
[  65% ] [90m[1mreimport[22m | hat_mastery_ken.png[39m[0m
[  65% ] [90m[1mreimport[22m | hat_mastery_kid.png[39m[0m
[  65% ] [90m[1mreimport[22m | hat_mastery_killua.png[39m[0m
[  65% ] [90m[1mreimport[22m | hat_mastery_king.png[39m[0m
[  65% ] [90m[1mreimport[22m | hat_mastery_koro.png[39m[0m
[  65% ] [90m[1mreimport[22m | hat_mastery_aang.png[39m[0m
[  65% ] [90m[1mreimport[22m | hat_mastery_ace.png[39m[0m
[  65% ] [90m[1mreimport[22m | hat_mastery_akame.png[39m[0m
[  65% ] [90m[1mreimport[22m | hat_mastery_alphamon.png[39m[0m
[  65% ] [90m[1mreimport[22m | hat_mastery_alphonse.png[39m[0m
[  65% ] [90m[1mreimport[22m | hat_mastery_asta.png[39m[0m
[  65% ] [90m[1mreimport[22m | hat_mastery_bakugo.png[39m[0m
[  65% ] [90m[1mreimport[22m | hat_mastery_ban.png[39m[0m
[  65% ] [90m[1mreimport[22m | hat_mastery_blackstar.png[39m[0m
[  65% ] [90m[1mreimport[22m | hat_mastery_boruto.png[39m[0m
[  65% ] [90m[1mreimport[22m | hat_mastery_byakuya.png[39m[0m
[  65% ] [90m[1mreimport[22m | hat_mastery_chrome.png[39m[0m
[  65% ] [90m[1mreimport[22m | hat_mastery_crona.png[39m[0m
[  65% ] [90m[1mreimport[22m | hat_mastery_diane.png[39m[0m
[  65% ] [90m[1mreimport[22m | hat_mastery_edward.png[39m[0m
[  65% ] [90m[1mreimport[22m | hat_mastery_emiya.png[39m[0m
[  65% ] [90m[1mreimport[22m | hat_mastery_emiyaarcher.png[39m[0m
[  65% ] [90m[1mreimport[22m | hat_mastery_eren.png[39m[0m
[  65% ] [90m[1mreimport[22m | hat_mastery_erza.png[39m[0m
[  65% ] [90m[1mreimport[22m | hat_mastery_esdeath.png[39m[0m
[  65% ] [90m[1mreimport[22m | hat_mastery_frankenstein.png[39m[0m
[  65% ] [90m[1mreimport[22m | hat_mastery_frieren.png[39m[0m
[  65% ] [90m[1mreimport[22m | hat_mastery_gallantmon.png[39m[0m
[  65% ] [90m[1mreimport[22m | hat_mastery_ganta.png[39m[0m
[  65% ] [90m[1mreimport[22m | hat_mastery_gatomon.png[39m[0m
[  66% ] [90m[1mreimport[22m | hat_mastery_genos.png[39m[0m
[  66% ] [90m[1mreimport[22m | hat_mastery_gilgamesh.png[39m[0m
[  66% ] [90m[1mreimport[22m | hat_mastery_gogeta.png[39m[0m
[  66% ] [90m[1mreimport[22m | 22.png[39m[0m
[  66% ] [90m[1mreimport[22m | 23.png[39m[0m
[  66% ] [90m[1mreimport[22m | 24.png[39m[0m
[  66% ] [90m[1mreimport[22m | 25.png[39m[0m
[  66% ] [90m[1mreimport[22m | 26.png[39m[0m
[  66% ] [90m[1mreimport[22m | 27.png[39m[0m
[  66% ] [90m[1mreimport[22m | 28.png[39m[0m
[  66% ] [90m[1mreimport[22m | 29.png[39m[0m
[  66% ] [90m[1mreimport[22m | 30.png[39m[0m
[  66% ] [90m[1mreimport[22m | 31.png[39m[0m
[  66% ] [90m[1mreimport[22m | 32.png[39m[0m
[  66% ] [90m[1mreimport[22m | 33.png[39m[0m
[  66% ] [90m[1mreimport[22m | 34.png[39m[0m
[  66% ] [90m[1mreimport[22m | 35.png[39m[0m
[  66% ] [90m[1mreimport[22m | 36.png[39m[0m
[  66% ] [90m[1mreimport[22m | 37.png[39m[0m
[  66% ] [90m[1mreimport[22m | 38.png[39m[0m
[  66% ] [90m[1mreimport[22m | 39.png[39m[0m
[  66% ] [90m[1mreimport[22m | 40.png[39m[0m
[  66% ] [90m[1mreimport[22m | 41.png[39m[0m
[  66% ] [90m[1mreimport[22m | 42.png[39m[0m
[  66% ] [90m[1mreimport[22m | 43.png[39m[0m
[  66% ] [90m[1mreimport[22m | 44.png[39m[0m
[  66% ] [90m[1mreimport[22m | 45.png[39m[0m
[  66% ] [90m[1mreimport[22m | 46.png[39m[0m
[  66% ] [90m[1mreimport[22m | 47.png[39m[0m
[  66% ] [90m[1mreimport[22m | 48.png[39m[0m
[  66% ] [90m[1mreimport[22m | law1.png[39m[0m
[  66% ] [90m[1mreimport[22m | law2.png[39m[0m
[  66% ] [90m[1mreimport[22m | law3.png[39m[0m
[  66% ] [90m[1mreimport[22m | law4.png[39m[0m
[  66% ] [90m[1mreimport[22m | law5.png[39m[0m
[  67% ] [90m[1mreimport[22m | lawprof.png[39m[0m
[  67% ] [90m[1mreimport[22m | 1.png[39m[0m
[  67% ] [90m[1mreimport[22m | 2.png[39m[0m
[  67% ] [90m[1mreimport[22m | 3.png[39m[0m
[  67% ] [90m[1mreimport[22m | 4.png[39m[0m
[  67% ] [90m[1mreimport[22m | 5.png[39m[0m
[  67% ] [90m[1mreimport[22m | 6.png[39m[0m
[  67% ] [90m[1mreimport[22m | 7.png[39m[0m
[  67% ] [90m[1mreimport[22m | 8.png[39m[0m
[  67% ] [90m[1mreimport[22m | 9.png[39m[0m
[  67% ] [90m[1mreimport[22m | 10.png[39m[0m
[  67% ] [90m[1mreimport[22m | 11.png[39m[0m
[  67% ] [90m[1mreimport[22m | 12.png[39m[0m
[  67% ] [90m[1mreimport[22m | 13.png[39m[0m
[  67% ] [90m[1mreimport[22m | 14.png[39m[0m
[  67% ] [90m[1mreimport[22m | 15.png[39m[0m
[  67% ] [90m[1mreimport[22m | 16.png[39m[0m
[  67% ] [90m[1mreimport[22m | 17.png[39m[0m
[  67% ] [90m[1mreimport[22m | 18.png[39m[0m
[  67% ] [90m[1mreimport[22m | 19.png[39m[0m
[  67% ] [90m[1mreimport[22m | 20.png[39m[0m
[  67% ] [90m[1mreimport[22m | 21.png[39m[0m
[  67% ] [90m[1mreimport[22m | copyninja.png[39m[0m
[  67% ] [90m[1mreimport[22m | digiemperor.png[39m[0m
[  67% ] [90m[1mreimport[22m | hikari.png[39m[0m
[  67% ] [90m[1mreimport[22m | kazari.png[39m[0m
[  67% ] [90m[1mreimport[22m | misakaprof.png[39m[0m
[  67% ] [90m[1mreimport[22m | mugiwara.png[39m[0m
[  67% ] [90m[1mreimport[22m | nuhuhuh.png[39m[0m
[  67% ] [90m[1mreimport[22m | ripper.png[39m[0m
[  67% ] [90m[1mreimport[22m | shannaro.png[39m[0m
[  67% ] [90m[1mreimport[22m | shinigamisama.png[39m[0m
[  67% ] [90m[1mreimport[22m | sleepysensei.png[39m[0m
[  67% ] [90m[1mreimport[22m | tatsumaki3.png[39m[0m
[  67% ] [90m[1mreimport[22m | toko_toda.png[39m[0m
[  68% ] [90m[1mreimport[22m | background_charselect_default.png[39m[0m
[  68% ] [90m[1mreimport[22m | background_charselect_default_light.png[39m[0m
[  68% ] [90m[1mreimport[22m | background_charselect_light.png[39m[0m
[  68% ] [90m[1mreimport[22m | background_ingame_ace.png[39m[0m
[  68% ] [90m[1mreimport[22m | background_ingame_akame.png[39m[0m
[  68% ] [90m[1mreimport[22m | background_ingame_default.png[39m[0m
[  68% ] [90m[1mreimport[22m | background_ingame_gatomon.png[39m[0m
[  68% ] [90m[1mreimport[22m | background_ingame_jack.png[39m[0m
[  68% ] [90m[1mreimport[22m | background_ingame_luffy.png[39m[0m
[  68% ] [90m[1mreimport[22m | background_ingame_mavis.png[39m[0m
[  68% ] [90m[1mreimport[22m | background_ingame_misaka.png[39m[0m
[  68% ] [90m[1mreimport[22m | background_ingame_nezuko.png[39m[0m
[  68% ] [90m[1mreimport[22m | background_ingame_saber.png[39m[0m
[  68% ] [90m[1mreimport[22m | background_ingame_sayaka.png[39m[0m
[  68% ] [90m[1mreimport[22m | 49.png[39m[0m
[  68% ] [90m[1mreimport[22m | 50.png[39m[0m
[  68% ] [90m[1mreimport[22m | 51.png[39m[0m
[  68% ] [90m[1mreimport[22m | 52.png[39m[0m
[  68% ] [90m[1mreimport[22m | 53.png[39m[0m
[  68% ] [90m[1mreimport[22m | 54.png[39m[0m
[  68% ] [90m[1mreimport[22m | 55.png[39m[0m
[  68% ] [90m[1mreimport[22m | 56.png[39m[0m
[  68% ] [90m[1mreimport[22m | 57.png[39m[0m
[  68% ] [90m[1mreimport[22m | 58.png[39m[0m
[  68% ] [90m[1mreimport[22m | 59.png[39m[0m
[  68% ] [90m[1mreimport[22m | 60.png[39m[0m
[  68% ] [90m[1mreimport[22m | 61.png[39m[0m
[  68% ] [90m[1mreimport[22m | 62.png[39m[0m
[  68% ] [90m[1mreimport[22m | 63.png[39m[0m
[  68% ] [90m[1mreimport[22m | 64.png[39m[0m
[  68% ] [90m[1mreimport[22m | 65.png[39m[0m
[  68% ] [90m[1mreimport[22m | 66.png[39m[0m
[  68% ] [90m[1mreimport[22m | 67.png[39m[0m
[  68% ] [90m[1mreimport[22m | 68.png[39m[0m
[  68% ] [90m[1mreimport[22m | 69.png[39m[0m
[  69% ] [90m[1mreimport[22m | 70.png[39m[0m
[  69% ] [90m[1mreimport[22m | 71.png[39m[0m
[  69% ] [90m[1mreimport[22m | 72.png[39m[0m
[  69% ] [90m[1mreimport[22m | angywendy.png[39m[0m
[  69% ] [90m[1mreimport[22m | avenger.png[39m[0m
[  69% ] [90m[1mreimport[22m | bandcamp.png[39m[0m
[  69% ] [90m[1mreimport[22m | bornkiller.png[39m[0m
[  69% ] [90m[1mreimport[22m | CharacterPortrait_sayaka.png[39m[0m
[  69% ] [90m[1mreimport[22m | CharacterPortrait_sheele.png[39m[0m
[  69% ] [90m[1mreimport[22m | CharacterPortrait_shinra.png[39m[0m
[  69% ] [90m[1mreimport[22m | CharacterPortrait_shiro.png[39m[0m
[  69% ] [90m[1mreimport[22m | CharacterPortrait_snowwhite.png[39m[0m
[  69% ] [90m[1mreimport[22m | CharacterPortrait_soul.png[39m[0m
[  69% ] [90m[1mreimport[22m | CharacterPortrait_tamaki.png[39m[0m
[  69% ] [90m[1mreimport[22m | CharacterPortrait_tanjiro.png[39m[0m
[  69% ] [90m[1mreimport[22m | CharacterPortrait_tatsumaki.png[39m[0m
[  69% ] [90m[1mreimport[22m | CharacterPortrait_tatsumi.png[39m[0m
[  69% ] [90m[1mreimport[22m | CharacterPortrait_touka.png[39m[0m
[  69% ] [90m[1mreimport[22m | CharacterPortrait_tsuna.png[39m[0m
[  69% ] [90m[1mreimport[22m | CharacterPortrait_uraraka.png[39m[0m
[  69% ] [90m[1mreimport[22m | CharacterPortrait_uryuu.png[39m[0m
[  69% ] [90m[1mreimport[22m | CharacterPortrait_usopp.png[39m[0m
[  69% ] [90m[1mreimport[22m | CharacterPortrait_yamamoto.png[39m[0m
[  69% ] [90m[1mreimport[22m | CharacterPortrait_yuno.png[39m[0m
[  69% ] [90m[1mreimport[22m | CharacterPortrait_zenitsu.png[39m[0m
[  69% ] [90m[1mreimport[22m | CharacterPortrait_zoro.png[39m[0m
[  69% ] [90m[1mreimport[22m | portrait_color_bubblegum.png[39m[0m
[  69% ] [90m[1mreimport[22m | portrait_color_cyan.png[39m[0m
[  69% ] [90m[1mreimport[22m | portrait_color_darkblue.png[39m[0m
[  69% ] [90m[1mreimport[22m | portrait_color_darkgreen.png[39m[0m
[  69% ] [90m[1mreimport[22m | portrait_color_darkpurple.png[39m[0m
[  69% ] [90m[1mreimport[22m | portrait_color_default.png[39m[0m
[  69% ] [90m[1mreimport[22m | portrait_color_lightblue.png[39m[0m
[  69% ] [90m[1mreimport[22m | portrait_color_lightgreen.png[39m[0m
[  69% ] [90m[1mreimport[22m | CharacterPortrait_king.png[39m[0m
[  70% ] [90m[1mreimport[22m | CharacterPortrait_korra.png[39m[0m
[  70% ] [90m[1mreimport[22m | CharacterPortrait_kurapika.png[39m[0m
[  70% ] [90m[1mreimport[22m | CharacterPortrait_kuroko.png[39m[0m
[  70% ] [90m[1mreimport[22m | CharacterPortrait_lapucelle.png[39m[0m
[  70% ] [90m[1mreimport[22m | CharacterPortrait_lucy.png[39m[0m
[  70% ] [90m[1mreimport[22m | CharacterPortrait_luffy.png[39m[0m
[  70% ] [90m[1mreimport[22m | CharacterPortrait_madoka.png[39m[0m
[  70% ] [90m[1mreimport[22m | CharacterPortrait_maka.png[39m[0m
[  70% ] [90m[1mreimport[22m | CharacterPortrait_meliodas.png[39m[0m
[  70% ] [90m[1mreimport[22m | CharacterPortrait_midoriya.png[39m[0m
[  70% ] [90m[1mreimport[22m | CharacterPortrait_mikasa.png[39m[0m
[  70% ] [90m[1mreimport[22m | CharacterPortrait_misaka.png[39m[0m
[  70% ] [90m[1mreimport[22m | CharacterPortrait_naruto.png[39m[0m
[  70% ] [90m[1mreimport[22m | CharacterPortrait_natsu.png[39m[0m
[  70% ] [90m[1mreimport[22m | CharacterPortrait_nezuko.png[39m[0m
[  70% ] [90m[1mreimport[22m | CharacterPortrait_noelle.png[39m[0m
[  70% ] [90m[1mreimport[22m | CharacterPortrait_nonon.png[39m[0m
[  70% ] [90m[1mreimport[22m | CharacterPortrait_rimuru.png[39m[0m
[  70% ] [90m[1mreimport[22m | CharacterPortrait_ruler.png[39m[0m
[  70% ] [90m[1mreimport[22m | CharacterPortrait_ryohei.png[39m[0m
[  70% ] [90m[1mreimport[22m | CharacterPortrait_ryuko.png[39m[0m
[  70% ] [90m[1mreimport[22m | CharacterPortrait_saber.png[39m[0m
[  70% ] [90m[1mreimport[22m | CharacterPortrait_saitama.png[39m[0m
[  70% ] [90m[1mreimport[22m | CharacterPortrait_sakura.png[39m[0m
[  70% ] [90m[1mreimport[22m | CharacterPortrait_sasuke.png[39m[0m
[  70% ] [90m[1mreimport[22m | CharacterPortrait_satsuki.png[39m[0m
[  70% ] [90m[1mreimport[22m | gamepanel_color_darkgreen.png[39m[0m
[  70% ] [90m[1mreimport[22m | gamepanel_color_darkgreen_nyt.png[39m[0m
[  70% ] [90m[1mreimport[22m | gamepanel_color_darkpurple.png[39m[0m
[  70% ] [90m[1mreimport[22m | GamePanel_color_darkpurple_nyt.png[39m[0m
[  70% ] [90m[1mreimport[22m | gamepanel_color_default.png[39m[0m
[  70% ] [90m[1mreimport[22m | gamepanel_color_digivice.png[39m[0m
[  70% ] [90m[1mreimport[22m | gamepanel_color_fire.png[39m[0m
[  70% ] [90m[1mreimport[22m | gamepanel_color_gray.png[39m[0m
[  70% ] [90m[1mreimport[22m | GamePanel_color_gray_nyt.png[39m[0m
[  71% ] [90m[1mreimport[22m | gamepanel_color_lightblue.png[39m[0m
[  71% ] [90m[1mreimport[22m | GamePanel_color_lightblue_nyt.png[39m[0m
[  71% ] [90m[1mreimport[22m | gamepanel_color_lightgreen.png[39m[0m
[  71% ] [90m[1mreimport[22m | GamePanel_color_lightgreen_nyt.png[39m[0m
[  71% ] [90m[1mreimport[22m | gamepanel_color_lightning.png[39m[0m
[  71% ] [90m[1mreimport[22m | gamepanel_color_lightpurple.png[39m[0m
[  71% ] [90m[1mreimport[22m | GamePanel_color_lightpurple_nyt.png[39m[0m
[  71% ] [90m[1mreimport[22m | gamepanel_color_ocean.png[39m[0m
[  71% ] [90m[1mreimport[22m | gamepanel_color_orange.png[39m[0m
[  71% ] [90m[1mreimport[22m | GamePanel_color_orange_nyt.png[39m[0m
[  71% ] [90m[1mreimport[22m | gamepanel_color_pink.png[39m[0m
[  71% ] [90m[1mreimport[22m | GamePanel_color_pink_nyt.png[39m[0m
[  71% ] [90m[1mreimport[22m | GamePanel_color_red_nyt.png[39m[0m
[  71% ] [90m[1mreimport[22m | GamePanel_color_red_yt.png[39m[0m
[  71% ] [90m[1mreimport[22m | gamepanel_color_yellow.png[39m[0m
[  71% ] [90m[1mreimport[22m | GamePanel_color_yellow_nyt.png[39m[0m
[  71% ] [90m[1mreimport[22m | GamePanel_diane.png[39m[0m
[  71% ] [90m[1mreimport[22m | GamePanel_eren.png[39m[0m
[  71% ] [90m[1mreimport[22m | portrait_color_lightpurple.png[39m[0m
[  71% ] [90m[1mreimport[22m | portrait_color_orange.png[39m[0m
[  71% ] [90m[1mreimport[22m | portrait_color_pink.png[39m[0m
[  71% ] [90m[1mreimport[22m | portrait_color_red.png[39m[0m
[  71% ] [90m[1mreimport[22m | portrait_color_yellow.png[39m[0m
[  71% ] [90m[1mreimport[22m | portrait_frame_amethyst-onyx.png[39m[0m
[  71% ] [90m[1mreimport[22m | portrait_frame_amethyst.png[39m[0m
[  71% ] [90m[1mreimport[22m | portrait_frame_diamond-onyx.png[39m[0m
[  71% ] [90m[1mreimport[22m | portrait_frame_diamond.png[39m[0m
[  71% ] [90m[1mreimport[22m | portrait_frame_emerald-onyx.png[39m[0m
[  71% ] [90m[1mreimport[22m | portrait_frame_emerald.png[39m[0m
[  71% ] [90m[1mreimport[22m | portrait_frame_gold.png[39m[0m
[  71% ] [90m[1mreimport[22m | portrait_frame_platinum.png[39m[0m
[  71% ] [90m[1mreimport[22m | portrait_frame_ruby-onyx.png[39m[0m
[  71% ] [90m[1mreimport[22m | portrait_frame_ruby.png[39m[0m
[  71% ] [90m[1mreimport[22m | portrait_frame_sapphire-onyx.png[39m[0m
[  72% ] [90m[1mreimport[22m | portrait_frame_sapphire.png[39m[0m
[  72% ] [90m[1mreimport[22m | portrait_frame_silver.png[39m[0m
[  72% ] [90m[1mreimport[22m | portrait_frame_topaz-onyx.png[39m[0m
[  72% ] [90m[1mreimport[22m | portrait_frame_topaz.png[39m[0m
[  72% ] [90m[1mreimport[22m | GamePanel_aang.png[39m[0m
[  72% ] [90m[1mreimport[22m | GamePanel_akame.png[39m[0m
[  72% ] [90m[1mreimport[22m | GamePanel_asta.png[39m[0m
[  72% ] [90m[1mreimport[22m | GamePanel_bakugo.png[39m[0m
[  72% ] [90m[1mreimport[22m | gamepanel_color_cyan.png[39m[0m
[  72% ] [90m[1mreimport[22m | GamePanel_color_cyan_nyt.png[39m[0m
[  72% ] [90m[1mreimport[22m | gamepanel_color_darkblue.png[39m[0m
[  72% ] [90m[1mreimport[22m | GamePanel_color_darkblue_nyt.png[39m[0m
[  72% ] [90m[1mreimport[22m | hat_mastery_nel.png[39m[0m
[  72% ] [90m[1mreimport[22m | hat_mastery_nezuko.png[39m[0m
[  72% ] [90m[1mreimport[22m | hat_mastery_nimaiya.png[39m[0m
[  72% ] [90m[1mreimport[22m | hat_mastery_nobara.png[39m[0m
[  72% ] [90m[1mreimport[22m | hat_mastery_noelle.png[39m[0m
[  72% ] [90m[1mreimport[22m | hat_mastery_nonon.png[39m[0m
[  72% ] [90m[1mreimport[22m | hat_mastery_omnimon.png[39m[0m
[  72% ] [90m[1mreimport[22m | hat_mastery_orihime.png[39m[0m
[  72% ] [90m[1mreimport[22m | hat_mastery_pegasus.png[39m[0m
[  72% ] [90m[1mreimport[22m | hat_mastery_renamon.png[39m[0m
[  72% ] [90m[1mreimport[22m | hat_mastery_rengoku.png[39m[0m
[  72% ] [90m[1mreimport[22m | hat_mastery_rimuru.png[39m[0m
[  72% ] [90m[1mreimport[22m | hat_mastery_rob.png[39m[0m
[  72% ] [90m[1mreimport[22m | hat_mastery_ryohei.png[39m[0m
[  72% ] [90m[1mreimport[22m | hat_mastery_ryuko.png[39m[0m
[  72% ] [90m[1mreimport[22m | hat_mastery_saber.png[39m[0m
[  72% ] [90m[1mreimport[22m | hat_mastery_saitama.png[39m[0m
[  72% ] [90m[1mreimport[22m | hat_mastery_sakura.png[39m[0m
[  72% ] [90m[1mreimport[22m | hat_mastery_sasuke.png[39m[0m
[  72% ] [90m[1mreimport[22m | hat_mastery_satsuki.png[39m[0m
[  72% ] [90m[1mreimport[22m | hat_mastery_saturn.png[39m[0m
[  72% ] [90m[1mreimport[22m | hat_mastery_sayaka.png[39m[0m
[  72% ] [90m[1mreimport[22m | hat_mastery_semiramis.png[39m[0m
[  73% ] [90m[1mreimport[22m | hat_mastery_sheele.png[39m[0m
[  73% ] [90m[1mreimport[22m | hat_mastery_shinoa.png[39m[0m
[  73% ] [90m[1mreimport[22m | hat_mastery_shinra.png[39m[0m
[  73% ] [90m[1mreimport[22m | hat_mastery_shiro.png[39m[0m
[  73% ] [90m[1mreimport[22m | hat_mastery_korra.png[39m[0m
[  73% ] [90m[1mreimport[22m | hat_mastery_kurapika.png[39m[0m
[  73% ] [90m[1mreimport[22m | hat_mastery_kuroko.png[39m[0m
[  73% ] [90m[1mreimport[22m | hat_mastery_ladydevimon.png[39m[0m
[  73% ] [90m[1mreimport[22m | hat_mastery_lizandpatty.png[39m[0m
[  73% ] [90m[1mreimport[22m | hat_mastery_lucy.png[39m[0m
[  73% ] [90m[1mreimport[22m | hat_mastery_luffy.png[39m[0m
[  73% ] [90m[1mreimport[22m | hat_mastery_machinedramon.png[39m[0m
[  73% ] [90m[1mreimport[22m | hat_mastery_madoka.png[39m[0m
[  73% ] [90m[1mreimport[22m | hat_mastery_maka.png[39m[0m
[  73% ] [90m[1mreimport[22m | hat_mastery_mami.png[39m[0m
[  73% ] [90m[1mreimport[22m | hat_mastery_marco.png[39m[0m
[  73% ] [90m[1mreimport[22m | hat_mastery_mars.png[39m[0m
[  73% ] [90m[1mreimport[22m | hat_mastery_mash.png[39m[0m
[  73% ] [90m[1mreimport[22m | hat_mastery_megumi.png[39m[0m
[  73% ] [90m[1mreimport[22m | hat_mastery_megumin.png[39m[0m
[  73% ] [90m[1mreimport[22m | hat_mastery_meliodas.png[39m[0m
[  73% ] [90m[1mreimport[22m | hat_mastery_mercury.png[39m[0m
[  73% ] [90m[1mreimport[22m | hat_mastery_midoriya.png[39m[0m
[  73% ] [90m[1mreimport[22m | hat_mastery_mikasa.png[39m[0m
[  73% ] [90m[1mreimport[22m | hat_mastery_mine.png[39m[0m
[  73% ] [90m[1mreimport[22m | hat_mastery_misaka.png[39m[0m
[  73% ] [90m[1mreimport[22m | hat_mastery_muichiro.png[39m[0m
[  73% ] [90m[1mreimport[22m | hat_mastery_myotismon.png[39m[0m
[  73% ] [90m[1mreimport[22m | hat_mastery_nagisa.png[39m[0m
[  73% ] [90m[1mreimport[22m | hat_mastery_naruto.png[39m[0m
[  73% ] [90m[1mreimport[22m | hat_mastery_natsu.png[39m[0m
[  73% ] [90m[1mreimport[22m | hat_mastery_neferpitou.png[39m[0m
[  73% ] [90m[1mreimport[22m | hat_mastery_zenitsu.png[39m[0m
[  73% ] [90m[1mreimport[22m | hat_mastery_zoro.png[39m[0m
[  73% ] [90m[1mreimport[22m | hat_player_cheshire.png[39m[0m
[  74% ] [90m[1mreimport[22m | hokage.png[39m[0m
[  74% ] [90m[1mreimport[22m | jinch.png[39m[0m
[  74% ] [90m[1mreimport[22m | kaakuzu.png[39m[0m
[  74% ] [90m[1mreimport[22m | kaneki.png[39m[0m
[  74% ] [90m[1mreimport[22m | redsusanoo.png[39m[0m
[  74% ] [90m[1mreimport[22m | sadorank.png[39m[0m
[  74% ] [90m[1mreimport[22m | sasukesus.png[39m[0m
[  74% ] [90m[1mreimport[22m | shenron.png[39m[0m
[  74% ] [90m[1mreimport[22m | strawhat.png[39m[0m
[  74% ] [90m[1mreimport[22m | CharacterPortrait_aang.png[39m[0m
[  74% ] [90m[1mreimport[22m | CharacterPortrait_akame.png[39m[0m
[  74% ] [90m[1mreimport[22m | CharacterPortrait_asta.png[39m[0m
[  74% ] [90m[1mreimport[22m | CharacterPortrait_bakugo.png[39m[0m
[  74% ] [90m[1mreimport[22m | CharacterPortrait_diane.png[39m[0m
[  74% ] [90m[1mreimport[22m | CharacterPortrait_eren.png[39m[0m
[  74% ] [90m[1mreimport[22m | CharacterPortrait_ganta.png[39m[0m
[  74% ] [90m[1mreimport[22m | CharacterPortrait_genos.png[39m[0m
[  74% ] [90m[1mreimport[22m | CharacterPortrait_gilgamesh.png[39m[0m
[  74% ] [90m[1mreimport[22m | CharacterPortrait_gon.png[39m[0m
[  74% ] [90m[1mreimport[22m | CharacterPortrait_gray.png[39m[0m
[  74% ] [90m[1mreimport[22m | CharacterPortrait_ichigo.png[39m[0m
[  74% ] [90m[1mreimport[22m | CharacterPortrait_jack.png[39m[0m
[  74% ] [90m[1mreimport[22m | CharacterPortrait_ken.png[39m[0m
[  74% ] [90m[1mreimport[22m | CharacterPortrait_killua.png[39m[0m
[  74% ] [90m[1mreimport[22m | hat_mastery_shokuhou.png[39m[0m
[  74% ] [90m[1mreimport[22m | hat_mastery_soul.png[39m[0m
[  74% ] [90m[1mreimport[22m | hat_mastery_squalo.png[39m[0m
[  74% ] [90m[1mreimport[22m | hat_mastery_sukuna.png[39m[0m
[  74% ] [90m[1mreimport[22m | hat_mastery_tamaki.png[39m[0m
[  74% ] [90m[1mreimport[22m | hat_mastery_tanjiro.png[39m[0m
[  74% ] [90m[1mreimport[22m | hat_mastery_tatsumaki.png[39m[0m
[  74% ] [90m[1mreimport[22m | hat_mastery_tatsumi.png[39m[0m
[  74% ] [90m[1mreimport[22m | hat_mastery_todoroki.png[39m[0m
[  74% ] [90m[1mreimport[22m | hat_mastery_toga.png[39m[0m
[  74% ] [90m[1mreimport[22m | hat_mastery_tokoyami.png[39m[0m
[  75% ] [90m[1mreimport[22m | hat_mastery_toph.png[39m[0m
[  75% ] [90m[1mreimport[22m | hat_mastery_toudou.png[39m[0m
[  75% ] [90m[1mreimport[22m | hat_mastery_touka.png[39m[0m
[  75% ] [90m[1mreimport[22m | hat_mastery_tsubaki.png[39m[0m
[  75% ] [90m[1mreimport[22m | hat_mastery_tsunayoshi.png[39m[0m
[  75% ] [90m[1mreimport[22m | hat_mastery_tsuyu.png[39m[0m
[  75% ] [90m[1mreimport[22m | hat_mastery_uraraka.png[39m[0m
[  75% ] [90m[1mreimport[22m | hat_mastery_uryuu.png[39m[0m
[  75% ] [90m[1mreimport[22m | hat_mastery_usopp.png[39m[0m
[  75% ] [90m[1mreimport[22m | hat_mastery_uzui.png[39m[0m
[  75% ] [90m[1mreimport[22m | hat_mastery_vegeta.png[39m[0m
[  75% ] [90m[1mreimport[22m | hat_mastery_venus.png[39m[0m
[  75% ] [90m[1mreimport[22m | hat_mastery_xanxus.png[39m[0m
[  75% ] [90m[1mreimport[22m | hat_mastery_yamamoto.png[39m[0m
[  75% ] [90m[1mreimport[22m | hat_mastery_yoh.png[39m[0m
[  75% ] [90m[1mreimport[22m | hat_mastery_yuji.png[39m[0m
[  75% ] [90m[1mreimport[22m | hat_mastery_yuno.png[39m[0m
[  75% ] [90m[1mreimport[22m | endeavorprof.png[39m[0m
[  75% ] [90m[1mreimport[22m | enelprof.png[39m[0m
[  75% ] [90m[1mreimport[22m | enjinprof.png[39m[0m
[  75% ] [90m[1mreimport[22m | enmuprof.png[39m[0m
[  75% ] [90m[1mreimport[22m | eraserprof.png[39m[0m
[  75% ] [90m[1mreimport[22m | eren1.png[39m[0m
[  75% ] [90m[1mreimport[22m | eren2.png[39m[0m
[  75% ] [90m[1mreimport[22m | eren3.png[39m[0m
[  75% ] [90m[1mreimport[22m | eren4.png[39m[0m
[  75% ] [90m[1mreimport[22m | eren5.png[39m[0m
[  75% ] [90m[1mreimport[22m | eren6.png[39m[0m
[  75% ] [90m[1mreimport[22m | eren7.png[39m[0m
[  75% ] [90m[1mreimport[22m | eren8.png[39m[0m
[  75% ] [90m[1mreimport[22m | erenprof.png[39m[0m
[  75% ] [90m[1mreimport[22m | erenprof_2.png[39m[0m
[  75% ] [90m[1mreimport[22m | eren_mastery1.png[39m[0m
[  75% ] [90m[1mreimport[22m | eren_mastery2.png[39m[0m
[  75% ] [90m[1mreimport[22m | eren_mastery3.png[39m[0m
[  76% ] [90m[1mreimport[22m | eren_mastery4.png[39m[0m
[  76% ] [90m[1mreimport[22m | eren_mastery5.png[39m[0m
[  76% ] [90m[1mreimport[22m | eren_mastery6.png[39m[0m
[  76% ] [90m[1mreimport[22m | eren_mastery7.png[39m[0m
[  76% ] [90m[1mreimport[22m | eren_mastery8.png[39m[0m
[  76% ] [90m[1mreimport[22m | profile_mastery_eren.png[39m[0m
[  76% ] [90m[1mreimport[22m | erukaprof.png[39m[0m
[  76% ] [90m[1mreimport[22m | erwinprof.png[39m[0m
[  76% ] [90m[1mreimport[22m | alt_prof_erza.png[39m[0m
[  76% ] [90m[1mreimport[22m | edward5.png[39m[0m
[  76% ] [90m[1mreimport[22m | edwardprof.png[39m[0m
[  76% ] [90m[1mreimport[22m | redriotprof.png[39m[0m
[  76% ] [90m[1mreimport[22m | eisshenronprof.png[39m[0m
[  76% ] [90m[1mreimport[22m | elaineprof.png[39m[0m
[  76% ] [90m[1mreimport[22m | elfmanprof.png[39m[0m
[  76% ] [90m[1mreimport[22m | elizabethprof.png[39m[0m
[  76% ] [90m[1mreimport[22m | lizprof.png[39m[0m
[  76% ] [90m[1mreimport[22m | elsaprof.png[39m[0m
[  76% ] [90m[1mreimport[22m | emiliaprof.png[39m[0m
[  76% ] [90m[1mreimport[22m | alt_prof_emiyaarcher.png[39m[0m
[  76% ] [90m[1mreimport[22m | emiyaarcher1.png[39m[0m
[  76% ] [90m[1mreimport[22m | emiyaarcher2.png[39m[0m
[  76% ] [90m[1mreimport[22m | emiyaarcher3.png[39m[0m
[  76% ] [90m[1mreimport[22m | emiyaarcher4.png[39m[0m
[  76% ] [90m[1mreimport[22m | emiyaarcher5.png[39m[0m
[  76% ] [90m[1mreimport[22m | emiyaarcherprof.png[39m[0m
[  76% ] [90m[1mreimport[22m | alt_prof_emiya.png[39m[0m
[  76% ] [90m[1mreimport[22m | emiya1.png[39m[0m
[  76% ] [90m[1mreimport[22m | emiya2.png[39m[0m
[  76% ] [90m[1mreimport[22m | emiya3.png[39m[0m
[  76% ] [90m[1mreimport[22m | emiya4.png[39m[0m
[  76% ] [90m[1mreimport[22m | emiya5.png[39m[0m
[  76% ] [90m[1mreimport[22m | emiya6.png[39m[0m
[  76% ] [90m[1mreimport[22m | emiya7.png[39m[0m
[  76% ] [90m[1mreimport[22m | emiyaprof.png[39m[0m
[  77% ] [90m[1mreimport[22m | shirouprof.png[39m[0m
[  77% ] [90m[1mreimport[22m | feitanprof.png[39m[0m
[  77% ] [90m[1mreimport[22m | feltprof.png[39m[0m
[  77% ] [90m[1mreimport[22m | fern1.png[39m[0m
[  77% ] [90m[1mreimport[22m | fern2.png[39m[0m
[  77% ] [90m[1mreimport[22m | fern3.png[39m[0m
[  77% ] [90m[1mreimport[22m | fern4.png[39m[0m
[  77% ] [90m[1mreimport[22m | fern5.png[39m[0m
[  77% ] [90m[1mreimport[22m | fernprof.png[39m[0m
[  77% ] [90m[1mreimport[22m | finnprof.png[39m[0m
[  77% ] [90m[1mreimport[22m | flashyprof.png[39m[0m
[  77% ] [90m[1mreimport[22m | steinprof.png[39m[0m
[  77% ] [90m[1mreimport[22m | alt_prof_frankenstein.png[39m[0m
[  77% ] [90m[1mreimport[22m | frankenstein1.png[39m[0m
[  77% ] [90m[1mreimport[22m | frankenstein2.png[39m[0m
[  77% ] [90m[1mreimport[22m | frankenstein3.png[39m[0m
[  77% ] [90m[1mreimport[22m | frankenstein4.png[39m[0m
[  77% ] [90m[1mreimport[22m | frankensteinprof.png[39m[0m
[  77% ] [90m[1mreimport[22m | franklinprof.png[39m[0m
[  77% ] [90m[1mreimport[22m | frankyprof.png[39m[0m
[  77% ] [90m[1mreimport[22m | fraudrinprof.png[39m[0m
[  77% ] [90m[1mreimport[22m | fredericaprof.png[39m[0m
[  77% ] [90m[1mreimport[22m | freedprof.png[39m[0m
[  77% ] [90m[1mreimport[22m | frendaprof.png[39m[0m
[  77% ] [90m[1mreimport[22m | alt_prof_frieren.png[39m[0m
[  77% ] [90m[1mreimport[22m | frieren1.png[39m[0m
[  77% ] [90m[1mreimport[22m | frieren2.png[39m[0m
[  77% ] [90m[1mreimport[22m | frieren3.png[39m[0m
[  77% ] [90m[1mreimport[22m | clear_heart.png[39m[0m
[  77% ] [90m[1mreimport[22m | erza1.png[39m[0m
[  77% ] [90m[1mreimport[22m | erza2.png[39m[0m
[  77% ] [90m[1mreimport[22m | erza3.png[39m[0m
[  77% ] [90m[1mreimport[22m | erza4.png[39m[0m
[  77% ] [90m[1mreimport[22m | erzaprof.png[39m[0m
[  77% ] [90m[1mreimport[22m | heavens_wheel.png[39m[0m
[  78% ] [90m[1mreimport[22m | nakagamis.png[39m[0m
[  78% ] [90m[1mreimport[22m | escanor1.png[39m[0m
[  78% ] [90m[1mreimport[22m | escanor2.png[39m[0m
[  78% ] [90m[1mreimport[22m | escanor3.png[39m[0m
[  78% ] [90m[1mreimport[22m | escanor4.png[39m[0m
[  78% ] [90m[1mreimport[22m | escanor5.png[39m[0m
[  78% ] [90m[1mreimport[22m | escanor6.png[39m[0m
[  78% ] [90m[1mreimport[22m | escanorprof.png[39m[0m
[  78% ] [90m[1mreimport[22m | esdeath1.png[39m[0m
[  78% ] [90m[1mreimport[22m | esdeath2.png[39m[0m
[  78% ] [90m[1mreimport[22m | esdeath3.png[39m[0m
[  78% ] [90m[1mreimport[22m | esdeath4.png[39m[0m
[  78% ] [90m[1mreimport[22m | esdeath5.png[39m[0m
[  78% ] [90m[1mreimport[22m | esdeathprof.png[39m[0m
[  78% ] [90m[1mreimport[22m | estarossaprof.png[39m[0m
[  78% ] [90m[1mreimport[22m | etemonprof.png[39m[0m
[  78% ] [90m[1mreimport[22m | etoprof.png[39m[0m
[  78% ] [90m[1mreimport[22m | eustassprof.png[39m[0m
[  78% ] [90m[1mreimport[22m | evilnaturalwaterprof.png[39m[0m
[  78% ] [90m[1mreimport[22m | excaliburprof.png[39m[0m
[  78% ] [90m[1mreimport[22m | falcomonprof.png[39m[0m
[  78% ] [90m[1mreimport[22m | crona2.png[39m[0m
[  78% ] [90m[1mreimport[22m | crona3.png[39m[0m
[  78% ] [90m[1mreimport[22m | crona4.png[39m[0m
[  78% ] [90m[1mreimport[22m | crona5.png[39m[0m
[  78% ] [90m[1mreimport[22m | crona6.png[39m[0m
[  78% ] [90m[1mreimport[22m | cronaprof.png[39m[0m
[  78% ] [90m[1mreimport[22m | crusadermonprof.png[39m[0m
[  78% ] [90m[1mreimport[22m | cruschprof.png[39m[0m
[  78% ] [90m[1mreimport[22m | curiousprof.png[39m[0m
[  78% ] [90m[1mreimport[22m | cusackprof.png[39m[0m
[  78% ] [90m[1mreimport[22m | dabiprof.png[39m[0m
[  78% ] [90m[1mreimport[22m | daburaprof.png[39m[0m
[  78% ] [90m[1mreimport[22m | daidaraprof.png[39m[0m
[  78% ] [90m[1mreimport[22m | daisyprof.png[39m[0m
[  79% ] [90m[1mreimport[22m | dakiprof.png[39m[0m
[  79% ] [90m[1mreimport[22m | danteprof.png[39m[0m
[  79% ] [90m[1mreimport[22m | darkwing2prof.png[39m[0m
[  79% ] [90m[1mreimport[22m | death1.png[39m[0m
[  79% ] [90m[1mreimport[22m | death2.png[39m[0m
[  79% ] [90m[1mreimport[22m | death3.png[39m[0m
[  79% ] [90m[1mreimport[22m | death4.png[39m[0m
[  79% ] [90m[1mreimport[22m | death5.png[39m[0m
[  79% ] [90m[1mreimport[22m | deathprof.png[39m[0m
[  79% ] [90m[1mreimport[22m | deathgatlingprof.png[39m[0m
[  79% ] [90m[1mreimport[22m | deaththekidprof.png[39m[0m
[  79% ] [90m[1mreimport[22m | kid1.png[39m[0m
[  79% ] [90m[1mreimport[22m | kid2.png[39m[0m
[  79% ] [90m[1mreimport[22m | chrisprof.png[39m[0m
[  79% ] [90m[1mreimport[22m | chrolloprof.png[39m[0m
[  79% ] [90m[1mreimport[22m | chrome1.png[39m[0m
[  79% ] [90m[1mreimport[22m | chrome2.png[39m[0m
[  79% ] [90m[1mreimport[22m | chrome3.png[39m[0m
[  79% ] [90m[1mreimport[22m | chrome4.png[39m[0m
[  79% ] [90m[1mreimport[22m | chromealtprof1.png[39m[0m
[  79% ] [90m[1mreimport[22m | chromeprof.png[39m[0m
[  79% ] [90m[1mreimport[22m | rokudoprof.png[39m[0m
[  79% ] [90m[1mreimport[22m | chuprof.png[39m[0m
[  79% ] [90m[1mreimport[22m | chuuprof.png[39m[0m
[  79% ] [90m[1mreimport[22m | cidprof.png[39m[0m
[  79% ] [90m[1mreimport[22m | clareprof.png[39m[0m
[  79% ] [90m[1mreimport[22m | claymanprof.png[39m[0m
[  79% ] [90m[1mreimport[22m | cobraprof.png[39m[0m
[  79% ] [90m[1mreimport[22m | conquestprof.png[39m[0m
[  79% ] [90m[1mreimport[22m | cooler1.png[39m[0m
[  79% ] [90m[1mreimport[22m | cooler2.png[39m[0m
[  79% ] [90m[1mreimport[22m | cooler3.png[39m[0m
[  79% ] [90m[1mreimport[22m | cooler4.png[39m[0m
[  79% ] [90m[1mreimport[22m | cooler5.png[39m[0m
[  79% ] [90m[1mreimport[22m | cooler6.png[39m[0m
[  80% ] [90m[1mreimport[22m | cooleraltprof.png[39m[0m
[  80% ] [90m[1mreimport[22m | coolerprof.png[39m[0m
[  80% ] [90m[1mreimport[22m | starrkprof.png[39m[0m
[  80% ] [90m[1mreimport[22m | crocodileprof.png[39m[0m
[  80% ] [90m[1mreimport[22m | crona1.png[39m[0m
[  80% ] [90m[1mreimport[22m | lyserg3.png[39m[0m
[  80% ] [90m[1mreimport[22m | lyserg4.png[39m[0m
[  80% ] [90m[1mreimport[22m | lyserg5.png[39m[0m
[  80% ] [90m[1mreimport[22m | lyserg6.png[39m[0m
[  80% ] [90m[1mreimport[22m | lysergprof.png[39m[0m
[  80% ] [90m[1mreimport[22m | dinoprof.png[39m[0m
[  80% ] [90m[1mreimport[22m | dodoriaprof.png[39m[0m
[  80% ] [90m[1mreimport[22m | doflamingoprof.png[39m[0m
[  80% ] [90m[1mreimport[22m | doppelgangerprof.png[39m[0m
[  80% ] [90m[1mreimport[22m | doranboltprof.png[39m[0m
[  80% ] [90m[1mreimport[22m | dorothyprof.png[39m[0m
[  80% ] [90m[1mreimport[22m | dotprof.png[39m[0m
[  80% ] [90m[1mreimport[22m | mihawkprof.png[39m[0m
[  80% ] [90m[1mreimport[22m | driveknightprof.png[39m[0m
[  80% ] [90m[1mreimport[22m | droleprof.png[39m[0m
[  80% ] [90m[1mreimport[22m | duftmonprof.png[39m[0m
[  80% ] [90m[1mreimport[22m | dukeprof.png[39m[0m
[  80% ] [90m[1mreimport[22m | duplikateprof.png[39m[0m
[  80% ] [90m[1mreimport[22m | duskmonprof.png[39m[0m
[  80% ] [90m[1mreimport[22m | dynasmonprof.png[39m[0m
[  80% ] [90m[1mreimport[22m | ebonwumonprof.png[39m[0m
[  80% ] [90m[1mreimport[22m | echidnaprof.png[39m[0m
[  80% ] [90m[1mreimport[22m | alt_prof_edward.png[39m[0m
[  80% ] [90m[1mreimport[22m | edward1.png[39m[0m
[  80% ] [90m[1mreimport[22m | edward2.png[39m[0m
[  80% ] [90m[1mreimport[22m | edward3.png[39m[0m
[  80% ] [90m[1mreimport[22m | edward4.png[39m[0m
[  80% ] [90m[1mreimport[22m | kid3.png[39m[0m
[  80% ] [90m[1mreimport[22m | kid4.png[39m[0m
[  80% ] [90m[1mreimport[22m | kid5.png[39m[0m
[  81% ] [90m[1mreimport[22m | kid6.png[39m[0m
[  81% ] [90m[1mreimport[22m | kidprof.png[39m[0m
[  81% ] [90m[1mreimport[22m | deepseakingprof.png[39m[0m
[  81% ] [90m[1mreimport[22m | deidaraprof.png[39m[0m
[  81% ] [90m[1mreimport[22m | deltaprof.png[39m[0m
[  81% ] [90m[1mreimport[22m | demonkingprof.png[39m[0m
[  81% ] [90m[1mreimport[22m | denji1.png[39m[0m
[  81% ] [90m[1mreimport[22m | denji2.png[39m[0m
[  81% ] [90m[1mreimport[22m | denji3.png[39m[0m
[  81% ] [90m[1mreimport[22m | denji4.png[39m[0m
[  81% ] [90m[1mreimport[22m | denji5.png[39m[0m
[  81% ] [90m[1mreimport[22m | denji6.png[39m[0m
[  81% ] [90m[1mreimport[22m | denjiprof.png[39m[0m
[  81% ] [90m[1mreimport[22m | derieriprof.png[39m[0m
[  81% ] [90m[1mreimport[22m | devimonprof.png[39m[0m
[  81% ] [90m[1mreimport[22m | diane1.png[39m[0m
[  81% ] [90m[1mreimport[22m | diane2.png[39m[0m
[  81% ] [90m[1mreimport[22m | diane3.png[39m[0m
[  81% ] [90m[1mreimport[22m | diane4.png[39m[0m
[  81% ] [90m[1mreimport[22m | diane5.png[39m[0m
[  81% ] [90m[1mreimport[22m | dianeprof.png[39m[0m
[  81% ] [90m[1mreimport[22m | profile_mastery_diane.png[39m[0m
[  81% ] [90m[1mreimport[22m | diarmuidprof.png[39m[0m
[  81% ] [90m[1mreimport[22m | lyserg1.png[39m[0m
[  81% ] [90m[1mreimport[22m | lyserg2.png[39m[0m
[  81% ] [90m[1mreimport[22m | gon1.png[39m[0m
[  81% ] [90m[1mreimport[22m | gon2.png[39m[0m
[  81% ] [90m[1mreimport[22m | gon3.png[39m[0m
[  81% ] [90m[1mreimport[22m | gon4.png[39m[0m
[  81% ] [90m[1mreimport[22m | gonprof.png[39m[0m
[  81% ] [90m[1mreimport[22m | profile_mastery_gon.png[39m[0m
[  81% ] [90m[1mreimport[22m | gotenprof.png[39m[0m
[  81% ] [90m[1mreimport[22m | gotenksprof.png[39m[0m
[  81% ] [90m[1mreimport[22m | gotohprof.png[39m[0m
[  81% ] [90m[1mreimport[22m | gowtherprof.png[39m[0m
[  82% ] [90m[1mreimport[22m | gray1.png[39m[0m
[  82% ] [90m[1mreimport[22m | gray2.png[39m[0m
[  82% ] [90m[1mreimport[22m | gray3.png[39m[0m
[  82% ] [90m[1mreimport[22m | gray4.png[39m[0m
[  82% ] [90m[1mreimport[22m | grayalt1.png[39m[0m
[  82% ] [90m[1mreimport[22m | grayalt.png[39m[0m
[  82% ] [90m[1mreimport[22m | graydisciple.png[39m[0m
[  82% ] [90m[1mreimport[22m | grayicedshell.png[39m[0m
[  82% ] [90m[1mreimport[22m | grayprof.png[39m[0m
[  82% ] [90m[1mreimport[22m | grayunlimited.png[39m[0m
[  82% ] [90m[1mreimport[22m | profile_mastery_gray.png[39m[0m
[  82% ] [90m[1mreimport[22m | grayroadprof.png[39m[0m
[  82% ] [90m[1mreimport[22m | griamoreprof.png[39m[0m
[  82% ] [90m[1mreimport[22m | grimmjowprof.png[39m[0m
[  82% ] [90m[1mreimport[22m | guilaprof.png[39m[0m
[  82% ] [90m[1mreimport[22m | guilmonprof.png[39m[0m
[  82% ] [90m[1mreimport[22m | guldoprof.png[39m[0m
[  82% ] [90m[1mreimport[22m | gogeta1.png[39m[0m
[  82% ] [90m[1mreimport[22m | gogeta2.png[39m[0m
[  82% ] [90m[1mreimport[22m | gogeta3.png[39m[0m
[  82% ] [90m[1mreimport[22m | gogeta4.png[39m[0m
[  82% ] [90m[1mreimport[22m | gogeta5.png[39m[0m
[  82% ] [90m[1mreimport[22m | gogetaprof.png[39m[0m
[  82% ] [90m[1mreimport[22m | gohan1.png[39m[0m
[  82% ] [90m[1mreimport[22m | gohan2.png[39m[0m
[  82% ] [90m[1mreimport[22m | gohan3.png[39m[0m
[  82% ] [90m[1mreimport[22m | gohan4.png[39m[0m
[  82% ] [90m[1mreimport[22m | gohan5.png[39m[0m
[  82% ] [90m[1mreimport[22m | gohanprof.png[39m[0m
[  82% ] [90m[1mreimport[22m | goku1.png[39m[0m
[  82% ] [90m[1mreimport[22m | goku2.png[39m[0m
[  82% ] [90m[1mreimport[22m | goku3.png[39m[0m
[  82% ] [90m[1mreimport[22m | goku4.png[39m[0m
[  82% ] [90m[1mreimport[22m | goku5.png[39m[0m
[  82% ] [90m[1mreimport[22m | gokualtprof1.png[39m[0m
[  83% ] [90m[1mreimport[22m | gokuprof.png[39m[0m
[  83% ] [90m[1mreimport[22m | goku_mastery1.png[39m[0m
[  83% ] [90m[1mreimport[22m | goku_mastery2.png[39m[0m
[  83% ] [90m[1mreimport[22m | goku_mastery3.png[39m[0m
[  83% ] [90m[1mreimport[22m | goku_mastery4.png[39m[0m
[  83% ] [90m[1mreimport[22m | goku_mastery5.png[39m[0m
[  83% ] [90m[1mreimport[22m | goku_mastery6.png[39m[0m
[  83% ] [90m[1mreimport[22m | profile_mastery_goku.png[39m[0m
[  83% ] [90m[1mreimport[22m | gomamonprof.png[39m[0m
[  83% ] [90m[1mreimport[22m | inosukeprof.png[39m[0m
[  83% ] [90m[1mreimport[22m | alt_prof_hashirama.png[39m[0m
[  83% ] [90m[1mreimport[22m | hashirama1.png[39m[0m
[  83% ] [90m[1mreimport[22m | hashirama2.png[39m[0m
[  83% ] [90m[1mreimport[22m | hashirama3.png[39m[0m
[  83% ] [90m[1mreimport[22m | hashirama4.png[39m[0m
[  83% ] [90m[1mreimport[22m | hashirama5.png[39m[0m
[  83% ] [90m[1mreimport[22m | hashiramaprof.png[39m[0m
[  83% ] [90m[1mreimport[22m | hassanprof.png[39m[0m
[  83% ] [90m[1mreimport[22m | alt_prof_hawkmon.png[39m[0m
[  83% ] [90m[1mreimport[22m | hawkmon1.png[39m[0m
[  83% ] [90m[1mreimport[22m | hawkmon2.png[39m[0m
[  83% ] [90m[1mreimport[22m | hawkmon3.png[39m[0m
[  83% ] [90m[1mreimport[22m | hawkmon4.png[39m[0m
[  83% ] [90m[1mreimport[22m | hawkmon5.png[39m[0m
[  83% ] [90m[1mreimport[22m | hawkmon6.png[39m[0m
[  83% ] [90m[1mreimport[22m | hawkmon7.png[39m[0m
[  83% ] [90m[1mreimport[22m | hawkmon8.png[39m[0m
[  83% ] [90m[1mreimport[22m | hawkmon9.png[39m[0m
[  83% ] [90m[1mreimport[22m | hawkmon10.png[39m[0m
[  83% ] [90m[1mreimport[22m | hawkmon11.png[39m[0m
[  83% ] [90m[1mreimport[22m | hawkmon12.png[39m[0m
[  83% ] [90m[1mreimport[22m | hawkmonaltprof1.png[39m[0m
[  83% ] [90m[1mreimport[22m | hawkmonaltprof2.png[39m[0m
[  83% ] [90m[1mreimport[22m | hawkmonprof.png[39m[0m
[  83% ] [90m[1mreimport[22m | hawksprof.png[39m[0m
[  84% ] [90m[1mreimport[22m | akiprof.png[39m[0m
[  84% ] [90m[1mreimport[22m | crimsonprof.png[39m[0m
[  84% ] [90m[1mreimport[22m | gyokkoprof.png[39m[0m
[  84% ] [90m[1mreimport[22m | gyutaroprof.png[39m[0m
[  84% ] [90m[1mreimport[22m | hadesrorprof.png[39m[0m
[  84% ] [90m[1mreimport[22m | hanamiprof.png[39m[0m
[  84% ] [90m[1mreimport[22m | hantenguprof.png[39m[0m
[  84% ] [90m[1mreimport[22m | nuiprof.png[39m[0m
[  84% ] [90m[1mreimport[22m | profile_mastery_sakura.png[39m[0m
[  84% ] [90m[1mreimport[22m | sakura1.png[39m[0m
[  84% ] [90m[1mreimport[22m | sakura2.jpg[39m[0m
[  84% ] [90m[1mreimport[22m | sakura2.png[39m[0m
[  84% ] [90m[1mreimport[22m | sakura3.png[39m[0m
[  84% ] [90m[1mreimport[22m | sakura4.png[39m[0m
[  84% ] [90m[1mreimport[22m | sakura5.png[39m[0m
[  84% ] [90m[1mreimport[22m | sakura6.png[39m[0m
[  84% ] [90m[1mreimport[22m | sakura7.png[39m[0m
[  84% ] [90m[1mreimport[22m | sakuraprof.png[39m[0m
[  84% ] [90m[1mreimport[22m | sakura_mastery1.png[39m[0m
[  84% ] [90m[1mreimport[22m | sakura_mastery2.png[39m[0m
[  84% ] [90m[1mreimport[22m | sakura_mastery3.png[39m[0m
[  84% ] [90m[1mreimport[22m | sakura_mastery4.png[39m[0m
[  84% ] [90m[1mreimport[22m | sakura_mastery5.png[39m[0m
[  84% ] [90m[1mreimport[22m | sakura_mastery6.png[39m[0m
[  84% ] [90m[1mreimport[22m | alt_prof_inosuke.png[39m[0m
[  84% ] [90m[1mreimport[22m | inosuke1.png[39m[0m
[  84% ] [90m[1mreimport[22m | inosuke2.png[39m[0m
[  84% ] [90m[1mreimport[22m | inosuke3.png[39m[0m
[  84% ] [90m[1mreimport[22m | inosuke4.png[39m[0m
[  84% ] [90m[1mreimport[22m | megumiprof.png[39m[0m
[  84% ] [90m[1mreimport[22m | gaaraprof.png[39m[0m
[  84% ] [90m[1mreimport[22m | gabiprof.png[39m[0m
[  84% ] [90m[1mreimport[22m | gabiruprof.png[39m[0m
[  84% ] [90m[1mreimport[22m | gabumonprof.png[39m[0m
[  84% ] [90m[1mreimport[22m | gajeelprof.png[39m[0m
[  85% ] [90m[1mreimport[22m | galandprof.png[39m[0m
[  85% ] [90m[1mreimport[22m | 1.png[39m[0m
[  85% ] [90m[1mreimport[22m | 2.png[39m[0m
[  85% ] [90m[1mreimport[22m | 3.png[39m[0m
[  85% ] [90m[1mreimport[22m | 4.png[39m[0m
[  85% ] [90m[1mreimport[22m | 6.png[39m[0m
[  85% ] [90m[1mreimport[22m | 7.png[39m[0m
[  85% ] [90m[1mreimport[22m | gallant1.PNG[39m[0m
[  85% ] [90m[1mreimport[22m | gallantmonprof.png[39m[0m
[  85% ] [90m[1mreimport[22m | iraprof.png[39m[0m
[  85% ] [90m[1mreimport[22m | gamefowlprof.png[39m[0m
[  85% ] [90m[1mreimport[22m | gankoomonprof.png[39m[0m
[  85% ] [90m[1mreimport[22m | ganta1.PNG[39m[0m
[  85% ] [90m[1mreimport[22m | ganta2.png[39m[0m
[  85% ] [90m[1mreimport[22m | ganta3.PNG[39m[0m
[  85% ] [90m[1mreimport[22m | ganta4.png[39m[0m
[  85% ] [90m[1mreimport[22m | ganta5.png[39m[0m
[  85% ] [90m[1mreimport[22m | ganta.png[39m[0m
[  85% ] [90m[1mreimport[22m | gantaprof.png[39m[0m
[  85% ] [90m[1mreimport[22m | profile_mastery_ganta.png[39m[0m
[  85% ] [90m[1mreimport[22m | garfielprof.png[39m[0m
[  85% ] [90m[1mreimport[22m | frieren4.png[39m[0m
[  85% ] [90m[1mreimport[22m | frieren5.png[39m[0m
[  85% ] [90m[1mreimport[22m | frieren6.png[39m[0m
[  85% ] [90m[1mreimport[22m | frieren7.png[39m[0m
[  85% ] [90m[1mreimport[22m | frierenprof.png[39m[0m
[  85% ] [90m[1mreimport[22m | frieza1.png[39m[0m
[  85% ] [90m[1mreimport[22m | frieza2.png[39m[0m
[  85% ] [90m[1mreimport[22m | frieza3.png[39m[0m
[  85% ] [90m[1mreimport[22m | frieza4.png[39m[0m
[  85% ] [90m[1mreimport[22m | frieza5.png[39m[0m
[  85% ] [90m[1mreimport[22m | frieza6.png[39m[0m
[  85% ] [90m[1mreimport[22m | friezaprof.png[39m[0m
[  85% ] [90m[1mreimport[22m | fuegoleonprof.png[39m[0m
[  86% ] [90m[1mreimport[22m | fujitoraprof.png[39m[0m
[  86% ] [90m[1mreimport[22m | tokoyami1.png[39m[0m
[  86% ] [90m[1mreimport[22m | tokoyami2.png[39m[0m
[  86% ] [90m[1mreimport[22m | tokoyami3.png[39m[0m
[  86% ] [90m[1mreimport[22m | tokoyami4.png[39m[0m
[  86% ] [90m[1mreimport[22m | tokoyami5.png[39m[0m
[  86% ] [90m[1mreimport[22m | tokoyamiprof.png[39m[0m
[  86% ] [90m[1mreimport[22m | furutaprof.png[39m[0m
[  86% ] [90m[1mreimport[22m | alt_prof_megumi.png[39m[0m
[  86% ] [90m[1mreimport[22m | megumi1.png[39m[0m
[  86% ] [90m[1mreimport[22m | megumi2.png[39m[0m
[  86% ] [90m[1mreimport[22m | megumi3.png[39m[0m
[  86% ] [90m[1mreimport[22m | megumi4.png[39m[0m
[  86% ] [90m[1mreimport[22m | megumi5.png[39m[0m
[  86% ] [90m[1mreimport[22m | genos6.png[39m[0m
[  86% ] [90m[1mreimport[22m | genosprof.png[39m[0m
[  86% ] [90m[1mreimport[22m | genos_mastery1.png[39m[0m
[  86% ] [90m[1mreimport[22m | genos_mastery2.png[39m[0m
[  86% ] [90m[1mreimport[22m | genos_mastery3.png[39m[0m
[  86% ] [90m[1mreimport[22m | genos_mastery4.png[39m[0m
[  86% ] [90m[1mreimport[22m | genos_mastery5.png[39m[0m
[  86% ] [90m[1mreimport[22m | genos_mastery6.png[39m[0m
[  86% ] [90m[1mreimport[22m | profile_mastery_genos.png[39m[0m
[  86% ] [90m[1mreimport[22m | genthruprof.png[39m[0m
[  86% ] [90m[1mreimport[22m | gandlbprof.png[39m[0m
[  86% ] [90m[1mreimport[22m | genyaprof.png[39m[0m
[  86% ] [90m[1mreimport[22m | geroprof.png[39m[0m
[  86% ] [90m[1mreimport[22m | ghostprof.png[39m[0m
[  86% ] [90m[1mreimport[22m | gigantomachiaprof.png[39m[0m
[  86% ] [90m[1mreimport[22m | gildartsprof.png[39m[0m
[  86% ] [90m[1mreimport[22m | gilgamesh1.png[39m[0m
[  86% ] [90m[1mreimport[22m | gilgamesh2.png[39m[0m
[  86% ] [90m[1mreimport[22m | gilgamesh3.png[39m[0m
[  86% ] [90m[1mreimport[22m | gilgamesh4.png[39m[0m
[  86% ] [90m[1mreimport[22m | gilgameshprof.png[39m[0m
[  87% ] [90m[1mreimport[22m | profile_mastery_gilgamesh.png[39m[0m
[  87% ] [90m[1mreimport[22m | gilthunderprof.png[39m[0m
[  87% ] [90m[1mreimport[22m | ginyuprof.png[39m[0m
[  87% ] [90m[1mreimport[22m | gloxiniaprof.png[39m[0m
[  87% ] [90m[1mreimport[22m | serenaprof.png[39m[0m
[  87% ] [90m[1mreimport[22m | alt_prof_gogeta.png[39m[0m
[  87% ] [90m[1mreimport[22m | garlicjrprof.png[39m[0m
[  87% ] [90m[1mreimport[22m | garouprof.png[39m[0m
[  87% ] [90m[1mreimport[22m | 4.png[39m[0m
[  87% ] [90m[1mreimport[22m | 5.png[39m[0m
[  87% ] [90m[1mreimport[22m | 6.png[39m[0m
[  87% ] [90m[1mreimport[22m | 7.png[39m[0m
[  87% ] [90m[1mreimport[22m | 9.png[39m[0m
[  87% ] [90m[1mreimport[22m | 10.png[39m[0m
[  87% ] [90m[1mreimport[22m | 11.png[39m[0m
[  87% ] [90m[1mreimport[22m | 12.png[39m[0m
[  87% ] [90m[1mreimport[22m | 13.png[39m[0m
[  87% ] [90m[1mreimport[22m | 15.png[39m[0m
[  87% ] [90m[1mreimport[22m | 16.png[39m[0m
[  87% ] [90m[1mreimport[22m | 17.png[39m[0m
[  87% ] [90m[1mreimport[22m | 18.png[39m[0m
[  87% ] [90m[1mreimport[22m | 19.png[39m[0m
[  87% ] [90m[1mreimport[22m | alt_prof_gatomon.png[39m[0m
[  87% ] [90m[1mreimport[22m | gatomonaltprof2.png[39m[0m
[  87% ] [90m[1mreimport[22m | gatomonaltprof.png[39m[0m
[  87% ] [90m[1mreimport[22m | gatomonprof.png[39m[0m
[  87% ] [90m[1mreimport[22m | geminisagaprof.png[39m[0m
[  87% ] [90m[1mreimport[22m | genkaiprof.png[39m[0m
[  87% ] [90m[1mreimport[22m | genkishiprof.png[39m[0m
[  87% ] [90m[1mreimport[22m | genos1.png[39m[0m
[  87% ] [90m[1mreimport[22m | genos2.png[39m[0m
[  87% ] [90m[1mreimport[22m | genos3.png[39m[0m
[  87% ] [90m[1mreimport[22m | genos4.png[39m[0m
[  87% ] [90m[1mreimport[22m | genos5.png[39m[0m
[  87% ] [90m[1mreimport[22m | playercard_mastery_yugi.png[39m[0m
[  88% ] [90m[1mreimport[22m | playercard_mastery_yuji.png[39m[0m
[  88% ] [90m[1mreimport[22m | playercard_mastery_yuno.png[39m[0m
[  88% ] [90m[1mreimport[22m | playercard_mastery_zenitsu.png[39m[0m
[  88% ] [90m[1mreimport[22m | playercard_mastery_zoro.png[39m[0m
[  88% ] [90m[1mreimport[22m | aang1.png[39m[0m
[  88% ] [90m[1mreimport[22m | aang2.png[39m[0m
[  88% ] [90m[1mreimport[22m | aang3.png[39m[0m
[  88% ] [90m[1mreimport[22m | aang4.png[39m[0m
[  88% ] [90m[1mreimport[22m | aang5.png[39m[0m
[  88% ] [90m[1mreimport[22m | aang6.png[39m[0m
[  88% ] [90m[1mreimport[22m | aangnewprof.png[39m[0m
[  88% ] [90m[1mreimport[22m | aangprof.png[39m[0m
[  88% ] [90m[1mreimport[22m | aang_mastery1.png[39m[0m
[  88% ] [90m[1mreimport[22m | aang_mastery2.png[39m[0m
[  88% ] [90m[1mreimport[22m | aang_mastery3.png[39m[0m
[  88% ] [90m[1mreimport[22m | aang_mastery4.png[39m[0m
[  88% ] [90m[1mreimport[22m | aang_mastery5.png[39m[0m
[  88% ] [90m[1mreimport[22m | aang_mastery6.png[39m[0m
[  88% ] [90m[1mreimport[22m | profile_mastery_aang.png[39m[0m
[  88% ] [90m[1mreimport[22m | renjiprof.png[39m[0m
[  88% ] [90m[1mreimport[22m | abelprof.png[39m[0m
[  88% ] [90m[1mreimport[22m | razorprof.png[39m[0m
[  88% ] [90m[1mreimport[22m | acceleratorprof.png[39m[0m
[  88% ] [90m[1mreimport[22m | ace1.png[39m[0m
[  88% ] [90m[1mreimport[22m | ace2.png[39m[0m
[  88% ] [90m[1mreimport[22m | ace3.png[39m[0m
[  88% ] [90m[1mreimport[22m | playercard_mastery_shokuhou.png[39m[0m
[  88% ] [90m[1mreimport[22m | playercard_mastery_soul.png[39m[0m
[  88% ] [90m[1mreimport[22m | playercard_mastery_squalo.png[39m[0m
[  88% ] [90m[1mreimport[22m | playercard_mastery_sukuna.png[39m[0m
[  88% ] [90m[1mreimport[22m | playercard_mastery_tamaki.png[39m[0m
[  88% ] [90m[1mreimport[22m | playercard_mastery_tanjiro.png[39m[0m
[  88% ] [90m[1mreimport[22m | playercard_mastery_tatsumaki.png[39m[0m
[  88% ] [90m[1mreimport[22m | playercard_mastery_tatsumi.png[39m[0m
[  88% ] [90m[1mreimport[22m | playercard_mastery_todoroki.png[39m[0m
[  89% ] [90m[1mreimport[22m | playercard_mastery_toga.png[39m[0m
[  89% ] [90m[1mreimport[22m | playercard_mastery_toph.png[39m[0m
[  89% ] [90m[1mreimport[22m | playercard_mastery_toudou.png[39m[0m
[  89% ] [90m[1mreimport[22m | playercard_mastery_touka.png[39m[0m
[  89% ] [90m[1mreimport[22m | playercard_mastery_tsubaki.png[39m[0m
[  89% ] [90m[1mreimport[22m | playercard_mastery_tsunayoshi.png[39m[0m
[  89% ] [90m[1mreimport[22m | playercard_mastery_tsuyu.png[39m[0m
[  89% ] [90m[1mreimport[22m | playercard_mastery_uraraka.png[39m[0m
[  89% ] [90m[1mreimport[22m | playercard_mastery_uryu.png[39m[0m
[  89% ] [90m[1mreimport[22m | playercard_mastery_usopp.png[39m[0m
[  89% ] [90m[1mreimport[22m | playercard_mastery_uzui.png[39m[0m
[  89% ] [90m[1mreimport[22m | playercard_mastery_vegeta.png[39m[0m
[  89% ] [90m[1mreimport[22m | playercard_mastery_veldora.png[39m[0m
[  89% ] [90m[1mreimport[22m | playercard_mastery_venus.png[39m[0m
[  89% ] [90m[1mreimport[22m | playercard_mastery_xanxus.png[39m[0m
[  89% ] [90m[1mreimport[22m | playercard_mastery_yamamoto.png[39m[0m
[  89% ] [90m[1mreimport[22m | playercard_mastery_yoh.png[39m[0m
[  89% ] [90m[1mreimport[22m | playercard_mastery_yubel.png[39m[0m
[  89% ] [90m[1mreimport[22m | aizenprof.png[39m[0m
[  89% ] [90m[1mreimport[22m | akainu1.png[39m[0m
[  89% ] [90m[1mreimport[22m | akainu2.png[39m[0m
[  89% ] [90m[1mreimport[22m | akainu3.png[39m[0m
[  89% ] [90m[1mreimport[22m | akainu4.png[39m[0m
[  89% ] [90m[1mreimport[22m | akainu5.png[39m[0m
[  89% ] [90m[1mreimport[22m | akainuprof.png[39m[0m
[  89% ] [90m[1mreimport[22m | akame1.png[39m[0m
[  89% ] [90m[1mreimport[22m | akame2.png[39m[0m
[  89% ] [90m[1mreimport[22m | akame3.png[39m[0m
[  89% ] [90m[1mreimport[22m | akame4.png[39m[0m
[  89% ] [90m[1mreimport[22m | akamealtprof1.png[39m[0m
[  89% ] [90m[1mreimport[22m | akameprof.png[39m[0m
[  89% ] [90m[1mreimport[22m | akazaprof.png[39m[0m
[  89% ] [90m[1mreimport[22m | akitaruprof.png[39m[0m
[  89% ] [90m[1mreimport[22m | akizaprof.png[39m[0m
[  89% ] [90m[1mreimport[22m | alprof.png[39m[0m
[  90% ] [90m[1mreimport[22m | alexiaprof.png[39m[0m
[  90% ] [90m[1mreimport[22m | allforoneprof.png[39m[0m
[  90% ] [90m[1mreimport[22m | allmight1.png[39m[0m
[  90% ] [90m[1mreimport[22m | allmight2.png[39m[0m
[  90% ] [90m[1mreimport[22m | allmight3.png[39m[0m
[  90% ] [90m[1mreimport[22m | allmight4.png[39m[0m
[  90% ] [90m[1mreimport[22m | allmight5.png[39m[0m
[  90% ] [90m[1mreimport[22m | allmightprof.png[39m[0m
[  90% ] [90m[1mreimport[22m | allenprof.png[39m[0m
[  90% ] [90m[1mreimport[22m | alphaprof.png[39m[0m
[  90% ] [90m[1mreimport[22m | ace4.png[39m[0m
[  90% ] [90m[1mreimport[22m | ace5.png[39m[0m
[  90% ] [90m[1mreimport[22m | aceprof.png[39m[0m
[  90% ] [90m[1mreimport[22m | alt_prof_ace.png[39m[0m
[  90% ] [90m[1mreimport[22m | achillesprof.png[39m[0m
[  90% ] [90m[1mreimport[22m | acnologiaprof.png[39m[0m
[  90% ] [90m[1mreimport[22m | adam1.png[39m[0m
[  90% ] [90m[1mreimport[22m | adam2.png[39m[0m
[  90% ] [90m[1mreimport[22m | adam3.png[39m[0m
[  90% ] [90m[1mreimport[22m | adam4.png[39m[0m
[  90% ] [90m[1mreimport[22m | adam5.png[39m[0m
[  90% ] [90m[1mreimport[22m | adamprof.png[39m[0m
[  90% ] [90m[1mreimport[22m | zenitsu1.png[39m[0m
[  90% ] [90m[1mreimport[22m | zenitsu2.png[39m[0m
[  90% ] [90m[1mreimport[22m | zenitsu3.png[39m[0m
[  90% ] [90m[1mreimport[22m | zenitsu4.png[39m[0m
[  90% ] [90m[1mreimport[22m | zenitsuprof.png[39m[0m
[  90% ] [90m[1mreimport[22m | zenitsuprof_2.png[39m[0m
[  90% ] [90m[1mreimport[22m | agumonprof.png[39m[0m
[  90% ] [90m[1mreimport[22m | agunimonprof.png[39m[0m
[  90% ] [90m[1mreimport[22m | aiprof.png[39m[0m
[  90% ] [90m[1mreimport[22m | aiohto1.png[39m[0m
[  90% ] [90m[1mreimport[22m | aiohto2.png[39m[0m
[  90% ] [90m[1mreimport[22m | aiohto3.png[39m[0m
[  90% ] [90m[1mreimport[22m | aiohto4.png[39m[0m
[  91% ] [90m[1mreimport[22m | aiohto5.png[39m[0m
[  91% ] [90m[1mreimport[22m | aiohto6.png[39m[0m
[  91% ] [90m[1mreimport[22m | aiohtoprof.png[39m[0m
[  91% ] [90m[1mreimport[22m | playercard_mastery_gunha.png[39m[0m
[  91% ] [90m[1mreimport[22m | playercard_mastery_halibel.png[39m[0m
[  91% ] [90m[1mreimport[22m | playercard_mastery_hashirama.png[39m[0m
[  91% ] [90m[1mreimport[22m | playercard_mastery_hawkmon.png[39m[0m
[  91% ] [90m[1mreimport[22m | playercard_mastery_hinata.png[39m[0m
[  91% ] [90m[1mreimport[22m | playercard_mastery_hisoka.png[39m[0m
[  91% ] [90m[1mreimport[22m | playercard_mastery_horohoro.png[39m[0m
[  91% ] [90m[1mreimport[22m | playercard_mastery_ichibe.png[39m[0m
[  91% ] [90m[1mreimport[22m | playercard_mastery_ichigo.png[39m[0m
[  91% ] [90m[1mreimport[22m | playercard_mastery_inosuke.png[39m[0m
[  91% ] [90m[1mreimport[22m | playercard_mastery_inuyasha.png[39m[0m
[  91% ] [90m[1mreimport[22m | playercard_mastery_invincible.png[39m[0m
[  91% ] [90m[1mreimport[22m | playercard_mastery_itachi.png[39m[0m
[  91% ] [90m[1mreimport[22m | playercard_mastery_jack.png[39m[0m
[  91% ] [90m[1mreimport[22m | playercard_mastery_jaden.png[39m[0m
[  91% ] [90m[1mreimport[22m | playercard_mastery_jeanne.png[39m[0m
[  91% ] [90m[1mreimport[22m | playercard_mastery_jesse.png[39m[0m
[  91% ] [90m[1mreimport[22m | playercard_mastery_jupiter.png[39m[0m
[  91% ] [90m[1mreimport[22m | playercard_mastery_kaiba.png[39m[0m
[  91% ] [90m[1mreimport[22m | playercard_mastery_ken.png[39m[0m
[  91% ] [90m[1mreimport[22m | playercard_mastery_kid.png[39m[0m
[  91% ] [90m[1mreimport[22m | playercard_mastery_killua.png[39m[0m
[  91% ] [90m[1mreimport[22m | playercard_mastery_king.png[39m[0m
[  91% ] [90m[1mreimport[22m | playercard_mastery_koro.png[39m[0m
[  91% ] [90m[1mreimport[22m | playercard_mastery_korra.png[39m[0m
[  91% ] [90m[1mreimport[22m | playercard_mastery_kurapika.png[39m[0m
[  91% ] [90m[1mreimport[22m | playercard_mastery_kuroko.png[39m[0m
[  91% ] [90m[1mreimport[22m | playercard_mastery_blackstar.png[39m[0m
[  91% ] [90m[1mreimport[22m | playercard_mastery_boruto.png[39m[0m
[  91% ] [90m[1mreimport[22m | playercard_mastery_byakuya.png[39m[0m
[  91% ] [90m[1mreimport[22m | playercard_mastery_chrome.png[39m[0m
[  91% ] [90m[1mreimport[22m | playercard_mastery_cooler.png[39m[0m
[  92% ] [90m[1mreimport[22m | playercard_mastery_crona.png[39m[0m
[  92% ] [90m[1mreimport[22m | playercard_mastery_diane.png[39m[0m
[  92% ] [90m[1mreimport[22m | playercard_mastery_edward.png[39m[0m
[  92% ] [90m[1mreimport[22m | playercard_mastery_emiya.png[39m[0m
[  92% ] [90m[1mreimport[22m | playercard_mastery_emiyaarcher.png[39m[0m
[  92% ] [90m[1mreimport[22m | playercard_mastery_eren.png[39m[0m
[  92% ] [90m[1mreimport[22m | playercard_mastery_erza.png[39m[0m
[  92% ] [90m[1mreimport[22m | playercard_mastery_esdeath.png[39m[0m
[  92% ] [90m[1mreimport[22m | playercard_mastery_eve.png[39m[0m
[  92% ] [90m[1mreimport[22m | playercard_mastery_frankenstein.png[39m[0m
[  92% ] [90m[1mreimport[22m | playercard_mastery_frieren.png[39m[0m
[  92% ] [90m[1mreimport[22m | playercard_mastery_gallantmon.png[39m[0m
[  92% ] [90m[1mreimport[22m | playercard_mastery_ganta.png[39m[0m
[  92% ] [90m[1mreimport[22m | playercard_mastery_gatomon.png[39m[0m
[  92% ] [90m[1mreimport[22m | playercard_mastery_genos.png[39m[0m
[  92% ] [90m[1mreimport[22m | playercard_mastery_gilgamesh.png[39m[0m
[  92% ] [90m[1mreimport[22m | playercard_mastery_gogeta.png[39m[0m
[  92% ] [90m[1mreimport[22m | playercard_mastery_gohan.png[39m[0m
[  92% ] [90m[1mreimport[22m | playercard_mastery_gojo.png[39m[0m
[  92% ] [90m[1mreimport[22m | playercard_mastery_goku.png[39m[0m
[  92% ] [90m[1mreimport[22m | playercard_mastery_gon.png[39m[0m
[  92% ] [90m[1mreimport[22m | playercard_mastery_gray.png[39m[0m
[  92% ] [90m[1mreimport[22m | playercard_mastery_nezuko.png[39m[0m
[  92% ] [90m[1mreimport[22m | playercard_mastery_nimaiya.png[39m[0m
[  92% ] [90m[1mreimport[22m | playercard_mastery_nobara.png[39m[0m
[  92% ] [90m[1mreimport[22m | playercard_mastery_noelle.png[39m[0m
[  92% ] [90m[1mreimport[22m | playercard_mastery_nonon.png[39m[0m
[  92% ] [90m[1mreimport[22m | playercard_mastery_omniman.png[39m[0m
[  92% ] [90m[1mreimport[22m | playercard_mastery_omnimon.png[39m[0m
[  92% ] [90m[1mreimport[22m | playercard_mastery_orihime.png[39m[0m
[  92% ] [90m[1mreimport[22m | playercard_mastery_pegasus.png[39m[0m
[  92% ] [90m[1mreimport[22m | playercard_mastery_renamon.png[39m[0m
[  92% ] [90m[1mreimport[22m | playercard_mastery_rengoku.png[39m[0m
[  92% ] [90m[1mreimport[22m | playercard_mastery_rimuru.png[39m[0m
[  92% ] [90m[1mreimport[22m | playercard_mastery_rob.png[39m[0m
[  93% ] [90m[1mreimport[22m | playercard_mastery_ryohei.png[39m[0m
[  93% ] [90m[1mreimport[22m | playercard_mastery_ryuko.png[39m[0m
[  93% ] [90m[1mreimport[22m | playercard_mastery_saber.png[39m[0m
[  93% ] [90m[1mreimport[22m | playercard_mastery_saitama.png[39m[0m
[  93% ] [90m[1mreimport[22m | playercard_mastery_sakura.png[39m[0m
[  93% ] [90m[1mreimport[22m | playercard_mastery_sasuke.png[39m[0m
[  93% ] [90m[1mreimport[22m | playercard_mastery_satsuki.png[39m[0m
[  93% ] [90m[1mreimport[22m | playercard_mastery_saturn.png[39m[0m
[  93% ] [90m[1mreimport[22m | playercard_mastery_sayaka.png[39m[0m
[  93% ] [90m[1mreimport[22m | playercard_mastery_semiramis.png[39m[0m
[  93% ] [90m[1mreimport[22m | playercard_mastery_sheele.png[39m[0m
[  93% ] [90m[1mreimport[22m | playercard_mastery_shinoa.png[39m[0m
[  93% ] [90m[1mreimport[22m | playercard_mastery_shinra.png[39m[0m
[  93% ] [90m[1mreimport[22m | playercard_mastery_shiro.png[39m[0m
[  93% ] [90m[1mreimport[22m | playercard_mastery_kurotsuchi.png[39m[0m
[  93% ] [90m[1mreimport[22m | playercard_mastery_ladydevimon.png[39m[0m
[  93% ] [90m[1mreimport[22m | playercard_mastery_lizandpatty.png[39m[0m
[  93% ] [90m[1mreimport[22m | playercard_mastery_lucy.png[39m[0m
[  93% ] [90m[1mreimport[22m | playercard_mastery_luffy.png[39m[0m
[  93% ] [90m[1mreimport[22m | playercard_mastery_lyserg.png[39m[0m
[  93% ] [90m[1mreimport[22m | playercard_mastery_machinedramon.png[39m[0m
[  93% ] [90m[1mreimport[22m | playercard_mastery_madoka.png[39m[0m
[  93% ] [90m[1mreimport[22m | playercard_mastery_maka.png[39m[0m
[  93% ] [90m[1mreimport[22m | playercard_mastery_mami.png[39m[0m
[  93% ] [90m[1mreimport[22m | playercard_mastery_marco.png[39m[0m
[  93% ] [90m[1mreimport[22m | playercard_mastery_mars.png[39m[0m
[  93% ] [90m[1mreimport[22m | playercard_mastery_mash.png[39m[0m
[  93% ] [90m[1mreimport[22m | playercard_mastery_mavis.png[39m[0m
[  93% ] [90m[1mreimport[22m | playercard_mastery_megumi.png[39m[0m
[  93% ] [90m[1mreimport[22m | playercard_mastery_megumin.png[39m[0m
[  93% ] [90m[1mreimport[22m | playercard_mastery_meliodas.png[39m[0m
[  93% ] [90m[1mreimport[22m | playercard_mastery_mercury.png[39m[0m
[  93% ] [90m[1mreimport[22m | playercard_mastery_midoriya.png[39m[0m
[  93% ] [90m[1mreimport[22m | playercard_mastery_mikasa.png[39m[0m
[  93% ] [90m[1mreimport[22m | playercard_mastery_mine.png[39m[0m
[  94% ] [90m[1mreimport[22m | playercard_mastery_misaka.png[39m[0m
[  94% ] [90m[1mreimport[22m | playercard_mastery_muichiro.png[39m[0m
[  94% ] [90m[1mreimport[22m | playercard_mastery_myotismon.png[39m[0m
[  94% ] [90m[1mreimport[22m | playercard_mastery_nagisa.png[39m[0m
[  94% ] [90m[1mreimport[22m | playercard_mastery_naruto.png[39m[0m
[  94% ] [90m[1mreimport[22m | playercard_mastery_natsu.png[39m[0m
[  94% ] [90m[1mreimport[22m | playercard_mastery_neferpitou.png[39m[0m
[  94% ] [90m[1mreimport[22m | blackwargreymon4.png[39m[0m
[  94% ] [90m[1mreimport[22m | blackwargreymon5.png[39m[0m
[  94% ] [90m[1mreimport[22m | blackwargreymonprof.png[39m[0m
[  94% ] [90m[1mreimport[22m | blueprof.png[39m[0m
[  94% ] [90m[1mreimport[22m | bluebeardprof.png[39m[0m
[  94% ] [90m[1mreimport[22m | bluebellprof.png[39m[0m
[  94% ] [90m[1mreimport[22m | bojackprof.png[39m[0m
[  94% ] [90m[1mreimport[22m | bolinprof.png[39m[0m
[  94% ] [90m[1mreimport[22m | borosprof.png[39m[0m
[  94% ] [90m[1mreimport[22m | borsprof.png[39m[0m
[  94% ] [90m[1mreimport[22m | broly1.png[39m[0m
[  94% ] [90m[1mreimport[22m | broly2.png[39m[0m
[  94% ] [90m[1mreimport[22m | broly3.png[39m[0m
[  94% ] [90m[1mreimport[22m | broly4.png[39m[0m
[  94% ] [90m[1mreimport[22m | broly5.png[39m[0m
[  94% ] [90m[1mreimport[22m | broly6.png[39m[0m
[  94% ] [90m[1mreimport[22m | brolyprof.png[39m[0m
[  94% ] [90m[1mreimport[22m | buddhaprof.png[39m[0m
[  94% ] [90m[1mreimport[22m | ashprof.png[39m[0m
[  94% ] [90m[1mreimport[22m | bulb.png[39m[0m
[  94% ] [90m[1mreimport[22m | bulbasaur1.PNG[39m[0m
[  94% ] [90m[1mreimport[22m | bulbasaur2.png[39m[0m
[  94% ] [90m[1mreimport[22m | bulbasaur3.png[39m[0m
[  94% ] [90m[1mreimport[22m | bulbasaur4.png[39m[0m
[  94% ] [90m[1mreimport[22m | bulbasaur5.png[39m[0m
[  94% ] [90m[1mreimport[22m | bulbasaurprof.png[39m[0m
[  94% ] [90m[1mreimport[22m | charmander.png[39m[0m
[  94% ] [90m[1mreimport[22m | battlebeastprof.png[39m[0m
[  95% ] [90m[1mreimport[22m | beamprof.png[39m[0m
[  95% ] [90m[1mreimport[22m | beatriceprof.png[39m[0m
[  95% ] [90m[1mreimport[22m | beatrixprof.png[39m[0m
[  95% ] [90m[1mreimport[22m | beelzebubprof.png[39m[0m
[  95% ] [90m[1mreimport[22m | beerusprof.png[39m[0m
[  95% ] [90m[1mreimport[22m | beetlemonprof.png[39m[0m
[  95% ] [90m[1mreimport[22m | belphegorprof.png[39m[0m
[  95% ] [90m[1mreimport[22m | benimaruffprof.png[39m[0m
[  95% ] [90m[1mreimport[22m | bertoltprof.png[39m[0m
[  95% ] [90m[1mreimport[22m | jeanistprof.png[39m[0m
[  95% ] [90m[1mreimport[22m | bg9prof.png[39m[0m
[  95% ] [90m[1mreimport[22m | bickslowprof.png[39m[0m
[  95% ] [90m[1mreimport[22m | bigmomprof.png[39m[0m
[  95% ] [90m[1mreimport[22m | biscuitprof.png[39m[0m
[  95% ] [90m[1mreimport[22m | biyomonprof.png[39m[0m
[  95% ] [90m[1mreimport[22m | alt_prof_blackstar.png[39m[0m
[  95% ] [90m[1mreimport[22m | blackstar2.png[39m[0m
[  95% ] [90m[1mreimport[22m | blackstar3.png[39m[0m
[  95% ] [90m[1mreimport[22m | blackstar4.png[39m[0m
[  95% ] [90m[1mreimport[22m | blackstar5.png[39m[0m
[  95% ] [90m[1mreimport[22m | blackstar6.png[39m[0m
[  95% ] [90m[1mreimport[22m | blackstar8.png[39m[0m
[  95% ] [90m[1mreimport[22m | blackstarprof.png[39m[0m
[  95% ] [90m[1mreimport[22m | blackwargreymon1.png[39m[0m
[  95% ] [90m[1mreimport[22m | blackwargreymon2.png[39m[0m
[  95% ] [90m[1mreimport[22m | blackwargreymon3.png[39m[0m
[  95% ] [90m[1mreimport[22m | cell5.png[39m[0m
[  95% ] [90m[1mreimport[22m | cell6.png[39m[0m
[  95% ] [90m[1mreimport[22m | cell7.png[39m[0m
[  95% ] [90m[1mreimport[22m | cell8.png[39m[0m
[  95% ] [90m[1mreimport[22m | cellaltprof1.png[39m[0m
[  95% ] [90m[1mreimport[22m | cellaltprof.png[39m[0m
[  95% ] [90m[1mreimport[22m | cellprof.png[39m[0m
[  95% ] [90m[1mreimport[22m | cellwarprof.png[39m[0m
[  95% ] [90m[1mreimport[22m | chaprof.png[39m[0m
[  96% ] [90m[1mreimport[22m | chandlerprof.png[39m[0m
[  96% ] [90m[1mreimport[22m | katakuriprof.png[39m[0m
[  96% ] [90m[1mreimport[22m | charlotteprof.png[39m[0m
[  96% ] [90m[1mreimport[22m | charmander1.png[39m[0m
[  96% ] [90m[1mreimport[22m | charmander2.png[39m[0m
[  96% ] [90m[1mreimport[22m | charmander3.png[39m[0m
[  96% ] [90m[1mreimport[22m | charmander4.png[39m[0m
[  96% ] [90m[1mreimport[22m | charmander5.png[39m[0m
[  96% ] [90m[1mreimport[22m | charmander6.png[39m[0m
[  96% ] [90m[1mreimport[22m | charmanderprof.png[39m[0m
[  96% ] [90m[1mreimport[22m | charmyprof.png[39m[0m
[  96% ] [90m[1mreimport[22m | charonprof.png[39m[0m
[  96% ] [90m[1mreimport[22m | chelseaprof.png[39m[0m
[  96% ] [90m[1mreimport[22m | chiaotzuprof.png[39m[0m
[  96% ] [90m[1mreimport[22m | childemperorprof.png[39m[0m
[  96% ] [90m[1mreimport[22m | choiprof.png[39m[0m
[  96% ] [90m[1mreimport[22m | chojiprof.png[39m[0m
[  96% ] [90m[1mreimport[22m | chosoprof.png[39m[0m
[  96% ] [90m[1mreimport[22m | leech.png[39m[0m
[  96% ] [90m[1mreimport[22m | leechseed.png[39m[0m
[  96% ] [90m[1mreimport[22m | pija.png[39m[0m
[  96% ] [90m[1mreimport[22m | pokedex.PNG[39m[0m
[  96% ] [90m[1mreimport[22m | return.PNG[39m[0m
[  96% ] [90m[1mreimport[22m | squirtle.png[39m[0m
[  96% ] [90m[1mreimport[22m | burterprof.png[39m[0m
[  96% ] [90m[1mreimport[22m | byakuranprof.png[39m[0m
[  96% ] [90m[1mreimport[22m | alt_prof_byakuya.png[39m[0m
[  96% ] [90m[1mreimport[22m | byakuya1.png[39m[0m
[  96% ] [90m[1mreimport[22m | byakuya2.png[39m[0m
[  96% ] [90m[1mreimport[22m | byakuya3.png[39m[0m
[  96% ] [90m[1mreimport[22m | byakuya4.png[39m[0m
[  96% ] [90m[1mreimport[22m | byakuyaalt1.png[39m[0m
[  96% ] [90m[1mreimport[22m | byakuyaalt2.png[39m[0m
[  96% ] [90m[1mreimport[22m | byakuyaprof.png[39m[0m
[  96% ] [90m[1mreimport[22m | senka.png[39m[0m
[  97% ] [90m[1mreimport[22m | canaprof.png[39m[0m
[  97% ] [90m[1mreimport[22m | candiceprof.png[39m[0m
[  97% ] [90m[1mreimport[22m | cangprof.png[39m[0m
[  97% ] [90m[1mreimport[22m | capellaprof.png[39m[0m
[  97% ] [90m[1mreimport[22m | capricoprof.png[39m[0m
[  97% ] [90m[1mreimport[22m | carrionprof.png[39m[0m
[  97% ] [90m[1mreimport[22m | cecilprof.png[39m[0m
[  97% ] [90m[1mreimport[22m | cell1.png[39m[0m
[  97% ] [90m[1mreimport[22m | cell2.png[39m[0m
[  97% ] [90m[1mreimport[22m | cell3.png[39m[0m
[  97% ] [90m[1mreimport[22m | cell4.png[39m[0m
[  97% ] [90m[1mreimport[22m | angstromprof.png[39m[0m
[  97% ] [90m[1mreimport[22m | annieprof.png[39m[0m
[  97% ] [90m[1mreimport[22m | gaia1.png[39m[0m
[  97% ] [90m[1mreimport[22m | gaia2.png[39m[0m
[  97% ] [90m[1mreimport[22m | gaia5.png[39m[0m
[  97% ] [90m[1mreimport[22m | gaiaprof.png[39m[0m
[  97% ] [90m[1mreimport[22m | pyrrhaprof.png[39m[0m
[  97% ] [90m[1mreimport[22m | riverdaughterprof.png[39m[0m
[  97% ] [90m[1mreimport[22m | sayaprof.png[39m[0m
[  97% ] [90m[1mreimport[22m | aokijiprof.png[39m[0m
[  97% ] [90m[1mreimport[22m | apocalymonprof.png[39m[0m
[  97% ] [90m[1mreimport[22m | apolloprof.png[39m[0m
[  97% ] [90m[1mreimport[22m | arachneprof.png[39m[0m
[  97% ] [90m[1mreimport[22m | armadillomonprof.png[39m[0m
[  97% ] [90m[1mreimport[22m | arminprof.png[39m[0m
[  97% ] [90m[1mreimport[22m | arthur1.png[39m[0m
[  97% ] [90m[1mreimport[22m | arthur2.png[39m[0m
[  97% ] [90m[1mreimport[22m | arthur3.png[39m[0m
[  97% ] [90m[1mreimport[22m | arthur4.png[39m[0m
[  97% ] [90m[1mreimport[22m | arthur5.png[39m[0m
[  97% ] [90m[1mreimport[22m | arthurprof.png[39m[0m
[  97% ] [90m[1mreimport[22m | arthursdsprof.png[39m[0m
[  97% ] [90m[1mreimport[22m | asprof.png[39m[0m
[  97% ] [90m[1mreimport[22m | yoh1.png[39m[0m
[  98% ] [90m[1mreimport[22m | yoh2.png[39m[0m
[  98% ] [90m[1mreimport[22m | yoh3.png[39m[0m
[  98% ] [90m[1mreimport[22m | yoh4.png[39m[0m
[  98% ] [90m[1mreimport[22m | alphamon1.png[39m[0m
[  98% ] [90m[1mreimport[22m | alphamon2.png[39m[0m
[  98% ] [90m[1mreimport[22m | alphamon3.png[39m[0m
[  98% ] [90m[1mreimport[22m | alphamon4.png[39m[0m
[  98% ] [90m[1mreimport[22m | alphamon5.png[39m[0m
[  98% ] [90m[1mreimport[22m | alphamonprof.png[39m[0m
[  98% ] [90m[1mreimport[22m | alphonse1.png[39m[0m
[  98% ] [90m[1mreimport[22m | alphonse2.png[39m[0m
[  98% ] [90m[1mreimport[22m | alphonse3.png[39m[0m
[  98% ] [90m[1mreimport[22m | alphonse4.png[39m[0m
[  98% ] [90m[1mreimport[22m | alphonse5.png[39m[0m
[  98% ] [90m[1mreimport[22m | alphonseprof.png[39m[0m
[  98% ] [90m[1mreimport[22m | alt_prof_alphonse.png[39m[0m
[  98% ] [90m[1mreimport[22m | amoprof.png[39m[0m
[  98% ] [90m[1mreimport[22m | amonprof.png[39m[0m
[  98% ] [90m[1mreimport[22m | android8prof.png[39m[0m
[  98% ] [90m[1mreimport[22m | android13prof.png[39m[0m
[  98% ] [90m[1mreimport[22m | android16prof.png[39m[0m
[  98% ] [90m[1mreimport[22m | seventeen1.png[39m[0m
[  98% ] [90m[1mreimport[22m | seventeen2.png[39m[0m
[  98% ] [90m[1mreimport[22m | seventeen3.png[39m[0m
[  98% ] [90m[1mreimport[22m | seventeen4.png[39m[0m
[  98% ] [90m[1mreimport[22m | seventeen5.png[39m[0m
[  98% ] [90m[1mreimport[22m | seventeenprof.png[39m[0m
[  98% ] [90m[1mreimport[22m | android18prof.png[39m[0m
[  98% ] [90m[1mreimport[22m | android19prof.png[39m[0m
[  98% ] [90m[1mreimport[22m | angelprof.png[39m[0m
[  98% ] [90m[1mreimport[22m | angeldevilprof.png[39m[0m
[  98% ] [90m[1mreimport[22m | atomeve_mastery5.png[39m[0m
[  98% ] [90m[1mreimport[22m | profile_mastery_atomeve.png[39m[0m
[  98% ] [90m[1mreimport[22m | atomicprof.png[39m[0m
[  98% ] [90m[1mreimport[22m | ayatoprof.png[39m[0m
[  99% ] [90m[1mreimport[22m | azulaprof.png[39m[0m
[  99% ] [90m[1mreimport[22m | azumaprof.png[39m[0m
[  99% ] [90m[1mreimport[22m | babidiprof.png[39m[0m
[  99% ] [90m[1mreimport[22m | bacchusprof.png[39m[0m
[  99% ] [90m[1mreimport[22m | baekprof.png[39m[0m
[  99% ] [90m[1mreimport[22m | baihumonprof.png[39m[0m
[  99% ] [90m[1mreimport[22m | bakiprof.png[39m[0m
[  99% ] [90m[1mreimport[22m | bakuraprof.png[39m[0m
[  99% ] [90m[1mreimport[22m | bambiettaprof.png[39m[0m
[  99% ] [90m[1mreimport[22m | alt_prof_ban.png[39m[0m
[  99% ] [90m[1mreimport[22m | ban1.png[39m[0m
[  99% ] [90m[1mreimport[22m | ban2.png[39m[0m
[  99% ] [90m[1mreimport[22m | ban3.png[39m[0m
[  99% ] [90m[1mreimport[22m | ban4.png[39m[0m
[  99% ] [90m[1mreimport[22m | ban5.png[39m[0m
[  99% ] [90m[1mreimport[22m | ban6.png[39m[0m
[  99% ] [90m[1mreimport[22m | banprof.png[39m[0m
[  99% ] [90m[1mreimport[22m | bans2.png[39m[0m
[  99% ] [90m[1mreimport[22m | keithprof.png[39m[0m
[  99% ] [90m[1mreimport[22m | bardockprof.png[39m[0m
[  99% ] [90m[1mreimport[22m | barraganprof.png[39m[0m
[  99% ] [90m[1mreimport[22m | kumaprof.png[39m[0m
[  99% ] [90m[1mreimport[22m | basilprof.png[39m[0m
[  99% ] [90m[1mreimport[22m | yoh5.png[39m[0m
[  99% ] [90m[1mreimport[22m | yoh6.png[39m[0m
[  99% ] [90m[1mreimport[22m | yohprof.png[39m[0m
[  99% ] [90m[1mreimport[22m | asta1.png[39m[0m
[  99% ] [90m[1mreimport[22m | asta2.png[39m[0m
[  99% ] [90m[1mreimport[22m | asta3.png[39m[0m
[  99% ] [90m[1mreimport[22m | asta4.png[39m[0m
[  99% ] [90m[1mreimport[22m | astaprof.png[39m[0m
[  99% ] [90m[1mreimport[22m | profile_mastery_asta.png[39m[0m
[  99% ] [90m[1mreimport[22m | astolfo1.png[39m[0m
[  99% ] [90m[1mreimport[22m | Finalizing Asset Import...[39m[0m
[92m[ DONE ][39m [1mreimport[22m
[0m
[   0% ] [90m[1mreimport[22m | Started (Re)Importing Assets (3492 steps)[39m[0m
[   0% ] [90m[1mreimport[22m | Executing post-reimport operations...[39m[0m
[92m[ DONE ][39m [1mreimport[22m
[0m
[   0% ] [90m[1mloading_editor_layout[22m | Started Loading editor (5 steps)[39m[0m
[   0% ] [90m[1mloading_editor_layout[22m | Loading editor layout...[39m[0m
[  16% ] [90m[1mloading_editor_layout[22m | Loading docks...[39m[0m
[  33% ] [90m[1mloading_editor_layout[22m | Reopening scenes...[39m[0m
[  50% ] [90m[1mloading_editor_layout[22m | Loading central editor layout...[39m[0m
[  66% ] [90m[1mloading_editor_layout[22m | Loading plugin window layout...[39m[0m
